2026-06-05 18:20:05.908 +03:00 [WRN] You do not have a valid license key for the Lucky Penny software AutoMapper. This is allowed for development and testing scenarios. If you are running in production you are required to have a licensed version. Please visit https://luckypennysoftware.com to obtain a valid license.
2026-06-05 18:20:17.758 +03:00 [DBG] An 'IServiceProvider' was created for internal use by Entity Framework.
2026-06-05 18:20:18.147 +03:00 [DBG] Entity Framework Core 9.0.7 initialized 'JournalAppDbContext' using provider 'Microsoft.EntityFrameworkCore.Sqlite:9.0.7' with options: None
2026-06-05 18:20:18.179 +03:00 [DBG] Compiling query expression: 
'DbSet<User>()
    .Include(u => u.Journals)
    .FirstOrDefault(u => u.UserName == __userName_0)'
2026-06-05 18:20:18.208 +03:00 [DBG] Including navigation: 'User.Journals'.
2026-06-05 18:20:18.352 +03:00 [DBG] Generated query execution expression: 
'queryContext => ShapedQueryCompilingExpressionVisitor.SingleOrDefaultAsync<User>(
    asyncEnumerable: SingleQueryingEnumerable.Create<User>(
        relationalQueryContext: (RelationalQueryContext)queryContext, 
        relationalCommandResolver: parameters => [LIFTABLE Constant: RelationalCommandCache.QueryExpression(
            Client Projections:
                0 -> Dictionary<IProperty, int> { [Property: User.Id (int) Required PK AfterSave:Throw ValueGenerated.OnAdd, 0], [Property: User.Password (string) Required, 1], [Property: User.UserName (string) Required, 2] }
                1 -> 0
                2 -> Dictionary<IProperty, int> { [Property: Journal.Id (int) Required PK AfterSave:Throw ValueGenerated.OnAdd, 3], [Property: Journal.Content (string) Required, 4], [Property: Journal.Images (List<string>) Required Element type: string Required, 5], [Property: Journal.Title (string) Required, 6], [Property: Journal.UserId (int) Required FK Index, 7] }
                3 -> 3
            SELECT u0.Id, u0.Password, u0.UserName, j.Id, j.Content, j.Images, j.Title, j.UserId
            FROM 
            (
                SELECT TOP(1) u.Id, u.Password, u.UserName
                FROM Users AS u
                WHERE u.UserName == @__userName_0
            ) AS u0
            LEFT JOIN Journals AS j ON u0.Id == j.UserId
            ORDER BY u0.Id ASC) | Resolver: c => new RelationalCommandCache(
            c.Dependencies.MemoryCache, 
            c.RelationalDependencies.QuerySqlGeneratorFactory, 
            c.RelationalDependencies.RelationalParameterBasedSqlProcessorFactory, 
            Client Projections:
                0 -> Dictionary<IProperty, int> { [Property: User.Id (int) Required PK AfterSave:Throw ValueGenerated.OnAdd, 0], [Property: User.Password (string) Required, 1], [Property: User.UserName (string) Required, 2] }
                1 -> 0
                2 -> Dictionary<IProperty, int> { [Property: Journal.Id (int) Required PK AfterSave:Throw ValueGenerated.OnAdd, 3], [Property: Journal.Content (string) Required, 4], [Property: Journal.Images (List<string>) Required Element type: string Required, 5], [Property: Journal.Title (string) Required, 6], [Property: Journal.UserId (int) Required FK Index, 7] }
                3 -> 3
            SELECT u0.Id, u0.Password, u0.UserName, j.Id, j.Content, j.Images, j.Title, j.UserId
            FROM 
            (
                SELECT TOP(1) u.Id, u.Password, u.UserName
                FROM Users AS u
                WHERE u.UserName == @__userName_0
            ) AS u0
            LEFT JOIN Journals AS j ON u0.Id == j.UserId
            ORDER BY u0.Id ASC, 
            False, 
            new HashSet<string>(
                new string[]{ }, 
                StringComparer.Ordinal
            )
        )].GetRelationalCommandTemplate(parameters), 
        readerColumns: null, 
        shaper: (queryContext, dataReader, resultContext, resultCoordinator) => 
        {
            resultContext.Values == null ? 
            {
                User entity;
                entity = 
                {
                    MaterializationContext materializationContext1;
                    IEntityType entityType1;
                    User instance1;
                    InternalEntityEntry entry1;
                    bool hasNullKey1;
                    materializationContext1 = new MaterializationContext(
                        [LIFTABLE Constant: ValueBuffer | Resolver: _ => (object)ValueBuffer.Empty], 
                        queryContext.Context
                    );
                    instance1 = default(User);
                    entry1 = queryContext.TryGetEntry(
                        key: [LIFTABLE Constant: Key: User.Id PK | Resolver: c => c.Dependencies.Model.FindEntityType("JournalApp.Domain.User.User").FindPrimaryKey()], 
                        keyValues: new object[]{ (object)dataReader.GetInt32(0) }, 
                        throwOnNullKey: True, 
                        hasNullKey: hasNullKey1);
                    !(hasNullKey1) ? entry1 != default(InternalEntityEntry) ? 
                    {
                        entityType1 = entry1.EntityType;
                        return instance1 = (User)entry1.Entity;
                    } : 
                    {
                        ISnapshot shadowSnapshot1;
                        shadowSnapshot1 = [LIFTABLE Constant: Snapshot | Resolver: _ => Snapshot.Empty];
                        entityType1 = [LIFTABLE Constant: EntityType: User | Resolver: namelessParameter{0} => namelessParameter{0}.Dependencies.Model.FindEntityType("JournalApp.Domain.User.User")];
                        instance1 = switch (entityType1)
                        {
                            case [LIFTABLE Constant: EntityType: User | Resolver: namelessParameter{1} => namelessParameter{1}.Dependencies.Model.FindEntityType("JournalApp.Domain.User.User")]: 
                                {
                                    return 
                                    {
                                        User instance;
                                        instance = new User();
                                        instance.<Id>k__BackingField = dataReader.GetInt32(0);
                                        instance.<Password>k__BackingField = dataReader.GetString(1);
                                        instance.<UserName>k__BackingField = dataReader.GetString(2);
                                        (instance is IInjectableService) ? ((IInjectableService)instance).Injected(
                                            context: materializationContext1.Context, 
                                            entity: instance, 
                                            queryTrackingBehavior: TrackAll, 
                                            structuralType: [LIFTABLE Constant: EntityType: User | Resolver: namelessParameter{2} => namelessParameter{2}.Dependencies.Model.FindEntityType("JournalApp.Domain.User.User")]) : default(void);
                                        return instance;
                                    }}
                            default: 
                                default(User)
                        }
                        ;
                        entry1 = entityType1 == default(IEntityType) ? default(InternalEntityEntry) : queryContext.StartTracking(
                            entityType: entityType1, 
                            entity: instance1, 
                            snapshot: shadowSnapshot1);
                        return instance1;
                    } : default(void);
                    return instance1;
                };
                resultContext.Values = new object[]{ entity };
                ShaperProcessingExpressionVisitor.InitializeIncludeCollection<User, User>(
                    collectionId: 0, 
                    queryContext: queryContext, 
                    dbDataReader: dataReader, 
                    resultCoordinator: resultCoordinator, 
                    entity: (User)(resultContext.Values[0]), 
                    parentIdentifier: [LIFTABLE Constant: Func<QueryContext, DbDataReader, object[]> | Resolver: _ => (queryContext, dataReader) => new object[]{ (object)(int?)dataReader.GetInt32(0) }], 
                    outerIdentifier: [LIFTABLE Constant: Func<QueryContext, DbDataReader, object[]> | Resolver: _ => (queryContext, dataReader) => new object[]{ (object)(int?)dataReader.GetInt32(0) }], 
                    navigation: [LIFTABLE Constant: Navigation: User.Journals (List<Journal>) Collection ToDependent Journal Inverse: User | Resolver: namelessParameter{3} => namelessParameter{3}.Dependencies.Model.FindEntityType("JournalApp.Domain.User.User").FindNavigation("Journals")], 
                    clrCollectionAccessor: [LIFTABLE Constant: ClrICollectionAccessor<User, List<Journal>, Journal> | Resolver: namelessParameter{4} => namelessParameter{4}.Dependencies.Model.FindEntityType("JournalApp.Domain.User.User").FindNavigation("Journals").GetCollectionAccessor()], 
                    trackingQuery: True, 
                    setLoaded: True);
            } : default(void);
            ShaperProcessingExpressionVisitor.PopulateIncludeCollection<User, Journal>(
                collectionId: 0, 
                queryContext: queryContext, 
                dbDataReader: dataReader, 
                resultCoordinator: resultCoordinator, 
                parentIdentifier: [LIFTABLE Constant: Func<QueryContext, DbDataReader, object[]> | Resolver: _ => (queryContext, dataReader) => new object[]{ (object)(int?)dataReader.GetInt32(0) }], 
                outerIdentifier: [LIFTABLE Constant: Func<QueryContext, DbDataReader, object[]> | Resolver: _ => (queryContext, dataReader) => new object[]{ (object)(int?)dataReader.GetInt32(0) }], 
                selfIdentifier: [LIFTABLE Constant: Func<QueryContext, DbDataReader, object[]> | Resolver: _ => (queryContext, dataReader) => new object[]{ (object)dataReader.IsDBNull(3) ? default(int?) : (int?)dataReader.GetInt32(3) }], 
                parentIdentifierValueComparers: [LIFTABLE Constant: Func<object, object, bool>[] { Func<object, object, bool> } | Resolver: _ => new Func<object, object, bool>[]{ (left, right) => left == null ? right == null : right != null && (int)left == (int)right }], 
                outerIdentifierValueComparers: [LIFTABLE Constant: Func<object, object, bool>[] { Func<object, object, bool> } | Resolver: _ => new Func<object, object, bool>[]{ (left, right) => left == null ? right == null : right != null && (int)left == (int)right }], 
                selfIdentifierValueComparers: [LIFTABLE Constant: Func<object, object, bool>[] { Func<object, object, bool> } | Resolver: _ => new Func<object, object, bool>[]{ (left, right) => left == null ? right == null : right != null && (int)left == (int)right }], 
                innerShaper: (queryContext, dataReader, resultContext, resultCoordinator) => 
                {
                    Journal entity;
                    entity = 
                    {
                        MaterializationContext materializationContext2;
                        IEntityType entityType2;
                        Journal instance2;
                        InternalEntityEntry entry2;
                        bool hasNullKey2;
                        materializationContext2 = new MaterializationContext(
                            [LIFTABLE Constant: ValueBuffer | Resolver: _ => (object)ValueBuffer.Empty], 
                            queryContext.Context
                        );
                        instance2 = default(Journal);
                        entry2 = queryContext.TryGetEntry(
                            key: [LIFTABLE Constant: Key: Journal.Id PK | Resolver: c => c.Dependencies.Model.FindEntityType("JournalApp.Domain.Journal.Journal").FindPrimaryKey()], 
                            keyValues: new object[]{ dataReader.IsDBNull(3) ? default(object) : (object)dataReader.GetInt32(3) }, 
                            throwOnNullKey: False, 
                            hasNullKey: hasNullKey2);
                        !(hasNullKey2) ? entry2 != default(InternalEntityEntry) ? 
                        {
                            entityType2 = entry2.EntityType;
                            return instance2 = (Journal)entry2.Entity;
                        } : 
                        {
                            ISnapshot shadowSnapshot2;
                            shadowSnapshot2 = [LIFTABLE Constant: Snapshot | Resolver: _ => Snapshot.Empty];
                            entityType2 = [LIFTABLE Constant: EntityType: Journal | Resolver: namelessParameter{5} => namelessParameter{5}.Dependencies.Model.FindEntityType("JournalApp.Domain.Journal.Journal")];
                            instance2 = switch (entityType2)
                            {
                                case [LIFTABLE Constant: EntityType: Journal | Resolver: namelessParameter{6} => namelessParameter{6}.Dependencies.Model.FindEntityType("JournalApp.Domain.Journal.Journal")]: 
                                    {
                                        return 
                                        {
                                            Journal instance;
                                            instance = new Journal();
                                            instance.<Id>k__BackingField = dataReader.IsDBNull(3) ? default(int) : dataReader.GetInt32(3);
                                            instance.<Content>k__BackingField = dataReader.IsDBNull(4) ? default(string) : dataReader.GetString(4);
                                            {
                                                List<string> namelessParameter{7};
                                                namelessParameter{7} = instance.<Images>k__BackingField;
                                                namelessParameter{7} == null || dataReader.IsDBNull(5) ? default(List<string>) : (List<string>)Invoke(((CollectionToJsonStringConverter<string>)((IReadOnlyProperty)[LIFTABLE Constant: Property: Journal.Images (List<string>) Required Element type: string Required | Resolver: namelessParameter{8} => namelessParameter{8}.Dependencies.Model.FindEntityType("JournalApp.Domain.Journal.Journal").FindProperty("Images")]).GetTypeMapping().Converter).ConvertFromProviderTyped, dataReader.GetString(5)) == null || namelessParameter{7}.IsReadOnly ? instance.<Images>k__BackingField = dataReader.IsDBNull(5) ? default(List<string>) : (List<string>)Invoke(((CollectionToJsonStringConverter<string>)((IReadOnlyProperty)[LIFTABLE Constant: Property: Journal.Images (List<string>) Required Element type: string Required | Resolver: namelessParameter{9} => namelessParameter{9}.Dependencies.Model.FindEntityType("JournalApp.Domain.Journal.Journal").FindProperty("Images")]).GetTypeMapping().Converter).ConvertFromProviderTyped, dataReader.GetString(5)) : EntityMaterializerSource.PopulateList<string>(
                                                    buffer: dataReader.IsDBNull(5) ? default(List<string>) : (List<string>)Invoke(((CollectionToJsonStringConverter<string>)((IReadOnlyProperty)[LIFTABLE Constant: Property: Journal.Images (List<string>) Required Element type: string Required | Resolver: namelessParameter{10} => namelessParameter{10}.Dependencies.Model.FindEntityType("JournalApp.Domain.Journal.Journal").FindProperty("Images")]).GetTypeMapping().Converter).ConvertFromProviderTyped, dataReader.GetString(5)), 
                                                    target: namelessParameter{7});
                                            }instance.<Title>k__BackingField = dataReader.IsDBNull(6) ? default(string) : dataReader.GetString(6);
                                            instance.<UserId>k__BackingField = dataReader.IsDBNull(7) ? default(int) : dataReader.GetInt32(7);
                                            (instance is IInjectableService) ? ((IInjectableService)instance).Injected(
                                                context: materializationContext2.Context, 
                                                entity: instance, 
                                                queryTrackingBehavior: TrackAll, 
                                                structuralType: [LIFTABLE Constant: EntityType: Journal | Resolver: namelessParameter{11} => namelessParameter{11}.Dependencies.Model.FindEntityType("JournalApp.Domain.Journal.Journal")]) : default(void);
                                            return instance;
                                        }}
                                default: 
                                    default(Journal)
                            }
                            ;
                            entry2 = entityType2 == default(IEntityType) ? default(InternalEntityEntry) : queryContext.StartTracking(
                                entityType: entityType2, 
                                entity: instance2, 
                                snapshot: shadowSnapshot2);
                            return instance2;
                        } : default(void);
                        return instance2;
                    };
                    return entity;
                }, 
                inverseNavigation: [LIFTABLE Constant: Navigation: Journal.User (User) ToPrincipal User Inverse: Journals | Resolver: namelessParameter{12} => namelessParameter{12}.Dependencies.Model.FindEntityType("JournalApp.Domain.Journal.Journal").FindNavigation("User")], 
                fixup: (namelessParameter{13}, namelessParameter{14}) => 
                {
                    [LIFTABLE Constant: ClrICollectionAccessor<User, List<Journal>, Journal> | Resolver: namelessParameter{15} => namelessParameter{15}.Dependencies.Model.FindEntityType("JournalApp.Domain.User.User").FindNavigation("Journals").GetCollectionAccessor()].Add(
                        entity: namelessParameter{13}, 
                        value: namelessParameter{14}, 
                        forMaterialization: True);
                    return namelessParameter{14}.<User>k__BackingField = namelessParameter{13};
                }, 
                trackingQuery: True);
            return IsTrue(resultCoordinator.ResultReady)
             ? (User)(resultContext.Values[0]) : default(User);
        }, 
        contextType: JournalApp.Infrastructure.JournalAppDbContext, 
        standAloneStateManager: False, 
        detailedErrorsEnabled: False, 
        threadSafetyChecksEnabled: True), 
    cancellationToken: queryContext.CancellationToken)'
2026-06-05 18:20:18.378 +03:00 [DBG] Creating DbConnection.
2026-06-05 18:20:18.385 +03:00 [DBG] Created DbConnection. (6ms).
2026-06-05 18:20:18.389 +03:00 [DBG] Opening connection to database 'main' on server '/Users/sgrancharov/dev/dotnet/JournalApp/JournalApp/JournalApp.Infrastructure/JournalApp.db'.
2026-06-05 18:20:18.396 +03:00 [DBG] Opened connection to database 'main' on server '/Users/sgrancharov/dev/dotnet/JournalApp/JournalApp/JournalApp.Infrastructure/JournalApp.db'.
2026-06-05 18:20:18.399 +03:00 [DBG] Creating DbCommand for 'ExecuteReader'.
2026-06-05 18:20:18.403 +03:00 [DBG] Created DbCommand for 'ExecuteReader' (1ms).
2026-06-05 18:20:18.404 +03:00 [DBG] Initialized DbCommand for 'ExecuteReader' (5ms).
2026-06-05 18:20:18.409 +03:00 [DBG] Executing DbCommand [Parameters=[@__userName_0='?' (Size = 7)], CommandType='"Text"', CommandTimeout='30']
SELECT "u0"."Id", "u0"."Password", "u0"."UserName", "j"."Id", "j"."Content", "j"."Images", "j"."Title", "j"."UserId"
FROM (
    SELECT "u"."Id", "u"."Password", "u"."UserName"
    FROM "Users" AS "u"
    WHERE "u"."UserName" = @__userName_0
    LIMIT 1
) AS "u0"
LEFT JOIN "Journals" AS "j" ON "u0"."Id" = "j"."UserId"
ORDER BY "u0"."Id"
2026-06-05 18:20:18.424 +03:00 [INF] Executed DbCommand (13ms) [Parameters=[@__userName_0='?' (Size = 7)], CommandType='"Text"', CommandTimeout='30']
SELECT "u0"."Id", "u0"."Password", "u0"."UserName", "j"."Id", "j"."Content", "j"."Images", "j"."Title", "j"."UserId"
FROM (
    SELECT "u"."Id", "u"."Password", "u"."UserName"
    FROM "Users" AS "u"
    WHERE "u"."UserName" = @__userName_0
    LIMIT 1
) AS "u0"
LEFT JOIN "Journals" AS "j" ON "u0"."Id" = "j"."UserId"
ORDER BY "u0"."Id"
2026-06-05 18:20:18.444 +03:00 [DBG] Context 'JournalAppDbContext' started tracking 'User' entity. Consider using 'DbContextOptionsBuilder.EnableSensitiveDataLogging' to see key values.
2026-06-05 18:20:18.464 +03:00 [DBG] Context 'JournalAppDbContext' started tracking 'Journal' entity. Consider using 'DbContextOptionsBuilder.EnableSensitiveDataLogging' to see key values.
2026-06-05 18:20:18.470 +03:00 [DBG] Closing data reader to 'main' on server '/Users/sgrancharov/dev/dotnet/JournalApp/JournalApp/JournalApp.Infrastructure/JournalApp.db'.
2026-06-05 18:20:18.473 +03:00 [DBG] A data reader for 'main' on server '/Users/sgrancharov/dev/dotnet/JournalApp/JournalApp/JournalApp.Infrastructure/JournalApp.db' is being disposed after spending 44ms reading results.
2026-06-05 18:20:18.475 +03:00 [DBG] Closing connection to database 'main' on server '/Users/sgrancharov/dev/dotnet/JournalApp/JournalApp/JournalApp.Infrastructure/JournalApp.db'.
2026-06-05 18:20:18.477 +03:00 [DBG] Closed connection to database 'main' on server '/Users/sgrancharov/dev/dotnet/JournalApp/JournalApp/JournalApp.Infrastructure/JournalApp.db' (1ms).
2026-06-05 18:21:23.446 +03:00 [WRN] You do not have a valid license key for the Lucky Penny software AutoMapper. This is allowed for development and testing scenarios. If you are running in production you are required to have a licensed version. Please visit https://luckypennysoftware.com to obtain a valid license.
2026-06-05 18:21:42.014 +03:00 [DBG] An 'IServiceProvider' was created for internal use by Entity Framework.
2026-06-05 18:21:42.456 +03:00 [DBG] Entity Framework Core 9.0.7 initialized 'JournalAppDbContext' using provider 'Microsoft.EntityFrameworkCore.Sqlite:9.0.7' with options: None
2026-06-05 18:21:42.524 +03:00 [DBG] Compiling query expression: 
'DbSet<User>()
    .Include(u => u.Journals)
    .FirstOrDefault(u => u.UserName == __userName_0)'
2026-06-05 18:21:42.565 +03:00 [DBG] Including navigation: 'User.Journals'.
2026-06-05 18:21:42.736 +03:00 [DBG] Generated query execution expression: 
'queryContext => ShapedQueryCompilingExpressionVisitor.SingleOrDefaultAsync<User>(
    asyncEnumerable: SingleQueryingEnumerable.Create<User>(
        relationalQueryContext: (RelationalQueryContext)queryContext, 
        relationalCommandResolver: parameters => [LIFTABLE Constant: RelationalCommandCache.QueryExpression(
            Client Projections:
                0 -> Dictionary<IProperty, int> { [Property: User.Id (int) Required PK AfterSave:Throw ValueGenerated.OnAdd, 0], [Property: User.Password (string) Required, 1], [Property: User.UserName (string) Required, 2] }
                1 -> 0
                2 -> Dictionary<IProperty, int> { [Property: Journal.Id (int) Required PK AfterSave:Throw ValueGenerated.OnAdd, 3], [Property: Journal.Content (string) Required, 4], [Property: Journal.Images (List<string>) Required Element type: string Required, 5], [Property: Journal.Title (string) Required, 6], [Property: Journal.UserId (int) Required FK Index, 7] }
                3 -> 3
            SELECT u0.Id, u0.Password, u0.UserName, j.Id, j.Content, j.Images, j.Title, j.UserId
            FROM 
            (
                SELECT TOP(1) u.Id, u.Password, u.UserName
                FROM Users AS u
                WHERE u.UserName == @__userName_0
            ) AS u0
            LEFT JOIN Journals AS j ON u0.Id == j.UserId
            ORDER BY u0.Id ASC) | Resolver: c => new RelationalCommandCache(
            c.Dependencies.MemoryCache, 
            c.RelationalDependencies.QuerySqlGeneratorFactory, 
            c.RelationalDependencies.RelationalParameterBasedSqlProcessorFactory, 
            Client Projections:
                0 -> Dictionary<IProperty, int> { [Property: User.Id (int) Required PK AfterSave:Throw ValueGenerated.OnAdd, 0], [Property: User.Password (string) Required, 1], [Property: User.UserName (string) Required, 2] }
                1 -> 0
                2 -> Dictionary<IProperty, int> { [Property: Journal.Id (int) Required PK AfterSave:Throw ValueGenerated.OnAdd, 3], [Property: Journal.Content (string) Required, 4], [Property: Journal.Images (List<string>) Required Element type: string Required, 5], [Property: Journal.Title (string) Required, 6], [Property: Journal.UserId (int) Required FK Index, 7] }
                3 -> 3
            SELECT u0.Id, u0.Password, u0.UserName, j.Id, j.Content, j.Images, j.Title, j.UserId
            FROM 
            (
                SELECT TOP(1) u.Id, u.Password, u.UserName
                FROM Users AS u
                WHERE u.UserName == @__userName_0
            ) AS u0
            LEFT JOIN Journals AS j ON u0.Id == j.UserId
            ORDER BY u0.Id ASC, 
            False, 
            new HashSet<string>(
                new string[]{ }, 
                StringComparer.Ordinal
            )
        )].GetRelationalCommandTemplate(parameters), 
        readerColumns: null, 
        shaper: (queryContext, dataReader, resultContext, resultCoordinator) => 
        {
            resultContext.Values == null ? 
            {
                User entity;
                entity = 
                {
                    MaterializationContext materializationContext1;
                    IEntityType entityType1;
                    User instance1;
                    InternalEntityEntry entry1;
                    bool hasNullKey1;
                    materializationContext1 = new MaterializationContext(
                        [LIFTABLE Constant: ValueBuffer | Resolver: _ => (object)ValueBuffer.Empty], 
                        queryContext.Context
                    );
                    instance1 = default(User);
                    entry1 = queryContext.TryGetEntry(
                        key: [LIFTABLE Constant: Key: User.Id PK | Resolver: c => c.Dependencies.Model.FindEntityType("JournalApp.Domain.User.User").FindPrimaryKey()], 
                        keyValues: new object[]{ (object)dataReader.GetInt32(0) }, 
                        throwOnNullKey: True, 
                        hasNullKey: hasNullKey1);
                    !(hasNullKey1) ? entry1 != default(InternalEntityEntry) ? 
                    {
                        entityType1 = entry1.EntityType;
                        return instance1 = (User)entry1.Entity;
                    } : 
                    {
                        ISnapshot shadowSnapshot1;
                        shadowSnapshot1 = [LIFTABLE Constant: Snapshot | Resolver: _ => Snapshot.Empty];
                        entityType1 = [LIFTABLE Constant: EntityType: User | Resolver: namelessParameter{0} => namelessParameter{0}.Dependencies.Model.FindEntityType("JournalApp.Domain.User.User")];
                        instance1 = switch (entityType1)
                        {
                            case [LIFTABLE Constant: EntityType: User | Resolver: namelessParameter{1} => namelessParameter{1}.Dependencies.Model.FindEntityType("JournalApp.Domain.User.User")]: 
                                {
                                    return 
                                    {
                                        User instance;
                                        instance = new User();
                                        instance.<Id>k__BackingField = dataReader.GetInt32(0);
                                        instance.<Password>k__BackingField = dataReader.GetString(1);
                                        instance.<UserName>k__BackingField = dataReader.GetString(2);
                                        (instance is IInjectableService) ? ((IInjectableService)instance).Injected(
                                            context: materializationContext1.Context, 
                                            entity: instance, 
                                            queryTrackingBehavior: TrackAll, 
                                            structuralType: [LIFTABLE Constant: EntityType: User | Resolver: namelessParameter{2} => namelessParameter{2}.Dependencies.Model.FindEntityType("JournalApp.Domain.User.User")]) : default(void);
                                        return instance;
                                    }}
                            default: 
                                default(User)
                        }
                        ;
                        entry1 = entityType1 == default(IEntityType) ? default(InternalEntityEntry) : queryContext.StartTracking(
                            entityType: entityType1, 
                            entity: instance1, 
                            snapshot: shadowSnapshot1);
                        return instance1;
                    } : default(void);
                    return instance1;
                };
                resultContext.Values = new object[]{ entity };
                ShaperProcessingExpressionVisitor.InitializeIncludeCollection<User, User>(
                    collectionId: 0, 
                    queryContext: queryContext, 
                    dbDataReader: dataReader, 
                    resultCoordinator: resultCoordinator, 
                    entity: (User)(resultContext.Values[0]), 
                    parentIdentifier: [LIFTABLE Constant: Func<QueryContext, DbDataReader, object[]> | Resolver: _ => (queryContext, dataReader) => new object[]{ (object)(int?)dataReader.GetInt32(0) }], 
                    outerIdentifier: [LIFTABLE Constant: Func<QueryContext, DbDataReader, object[]> | Resolver: _ => (queryContext, dataReader) => new object[]{ (object)(int?)dataReader.GetInt32(0) }], 
                    navigation: [LIFTABLE Constant: Navigation: User.Journals (List<Journal>) Collection ToDependent Journal Inverse: User | Resolver: namelessParameter{3} => namelessParameter{3}.Dependencies.Model.FindEntityType("JournalApp.Domain.User.User").FindNavigation("Journals")], 
                    clrCollectionAccessor: [LIFTABLE Constant: ClrICollectionAccessor<User, List<Journal>, Journal> | Resolver: namelessParameter{4} => namelessParameter{4}.Dependencies.Model.FindEntityType("JournalApp.Domain.User.User").FindNavigation("Journals").GetCollectionAccessor()], 
                    trackingQuery: True, 
                    setLoaded: True);
            } : default(void);
            ShaperProcessingExpressionVisitor.PopulateIncludeCollection<User, Journal>(
                collectionId: 0, 
                queryContext: queryContext, 
                dbDataReader: dataReader, 
                resultCoordinator: resultCoordinator, 
                parentIdentifier: [LIFTABLE Constant: Func<QueryContext, DbDataReader, object[]> | Resolver: _ => (queryContext, dataReader) => new object[]{ (object)(int?)dataReader.GetInt32(0) }], 
                outerIdentifier: [LIFTABLE Constant: Func<QueryContext, DbDataReader, object[]> | Resolver: _ => (queryContext, dataReader) => new object[]{ (object)(int?)dataReader.GetInt32(0) }], 
                selfIdentifier: [LIFTABLE Constant: Func<QueryContext, DbDataReader, object[]> | Resolver: _ => (queryContext, dataReader) => new object[]{ (object)dataReader.IsDBNull(3) ? default(int?) : (int?)dataReader.GetInt32(3) }], 
                parentIdentifierValueComparers: [LIFTABLE Constant: Func<object, object, bool>[] { Func<object, object, bool> } | Resolver: _ => new Func<object, object, bool>[]{ (left, right) => left == null ? right == null : right != null && (int)left == (int)right }], 
                outerIdentifierValueComparers: [LIFTABLE Constant: Func<object, object, bool>[] { Func<object, object, bool> } | Resolver: _ => new Func<object, object, bool>[]{ (left, right) => left == null ? right == null : right != null && (int)left == (int)right }], 
                selfIdentifierValueComparers: [LIFTABLE Constant: Func<object, object, bool>[] { Func<object, object, bool> } | Resolver: _ => new Func<object, object, bool>[]{ (left, right) => left == null ? right == null : right != null && (int)left == (int)right }], 
                innerShaper: (queryContext, dataReader, resultContext, resultCoordinator) => 
                {
                    Journal entity;
                    entity = 
                    {
                        MaterializationContext materializationContext2;
                        IEntityType entityType2;
                        Journal instance2;
                        InternalEntityEntry entry2;
                        bool hasNullKey2;
                        materializationContext2 = new MaterializationContext(
                            [LIFTABLE Constant: ValueBuffer | Resolver: _ => (object)ValueBuffer.Empty], 
                            queryContext.Context
                        );
                        instance2 = default(Journal);
                        entry2 = queryContext.TryGetEntry(
                            key: [LIFTABLE Constant: Key: Journal.Id PK | Resolver: c => c.Dependencies.Model.FindEntityType("JournalApp.Domain.Journal.Journal").FindPrimaryKey()], 
                            keyValues: new object[]{ dataReader.IsDBNull(3) ? default(object) : (object)dataReader.GetInt32(3) }, 
                            throwOnNullKey: False, 
                            hasNullKey: hasNullKey2);
                        !(hasNullKey2) ? entry2 != default(InternalEntityEntry) ? 
                        {
                            entityType2 = entry2.EntityType;
                            return instance2 = (Journal)entry2.Entity;
                        } : 
                        {
                            ISnapshot shadowSnapshot2;
                            shadowSnapshot2 = [LIFTABLE Constant: Snapshot | Resolver: _ => Snapshot.Empty];
                            entityType2 = [LIFTABLE Constant: EntityType: Journal | Resolver: namelessParameter{5} => namelessParameter{5}.Dependencies.Model.FindEntityType("JournalApp.Domain.Journal.Journal")];
                            instance2 = switch (entityType2)
                            {
                                case [LIFTABLE Constant: EntityType: Journal | Resolver: namelessParameter{6} => namelessParameter{6}.Dependencies.Model.FindEntityType("JournalApp.Domain.Journal.Journal")]: 
                                    {
                                        return 
                                        {
                                            Journal instance;
                                            instance = new Journal();
                                            instance.<Id>k__BackingField = dataReader.IsDBNull(3) ? default(int) : dataReader.GetInt32(3);
                                            instance.<Content>k__BackingField = dataReader.IsDBNull(4) ? default(string) : dataReader.GetString(4);
                                            {
                                                List<string> namelessParameter{7};
                                                namelessParameter{7} = instance.<Images>k__BackingField;
                                                namelessParameter{7} == null || dataReader.IsDBNull(5) ? default(List<string>) : (List<string>)Invoke(((CollectionToJsonStringConverter<string>)((IReadOnlyProperty)[LIFTABLE Constant: Property: Journal.Images (List<string>) Required Element type: string Required | Resolver: namelessParameter{8} => namelessParameter{8}.Dependencies.Model.FindEntityType("JournalApp.Domain.Journal.Journal").FindProperty("Images")]).GetTypeMapping().Converter).ConvertFromProviderTyped, dataReader.GetString(5)) == null || namelessParameter{7}.IsReadOnly ? instance.<Images>k__BackingField = dataReader.IsDBNull(5) ? default(List<string>) : (List<string>)Invoke(((CollectionToJsonStringConverter<string>)((IReadOnlyProperty)[LIFTABLE Constant: Property: Journal.Images (List<string>) Required Element type: string Required | Resolver: namelessParameter{9} => namelessParameter{9}.Dependencies.Model.FindEntityType("JournalApp.Domain.Journal.Journal").FindProperty("Images")]).GetTypeMapping().Converter).ConvertFromProviderTyped, dataReader.GetString(5)) : EntityMaterializerSource.PopulateList<string>(
                                                    buffer: dataReader.IsDBNull(5) ? default(List<string>) : (List<string>)Invoke(((CollectionToJsonStringConverter<string>)((IReadOnlyProperty)[LIFTABLE Constant: Property: Journal.Images (List<string>) Required Element type: string Required | Resolver: namelessParameter{10} => namelessParameter{10}.Dependencies.Model.FindEntityType("JournalApp.Domain.Journal.Journal").FindProperty("Images")]).GetTypeMapping().Converter).ConvertFromProviderTyped, dataReader.GetString(5)), 
                                                    target: namelessParameter{7});
                                            }instance.<Title>k__BackingField = dataReader.IsDBNull(6) ? default(string) : dataReader.GetString(6);
                                            instance.<UserId>k__BackingField = dataReader.IsDBNull(7) ? default(int) : dataReader.GetInt32(7);
                                            (instance is IInjectableService) ? ((IInjectableService)instance).Injected(
                                                context: materializationContext2.Context, 
                                                entity: instance, 
                                                queryTrackingBehavior: TrackAll, 
                                                structuralType: [LIFTABLE Constant: EntityType: Journal | Resolver: namelessParameter{11} => namelessParameter{11}.Dependencies.Model.FindEntityType("JournalApp.Domain.Journal.Journal")]) : default(void);
                                            return instance;
                                        }}
                                default: 
                                    default(Journal)
                            }
                            ;
                            entry2 = entityType2 == default(IEntityType) ? default(InternalEntityEntry) : queryContext.StartTracking(
                                entityType: entityType2, 
                                entity: instance2, 
                                snapshot: shadowSnapshot2);
                            return instance2;
                        } : default(void);
                        return instance2;
                    };
                    return entity;
                }, 
                inverseNavigation: [LIFTABLE Constant: Navigation: Journal.User (User) ToPrincipal User Inverse: Journals | Resolver: namelessParameter{12} => namelessParameter{12}.Dependencies.Model.FindEntityType("JournalApp.Domain.Journal.Journal").FindNavigation("User")], 
                fixup: (namelessParameter{13}, namelessParameter{14}) => 
                {
                    [LIFTABLE Constant: ClrICollectionAccessor<User, List<Journal>, Journal> | Resolver: namelessParameter{15} => namelessParameter{15}.Dependencies.Model.FindEntityType("JournalApp.Domain.User.User").FindNavigation("Journals").GetCollectionAccessor()].Add(
                        entity: namelessParameter{13}, 
                        value: namelessParameter{14}, 
                        forMaterialization: True);
                    return namelessParameter{14}.<User>k__BackingField = namelessParameter{13};
                }, 
                trackingQuery: True);
            return IsTrue(resultCoordinator.ResultReady)
             ? (User)(resultContext.Values[0]) : default(User);
        }, 
        contextType: JournalApp.Infrastructure.JournalAppDbContext, 
        standAloneStateManager: False, 
        detailedErrorsEnabled: False, 
        threadSafetyChecksEnabled: True), 
    cancellationToken: queryContext.CancellationToken)'
2026-06-05 18:21:42.767 +03:00 [DBG] Creating DbConnection.
2026-06-05 18:21:42.776 +03:00 [DBG] Created DbConnection. (8ms).
2026-06-05 18:21:42.780 +03:00 [DBG] Opening connection to database 'main' on server '/Users/sgrancharov/dev/dotnet/JournalApp/JournalApp/JournalApp.Infrastructure/JournalApp.db'.
2026-06-05 18:21:42.789 +03:00 [DBG] Opened connection to database 'main' on server '/Users/sgrancharov/dev/dotnet/JournalApp/JournalApp/JournalApp.Infrastructure/JournalApp.db'.
2026-06-05 18:21:42.794 +03:00 [DBG] Creating DbCommand for 'ExecuteReader'.
2026-06-05 18:21:42.797 +03:00 [DBG] Created DbCommand for 'ExecuteReader' (1ms).
2026-06-05 18:21:42.800 +03:00 [DBG] Initialized DbCommand for 'ExecuteReader' (6ms).
2026-06-05 18:21:42.805 +03:00 [DBG] Executing DbCommand [Parameters=[@__userName_0='?' (Size = 7)], CommandType='"Text"', CommandTimeout='30']
SELECT "u0"."Id", "u0"."Password", "u0"."UserName", "j"."Id", "j"."Content", "j"."Images", "j"."Title", "j"."UserId"
FROM (
    SELECT "u"."Id", "u"."Password", "u"."UserName"
    FROM "Users" AS "u"
    WHERE "u"."UserName" = @__userName_0
    LIMIT 1
) AS "u0"
LEFT JOIN "Journals" AS "j" ON "u0"."Id" = "j"."UserId"
ORDER BY "u0"."Id"
2026-06-05 18:21:42.821 +03:00 [INF] Executed DbCommand (14ms) [Parameters=[@__userName_0='?' (Size = 7)], CommandType='"Text"', CommandTimeout='30']
SELECT "u0"."Id", "u0"."Password", "u0"."UserName", "j"."Id", "j"."Content", "j"."Images", "j"."Title", "j"."UserId"
FROM (
    SELECT "u"."Id", "u"."Password", "u"."UserName"
    FROM "Users" AS "u"
    WHERE "u"."UserName" = @__userName_0
    LIMIT 1
) AS "u0"
LEFT JOIN "Journals" AS "j" ON "u0"."Id" = "j"."UserId"
ORDER BY "u0"."Id"
2026-06-05 18:21:42.842 +03:00 [DBG] Context 'JournalAppDbContext' started tracking 'User' entity. Consider using 'DbContextOptionsBuilder.EnableSensitiveDataLogging' to see key values.
2026-06-05 18:21:42.864 +03:00 [DBG] Context 'JournalAppDbContext' started tracking 'Journal' entity. Consider using 'DbContextOptionsBuilder.EnableSensitiveDataLogging' to see key values.
2026-06-05 18:21:42.871 +03:00 [DBG] Closing data reader to 'main' on server '/Users/sgrancharov/dev/dotnet/JournalApp/JournalApp/JournalApp.Infrastructure/JournalApp.db'.
2026-06-05 18:21:42.874 +03:00 [DBG] A data reader for 'main' on server '/Users/sgrancharov/dev/dotnet/JournalApp/JournalApp/JournalApp.Infrastructure/JournalApp.db' is being disposed after spending 49ms reading results.
2026-06-05 18:21:42.878 +03:00 [DBG] Closing connection to database 'main' on server '/Users/sgrancharov/dev/dotnet/JournalApp/JournalApp/JournalApp.Infrastructure/JournalApp.db'.
2026-06-05 18:21:42.880 +03:00 [DBG] Closed connection to database 'main' on server '/Users/sgrancharov/dev/dotnet/JournalApp/JournalApp/JournalApp.Infrastructure/JournalApp.db' (2ms).
2026-06-05 18:37:09.616 +03:00 [WRN] You do not have a valid license key for the Lucky Penny software AutoMapper. This is allowed for development and testing scenarios. If you are running in production you are required to have a licensed version. Please visit https://luckypennysoftware.com to obtain a valid license.
2026-06-05 18:37:27.635 +03:00 [DBG] An 'IServiceProvider' was created for internal use by Entity Framework.
2026-06-05 18:37:28.080 +03:00 [DBG] Entity Framework Core 9.0.7 initialized 'JournalAppDbContext' using provider 'Microsoft.EntityFrameworkCore.Sqlite:9.0.7' with options: None
2026-06-05 18:37:28.130 +03:00 [DBG] Compiling query expression: 
'DbSet<User>()
    .Include(u => u.Journals)
    .FirstOrDefault(u => u.UserName == __userName_0)'
2026-06-05 18:37:28.168 +03:00 [DBG] Including navigation: 'User.Journals'.
2026-06-05 18:37:28.332 +03:00 [DBG] Generated query execution expression: 
'queryContext => ShapedQueryCompilingExpressionVisitor.SingleOrDefaultAsync<User>(
    asyncEnumerable: SingleQueryingEnumerable.Create<User>(
        relationalQueryContext: (RelationalQueryContext)queryContext, 
        relationalCommandResolver: parameters => [LIFTABLE Constant: RelationalCommandCache.QueryExpression(
            Client Projections:
                0 -> Dictionary<IProperty, int> { [Property: User.Id (int) Required PK AfterSave:Throw ValueGenerated.OnAdd, 0], [Property: User.Password (string) Required, 1], [Property: User.UserName (string) Required, 2] }
                1 -> 0
                2 -> Dictionary<IProperty, int> { [Property: Journal.Id (int) Required PK AfterSave:Throw ValueGenerated.OnAdd, 3], [Property: Journal.Content (string) Required, 4], [Property: Journal.Images (List<string>) Required Element type: string Required, 5], [Property: Journal.Title (string) Required, 6], [Property: Journal.UserId (int) Required FK Index, 7] }
                3 -> 3
            SELECT u0.Id, u0.Password, u0.UserName, j.Id, j.Content, j.Images, j.Title, j.UserId
            FROM 
            (
                SELECT TOP(1) u.Id, u.Password, u.UserName
                FROM Users AS u
                WHERE u.UserName == @__userName_0
            ) AS u0
            LEFT JOIN Journals AS j ON u0.Id == j.UserId
            ORDER BY u0.Id ASC) | Resolver: c => new RelationalCommandCache(
            c.Dependencies.MemoryCache, 
            c.RelationalDependencies.QuerySqlGeneratorFactory, 
            c.RelationalDependencies.RelationalParameterBasedSqlProcessorFactory, 
            Client Projections:
                0 -> Dictionary<IProperty, int> { [Property: User.Id (int) Required PK AfterSave:Throw ValueGenerated.OnAdd, 0], [Property: User.Password (string) Required, 1], [Property: User.UserName (string) Required, 2] }
                1 -> 0
                2 -> Dictionary<IProperty, int> { [Property: Journal.Id (int) Required PK AfterSave:Throw ValueGenerated.OnAdd, 3], [Property: Journal.Content (string) Required, 4], [Property: Journal.Images (List<string>) Required Element type: string Required, 5], [Property: Journal.Title (string) Required, 6], [Property: Journal.UserId (int) Required FK Index, 7] }
                3 -> 3
            SELECT u0.Id, u0.Password, u0.UserName, j.Id, j.Content, j.Images, j.Title, j.UserId
            FROM 
            (
                SELECT TOP(1) u.Id, u.Password, u.UserName
                FROM Users AS u
                WHERE u.UserName == @__userName_0
            ) AS u0
            LEFT JOIN Journals AS j ON u0.Id == j.UserId
            ORDER BY u0.Id ASC, 
            False, 
            new HashSet<string>(
                new string[]{ }, 
                StringComparer.Ordinal
            )
        )].GetRelationalCommandTemplate(parameters), 
        readerColumns: null, 
        shaper: (queryContext, dataReader, resultContext, resultCoordinator) => 
        {
            resultContext.Values == null ? 
            {
                User entity;
                entity = 
                {
                    MaterializationContext materializationContext1;
                    IEntityType entityType1;
                    User instance1;
                    InternalEntityEntry entry1;
                    bool hasNullKey1;
                    materializationContext1 = new MaterializationContext(
                        [LIFTABLE Constant: ValueBuffer | Resolver: _ => (object)ValueBuffer.Empty], 
                        queryContext.Context
                    );
                    instance1 = default(User);
                    entry1 = queryContext.TryGetEntry(
                        key: [LIFTABLE Constant: Key: User.Id PK | Resolver: c => c.Dependencies.Model.FindEntityType("JournalApp.Domain.User.User").FindPrimaryKey()], 
                        keyValues: new object[]{ (object)dataReader.GetInt32(0) }, 
                        throwOnNullKey: True, 
                        hasNullKey: hasNullKey1);
                    !(hasNullKey1) ? entry1 != default(InternalEntityEntry) ? 
                    {
                        entityType1 = entry1.EntityType;
                        return instance1 = (User)entry1.Entity;
                    } : 
                    {
                        ISnapshot shadowSnapshot1;
                        shadowSnapshot1 = [LIFTABLE Constant: Snapshot | Resolver: _ => Snapshot.Empty];
                        entityType1 = [LIFTABLE Constant: EntityType: User | Resolver: namelessParameter{0} => namelessParameter{0}.Dependencies.Model.FindEntityType("JournalApp.Domain.User.User")];
                        instance1 = switch (entityType1)
                        {
                            case [LIFTABLE Constant: EntityType: User | Resolver: namelessParameter{1} => namelessParameter{1}.Dependencies.Model.FindEntityType("JournalApp.Domain.User.User")]: 
                                {
                                    return 
                                    {
                                        User instance;
                                        instance = new User();
                                        instance.<Id>k__BackingField = dataReader.GetInt32(0);
                                        instance.<Password>k__BackingField = dataReader.GetString(1);
                                        instance.<UserName>k__BackingField = dataReader.GetString(2);
                                        (instance is IInjectableService) ? ((IInjectableService)instance).Injected(
                                            context: materializationContext1.Context, 
                                            entity: instance, 
                                            queryTrackingBehavior: TrackAll, 
                                            structuralType: [LIFTABLE Constant: EntityType: User | Resolver: namelessParameter{2} => namelessParameter{2}.Dependencies.Model.FindEntityType("JournalApp.Domain.User.User")]) : default(void);
                                        return instance;
                                    }}
                            default: 
                                default(User)
                        }
                        ;
                        entry1 = entityType1 == default(IEntityType) ? default(InternalEntityEntry) : queryContext.StartTracking(
                            entityType: entityType1, 
                            entity: instance1, 
                            snapshot: shadowSnapshot1);
                        return instance1;
                    } : default(void);
                    return instance1;
                };
                resultContext.Values = new object[]{ entity };
                ShaperProcessingExpressionVisitor.InitializeIncludeCollection<User, User>(
                    collectionId: 0, 
                    queryContext: queryContext, 
                    dbDataReader: dataReader, 
                    resultCoordinator: resultCoordinator, 
                    entity: (User)(resultContext.Values[0]), 
                    parentIdentifier: [LIFTABLE Constant: Func<QueryContext, DbDataReader, object[]> | Resolver: _ => (queryContext, dataReader) => new object[]{ (object)(int?)dataReader.GetInt32(0) }], 
                    outerIdentifier: [LIFTABLE Constant: Func<QueryContext, DbDataReader, object[]> | Resolver: _ => (queryContext, dataReader) => new object[]{ (object)(int?)dataReader.GetInt32(0) }], 
                    navigation: [LIFTABLE Constant: Navigation: User.Journals (List<Journal>) Collection ToDependent Journal Inverse: User | Resolver: namelessParameter{3} => namelessParameter{3}.Dependencies.Model.FindEntityType("JournalApp.Domain.User.User").FindNavigation("Journals")], 
                    clrCollectionAccessor: [LIFTABLE Constant: ClrICollectionAccessor<User, List<Journal>, Journal> | Resolver: namelessParameter{4} => namelessParameter{4}.Dependencies.Model.FindEntityType("JournalApp.Domain.User.User").FindNavigation("Journals").GetCollectionAccessor()], 
                    trackingQuery: True, 
                    setLoaded: True);
            } : default(void);
            ShaperProcessingExpressionVisitor.PopulateIncludeCollection<User, Journal>(
                collectionId: 0, 
                queryContext: queryContext, 
                dbDataReader: dataReader, 
                resultCoordinator: resultCoordinator, 
                parentIdentifier: [LIFTABLE Constant: Func<QueryContext, DbDataReader, object[]> | Resolver: _ => (queryContext, dataReader) => new object[]{ (object)(int?)dataReader.GetInt32(0) }], 
                outerIdentifier: [LIFTABLE Constant: Func<QueryContext, DbDataReader, object[]> | Resolver: _ => (queryContext, dataReader) => new object[]{ (object)(int?)dataReader.GetInt32(0) }], 
                selfIdentifier: [LIFTABLE Constant: Func<QueryContext, DbDataReader, object[]> | Resolver: _ => (queryContext, dataReader) => new object[]{ (object)dataReader.IsDBNull(3) ? default(int?) : (int?)dataReader.GetInt32(3) }], 
                parentIdentifierValueComparers: [LIFTABLE Constant: Func<object, object, bool>[] { Func<object, object, bool> } | Resolver: _ => new Func<object, object, bool>[]{ (left, right) => left == null ? right == null : right != null && (int)left == (int)right }], 
                outerIdentifierValueComparers: [LIFTABLE Constant: Func<object, object, bool>[] { Func<object, object, bool> } | Resolver: _ => new Func<object, object, bool>[]{ (left, right) => left == null ? right == null : right != null && (int)left == (int)right }], 
                selfIdentifierValueComparers: [LIFTABLE Constant: Func<object, object, bool>[] { Func<object, object, bool> } | Resolver: _ => new Func<object, object, bool>[]{ (left, right) => left == null ? right == null : right != null && (int)left == (int)right }], 
                innerShaper: (queryContext, dataReader, resultContext, resultCoordinator) => 
                {
                    Journal entity;
                    entity = 
                    {
                        MaterializationContext materializationContext2;
                        IEntityType entityType2;
                        Journal instance2;
                        InternalEntityEntry entry2;
                        bool hasNullKey2;
                        materializationContext2 = new MaterializationContext(
                            [LIFTABLE Constant: ValueBuffer | Resolver: _ => (object)ValueBuffer.Empty], 
                            queryContext.Context
                        );
                        instance2 = default(Journal);
                        entry2 = queryContext.TryGetEntry(
                            key: [LIFTABLE Constant: Key: Journal.Id PK | Resolver: c => c.Dependencies.Model.FindEntityType("JournalApp.Domain.Journal.Journal").FindPrimaryKey()], 
                            keyValues: new object[]{ dataReader.IsDBNull(3) ? default(object) : (object)dataReader.GetInt32(3) }, 
                            throwOnNullKey: False, 
                            hasNullKey: hasNullKey2);
                        !(hasNullKey2) ? entry2 != default(InternalEntityEntry) ? 
                        {
                            entityType2 = entry2.EntityType;
                            return instance2 = (Journal)entry2.Entity;
                        } : 
                        {
                            ISnapshot shadowSnapshot2;
                            shadowSnapshot2 = [LIFTABLE Constant: Snapshot | Resolver: _ => Snapshot.Empty];
                            entityType2 = [LIFTABLE Constant: EntityType: Journal | Resolver: namelessParameter{5} => namelessParameter{5}.Dependencies.Model.FindEntityType("JournalApp.Domain.Journal.Journal")];
                            instance2 = switch (entityType2)
                            {
                                case [LIFTABLE Constant: EntityType: Journal | Resolver: namelessParameter{6} => namelessParameter{6}.Dependencies.Model.FindEntityType("JournalApp.Domain.Journal.Journal")]: 
                                    {
                                        return 
                                        {
                                            Journal instance;
                                            instance = new Journal();
                                            instance.<Id>k__BackingField = dataReader.IsDBNull(3) ? default(int) : dataReader.GetInt32(3);
                                            instance.<Content>k__BackingField = dataReader.IsDBNull(4) ? default(string) : dataReader.GetString(4);
                                            {
                                                List<string> namelessParameter{7};
                                                namelessParameter{7} = instance.<Images>k__BackingField;
                                                namelessParameter{7} == null || dataReader.IsDBNull(5) ? default(List<string>) : (List<string>)Invoke(((CollectionToJsonStringConverter<string>)((IReadOnlyProperty)[LIFTABLE Constant: Property: Journal.Images (List<string>) Required Element type: string Required | Resolver: namelessParameter{8} => namelessParameter{8}.Dependencies.Model.FindEntityType("JournalApp.Domain.Journal.Journal").FindProperty("Images")]).GetTypeMapping().Converter).ConvertFromProviderTyped, dataReader.GetString(5)) == null || namelessParameter{7}.IsReadOnly ? instance.<Images>k__BackingField = dataReader.IsDBNull(5) ? default(List<string>) : (List<string>)Invoke(((CollectionToJsonStringConverter<string>)((IReadOnlyProperty)[LIFTABLE Constant: Property: Journal.Images (List<string>) Required Element type: string Required | Resolver: namelessParameter{9} => namelessParameter{9}.Dependencies.Model.FindEntityType("JournalApp.Domain.Journal.Journal").FindProperty("Images")]).GetTypeMapping().Converter).ConvertFromProviderTyped, dataReader.GetString(5)) : EntityMaterializerSource.PopulateList<string>(
                                                    buffer: dataReader.IsDBNull(5) ? default(List<string>) : (List<string>)Invoke(((CollectionToJsonStringConverter<string>)((IReadOnlyProperty)[LIFTABLE Constant: Property: Journal.Images (List<string>) Required Element type: string Required | Resolver: namelessParameter{10} => namelessParameter{10}.Dependencies.Model.FindEntityType("JournalApp.Domain.Journal.Journal").FindProperty("Images")]).GetTypeMapping().Converter).ConvertFromProviderTyped, dataReader.GetString(5)), 
                                                    target: namelessParameter{7});
                                            }instance.<Title>k__BackingField = dataReader.IsDBNull(6) ? default(string) : dataReader.GetString(6);
                                            instance.<UserId>k__BackingField = dataReader.IsDBNull(7) ? default(int) : dataReader.GetInt32(7);
                                            (instance is IInjectableService) ? ((IInjectableService)instance).Injected(
                                                context: materializationContext2.Context, 
                                                entity: instance, 
                                                queryTrackingBehavior: TrackAll, 
                                                structuralType: [LIFTABLE Constant: EntityType: Journal | Resolver: namelessParameter{11} => namelessParameter{11}.Dependencies.Model.FindEntityType("JournalApp.Domain.Journal.Journal")]) : default(void);
                                            return instance;
                                        }}
                                default: 
                                    default(Journal)
                            }
                            ;
                            entry2 = entityType2 == default(IEntityType) ? default(InternalEntityEntry) : queryContext.StartTracking(
                                entityType: entityType2, 
                                entity: instance2, 
                                snapshot: shadowSnapshot2);
                            return instance2;
                        } : default(void);
                        return instance2;
                    };
                    return entity;
                }, 
                inverseNavigation: [LIFTABLE Constant: Navigation: Journal.User (User) ToPrincipal User Inverse: Journals | Resolver: namelessParameter{12} => namelessParameter{12}.Dependencies.Model.FindEntityType("JournalApp.Domain.Journal.Journal").FindNavigation("User")], 
                fixup: (namelessParameter{13}, namelessParameter{14}) => 
                {
                    [LIFTABLE Constant: ClrICollectionAccessor<User, List<Journal>, Journal> | Resolver: namelessParameter{15} => namelessParameter{15}.Dependencies.Model.FindEntityType("JournalApp.Domain.User.User").FindNavigation("Journals").GetCollectionAccessor()].Add(
                        entity: namelessParameter{13}, 
                        value: namelessParameter{14}, 
                        forMaterialization: True);
                    return namelessParameter{14}.<User>k__BackingField = namelessParameter{13};
                }, 
                trackingQuery: True);
            return IsTrue(resultCoordinator.ResultReady)
             ? (User)(resultContext.Values[0]) : default(User);
        }, 
        contextType: JournalApp.Infrastructure.JournalAppDbContext, 
        standAloneStateManager: False, 
        detailedErrorsEnabled: False, 
        threadSafetyChecksEnabled: True), 
    cancellationToken: queryContext.CancellationToken)'
2026-06-05 18:37:28.358 +03:00 [DBG] Creating DbConnection.
2026-06-05 18:37:28.368 +03:00 [DBG] Created DbConnection. (8ms).
2026-06-05 18:37:28.371 +03:00 [DBG] Opening connection to database 'main' on server '/Users/sgrancharov/dev/dotnet/JournalApp/JournalApp/JournalApp.Infrastructure/JournalApp.db'.
2026-06-05 18:37:28.379 +03:00 [DBG] Opened connection to database 'main' on server '/Users/sgrancharov/dev/dotnet/JournalApp/JournalApp/JournalApp.Infrastructure/JournalApp.db'.
2026-06-05 18:37:28.383 +03:00 [DBG] Creating DbCommand for 'ExecuteReader'.
2026-06-05 18:37:28.387 +03:00 [DBG] Created DbCommand for 'ExecuteReader' (1ms).
2026-06-05 18:37:28.389 +03:00 [DBG] Initialized DbCommand for 'ExecuteReader' (5ms).
2026-06-05 18:37:28.393 +03:00 [DBG] Executing DbCommand [Parameters=[@__userName_0='?' (Size = 7)], CommandType='"Text"', CommandTimeout='30']
SELECT "u0"."Id", "u0"."Password", "u0"."UserName", "j"."Id", "j"."Content", "j"."Images", "j"."Title", "j"."UserId"
FROM (
    SELECT "u"."Id", "u"."Password", "u"."UserName"
    FROM "Users" AS "u"
    WHERE "u"."UserName" = @__userName_0
    LIMIT 1
) AS "u0"
LEFT JOIN "Journals" AS "j" ON "u0"."Id" = "j"."UserId"
ORDER BY "u0"."Id"
2026-06-05 18:37:28.408 +03:00 [INF] Executed DbCommand (12ms) [Parameters=[@__userName_0='?' (Size = 7)], CommandType='"Text"', CommandTimeout='30']
SELECT "u0"."Id", "u0"."Password", "u0"."UserName", "j"."Id", "j"."Content", "j"."Images", "j"."Title", "j"."UserId"
FROM (
    SELECT "u"."Id", "u"."Password", "u"."UserName"
    FROM "Users" AS "u"
    WHERE "u"."UserName" = @__userName_0
    LIMIT 1
) AS "u0"
LEFT JOIN "Journals" AS "j" ON "u0"."Id" = "j"."UserId"
ORDER BY "u0"."Id"
2026-06-05 18:37:28.428 +03:00 [DBG] Context 'JournalAppDbContext' started tracking 'User' entity. Consider using 'DbContextOptionsBuilder.EnableSensitiveDataLogging' to see key values.
2026-06-05 18:37:28.448 +03:00 [DBG] Context 'JournalAppDbContext' started tracking 'Journal' entity. Consider using 'DbContextOptionsBuilder.EnableSensitiveDataLogging' to see key values.
2026-06-05 18:37:28.452 +03:00 [DBG] Closing data reader to 'main' on server '/Users/sgrancharov/dev/dotnet/JournalApp/JournalApp/JournalApp.Infrastructure/JournalApp.db'.
2026-06-05 18:37:28.456 +03:00 [DBG] A data reader for 'main' on server '/Users/sgrancharov/dev/dotnet/JournalApp/JournalApp/JournalApp.Infrastructure/JournalApp.db' is being disposed after spending 44ms reading results.
2026-06-05 18:37:28.458 +03:00 [DBG] Closing connection to database 'main' on server '/Users/sgrancharov/dev/dotnet/JournalApp/JournalApp/JournalApp.Infrastructure/JournalApp.db'.
2026-06-05 18:37:28.460 +03:00 [DBG] Closed connection to database 'main' on server '/Users/sgrancharov/dev/dotnet/JournalApp/JournalApp/JournalApp.Infrastructure/JournalApp.db' (1ms).
2026-06-05 18:39:20.272 +03:00 [WRN] You do not have a valid license key for the Lucky Penny software AutoMapper. This is allowed for development and testing scenarios. If you are running in production you are required to have a licensed version. Please visit https://luckypennysoftware.com to obtain a valid license.
2026-06-05 18:39:27.529 +03:00 [DBG] An 'IServiceProvider' was created for internal use by Entity Framework.
2026-06-05 18:39:27.868 +03:00 [DBG] Entity Framework Core 9.0.7 initialized 'JournalAppDbContext' using provider 'Microsoft.EntityFrameworkCore.Sqlite:9.0.7' with options: None
2026-06-05 18:39:27.905 +03:00 [DBG] Compiling query expression: 
'DbSet<User>()
    .Include(u => u.Journals)
    .FirstOrDefault(u => u.UserName == __userName_0)'
2026-06-05 18:39:27.934 +03:00 [DBG] Including navigation: 'User.Journals'.
2026-06-05 18:39:28.076 +03:00 [DBG] Generated query execution expression: 
'queryContext => ShapedQueryCompilingExpressionVisitor.SingleOrDefaultAsync<User>(
    asyncEnumerable: SingleQueryingEnumerable.Create<User>(
        relationalQueryContext: (RelationalQueryContext)queryContext, 
        relationalCommandResolver: parameters => [LIFTABLE Constant: RelationalCommandCache.QueryExpression(
            Client Projections:
                0 -> Dictionary<IProperty, int> { [Property: User.Id (int) Required PK AfterSave:Throw ValueGenerated.OnAdd, 0], [Property: User.Password (string) Required, 1], [Property: User.UserName (string) Required, 2] }
                1 -> 0
                2 -> Dictionary<IProperty, int> { [Property: Journal.Id (int) Required PK AfterSave:Throw ValueGenerated.OnAdd, 3], [Property: Journal.Content (string) Required, 4], [Property: Journal.Images (List<string>) Required Element type: string Required, 5], [Property: Journal.Title (string) Required, 6], [Property: Journal.UserId (int) Required FK Index, 7] }
                3 -> 3
            SELECT u0.Id, u0.Password, u0.UserName, j.Id, j.Content, j.Images, j.Title, j.UserId
            FROM 
            (
                SELECT TOP(1) u.Id, u.Password, u.UserName
                FROM Users AS u
                WHERE u.UserName == @__userName_0
            ) AS u0
            LEFT JOIN Journals AS j ON u0.Id == j.UserId
            ORDER BY u0.Id ASC) | Resolver: c => new RelationalCommandCache(
            c.Dependencies.MemoryCache, 
            c.RelationalDependencies.QuerySqlGeneratorFactory, 
            c.RelationalDependencies.RelationalParameterBasedSqlProcessorFactory, 
            Client Projections:
                0 -> Dictionary<IProperty, int> { [Property: User.Id (int) Required PK AfterSave:Throw ValueGenerated.OnAdd, 0], [Property: User.Password (string) Required, 1], [Property: User.UserName (string) Required, 2] }
                1 -> 0
                2 -> Dictionary<IProperty, int> { [Property: Journal.Id (int) Required PK AfterSave:Throw ValueGenerated.OnAdd, 3], [Property: Journal.Content (string) Required, 4], [Property: Journal.Images (List<string>) Required Element type: string Required, 5], [Property: Journal.Title (string) Required, 6], [Property: Journal.UserId (int) Required FK Index, 7] }
                3 -> 3
            SELECT u0.Id, u0.Password, u0.UserName, j.Id, j.Content, j.Images, j.Title, j.UserId
            FROM 
            (
                SELECT TOP(1) u.Id, u.Password, u.UserName
                FROM Users AS u
                WHERE u.UserName == @__userName_0
            ) AS u0
            LEFT JOIN Journals AS j ON u0.Id == j.UserId
            ORDER BY u0.Id ASC, 
            False, 
            new HashSet<string>(
                new string[]{ }, 
                StringComparer.Ordinal
            )
        )].GetRelationalCommandTemplate(parameters), 
        readerColumns: null, 
        shaper: (queryContext, dataReader, resultContext, resultCoordinator) => 
        {
            resultContext.Values == null ? 
            {
                User entity;
                entity = 
                {
                    MaterializationContext materializationContext1;
                    IEntityType entityType1;
                    User instance1;
                    InternalEntityEntry entry1;
                    bool hasNullKey1;
                    materializationContext1 = new MaterializationContext(
                        [LIFTABLE Constant: ValueBuffer | Resolver: _ => (object)ValueBuffer.Empty], 
                        queryContext.Context
                    );
                    instance1 = default(User);
                    entry1 = queryContext.TryGetEntry(
                        key: [LIFTABLE Constant: Key: User.Id PK | Resolver: c => c.Dependencies.Model.FindEntityType("JournalApp.Domain.User.User").FindPrimaryKey()], 
                        keyValues: new object[]{ (object)dataReader.GetInt32(0) }, 
                        throwOnNullKey: True, 
                        hasNullKey: hasNullKey1);
                    !(hasNullKey1) ? entry1 != default(InternalEntityEntry) ? 
                    {
                        entityType1 = entry1.EntityType;
                        return instance1 = (User)entry1.Entity;
                    } : 
                    {
                        ISnapshot shadowSnapshot1;
                        shadowSnapshot1 = [LIFTABLE Constant: Snapshot | Resolver: _ => Snapshot.Empty];
                        entityType1 = [LIFTABLE Constant: EntityType: User | Resolver: namelessParameter{0} => namelessParameter{0}.Dependencies.Model.FindEntityType("JournalApp.Domain.User.User")];
                        instance1 = switch (entityType1)
                        {
                            case [LIFTABLE Constant: EntityType: User | Resolver: namelessParameter{1} => namelessParameter{1}.Dependencies.Model.FindEntityType("JournalApp.Domain.User.User")]: 
                                {
                                    return 
                                    {
                                        User instance;
                                        instance = new User();
                                        instance.<Id>k__BackingField = dataReader.GetInt32(0);
                                        instance.<Password>k__BackingField = dataReader.GetString(1);
                                        instance.<UserName>k__BackingField = dataReader.GetString(2);
                                        (instance is IInjectableService) ? ((IInjectableService)instance).Injected(
                                            context: materializationContext1.Context, 
                                            entity: instance, 
                                            queryTrackingBehavior: TrackAll, 
                                            structuralType: [LIFTABLE Constant: EntityType: User | Resolver: namelessParameter{2} => namelessParameter{2}.Dependencies.Model.FindEntityType("JournalApp.Domain.User.User")]) : default(void);
                                        return instance;
                                    }}
                            default: 
                                default(User)
                        }
                        ;
                        entry1 = entityType1 == default(IEntityType) ? default(InternalEntityEntry) : queryContext.StartTracking(
                            entityType: entityType1, 
                            entity: instance1, 
                            snapshot: shadowSnapshot1);
                        return instance1;
                    } : default(void);
                    return instance1;
                };
                resultContext.Values = new object[]{ entity };
                ShaperProcessingExpressionVisitor.InitializeIncludeCollection<User, User>(
                    collectionId: 0, 
                    queryContext: queryContext, 
                    dbDataReader: dataReader, 
                    resultCoordinator: resultCoordinator, 
                    entity: (User)(resultContext.Values[0]), 
                    parentIdentifier: [LIFTABLE Constant: Func<QueryContext, DbDataReader, object[]> | Resolver: _ => (queryContext, dataReader) => new object[]{ (object)(int?)dataReader.GetInt32(0) }], 
                    outerIdentifier: [LIFTABLE Constant: Func<QueryContext, DbDataReader, object[]> | Resolver: _ => (queryContext, dataReader) => new object[]{ (object)(int?)dataReader.GetInt32(0) }], 
                    navigation: [LIFTABLE Constant: Navigation: User.Journals (List<Journal>) Collection ToDependent Journal Inverse: User | Resolver: namelessParameter{3} => namelessParameter{3}.Dependencies.Model.FindEntityType("JournalApp.Domain.User.User").FindNavigation("Journals")], 
                    clrCollectionAccessor: [LIFTABLE Constant: ClrICollectionAccessor<User, List<Journal>, Journal> | Resolver: namelessParameter{4} => namelessParameter{4}.Dependencies.Model.FindEntityType("JournalApp.Domain.User.User").FindNavigation("Journals").GetCollectionAccessor()], 
                    trackingQuery: True, 
                    setLoaded: True);
            } : default(void);
            ShaperProcessingExpressionVisitor.PopulateIncludeCollection<User, Journal>(
                collectionId: 0, 
                queryContext: queryContext, 
                dbDataReader: dataReader, 
                resultCoordinator: resultCoordinator, 
                parentIdentifier: [LIFTABLE Constant: Func<QueryContext, DbDataReader, object[]> | Resolver: _ => (queryContext, dataReader) => new object[]{ (object)(int?)dataReader.GetInt32(0) }], 
                outerIdentifier: [LIFTABLE Constant: Func<QueryContext, DbDataReader, object[]> | Resolver: _ => (queryContext, dataReader) => new object[]{ (object)(int?)dataReader.GetInt32(0) }], 
                selfIdentifier: [LIFTABLE Constant: Func<QueryContext, DbDataReader, object[]> | Resolver: _ => (queryContext, dataReader) => new object[]{ (object)dataReader.IsDBNull(3) ? default(int?) : (int?)dataReader.GetInt32(3) }], 
                parentIdentifierValueComparers: [LIFTABLE Constant: Func<object, object, bool>[] { Func<object, object, bool> } | Resolver: _ => new Func<object, object, bool>[]{ (left, right) => left == null ? right == null : right != null && (int)left == (int)right }], 
                outerIdentifierValueComparers: [LIFTABLE Constant: Func<object, object, bool>[] { Func<object, object, bool> } | Resolver: _ => new Func<object, object, bool>[]{ (left, right) => left == null ? right == null : right != null && (int)left == (int)right }], 
                selfIdentifierValueComparers: [LIFTABLE Constant: Func<object, object, bool>[] { Func<object, object, bool> } | Resolver: _ => new Func<object, object, bool>[]{ (left, right) => left == null ? right == null : right != null && (int)left == (int)right }], 
                innerShaper: (queryContext, dataReader, resultContext, resultCoordinator) => 
                {
                    Journal entity;
                    entity = 
                    {
                        MaterializationContext materializationContext2;
                        IEntityType entityType2;
                        Journal instance2;
                        InternalEntityEntry entry2;
                        bool hasNullKey2;
                        materializationContext2 = new MaterializationContext(
                            [LIFTABLE Constant: ValueBuffer | Resolver: _ => (object)ValueBuffer.Empty], 
                            queryContext.Context
                        );
                        instance2 = default(Journal);
                        entry2 = queryContext.TryGetEntry(
                            key: [LIFTABLE Constant: Key: Journal.Id PK | Resolver: c => c.Dependencies.Model.FindEntityType("JournalApp.Domain.Journal.Journal").FindPrimaryKey()], 
                            keyValues: new object[]{ dataReader.IsDBNull(3) ? default(object) : (object)dataReader.GetInt32(3) }, 
                            throwOnNullKey: False, 
                            hasNullKey: hasNullKey2);
                        !(hasNullKey2) ? entry2 != default(InternalEntityEntry) ? 
                        {
                            entityType2 = entry2.EntityType;
                            return instance2 = (Journal)entry2.Entity;
                        } : 
                        {
                            ISnapshot shadowSnapshot2;
                            shadowSnapshot2 = [LIFTABLE Constant: Snapshot | Resolver: _ => Snapshot.Empty];
                            entityType2 = [LIFTABLE Constant: EntityType: Journal | Resolver: namelessParameter{5} => namelessParameter{5}.Dependencies.Model.FindEntityType("JournalApp.Domain.Journal.Journal")];
                            instance2 = switch (entityType2)
                            {
                                case [LIFTABLE Constant: EntityType: Journal | Resolver: namelessParameter{6} => namelessParameter{6}.Dependencies.Model.FindEntityType("JournalApp.Domain.Journal.Journal")]: 
                                    {
                                        return 
                                        {
                                            Journal instance;
                                            instance = new Journal();
                                            instance.<Id>k__BackingField = dataReader.IsDBNull(3) ? default(int) : dataReader.GetInt32(3);
                                            instance.<Content>k__BackingField = dataReader.IsDBNull(4) ? default(string) : dataReader.GetString(4);
                                            {
                                                List<string> namelessParameter{7};
                                                namelessParameter{7} = instance.<Images>k__BackingField;
                                                namelessParameter{7} == null || dataReader.IsDBNull(5) ? default(List<string>) : (List<string>)Invoke(((CollectionToJsonStringConverter<string>)((IReadOnlyProperty)[LIFTABLE Constant: Property: Journal.Images (List<string>) Required Element type: string Required | Resolver: namelessParameter{8} => namelessParameter{8}.Dependencies.Model.FindEntityType("JournalApp.Domain.Journal.Journal").FindProperty("Images")]).GetTypeMapping().Converter).ConvertFromProviderTyped, dataReader.GetString(5)) == null || namelessParameter{7}.IsReadOnly ? instance.<Images>k__BackingField = dataReader.IsDBNull(5) ? default(List<string>) : (List<string>)Invoke(((CollectionToJsonStringConverter<string>)((IReadOnlyProperty)[LIFTABLE Constant: Property: Journal.Images (List<string>) Required Element type: string Required | Resolver: namelessParameter{9} => namelessParameter{9}.Dependencies.Model.FindEntityType("JournalApp.Domain.Journal.Journal").FindProperty("Images")]).GetTypeMapping().Converter).ConvertFromProviderTyped, dataReader.GetString(5)) : EntityMaterializerSource.PopulateList<string>(
                                                    buffer: dataReader.IsDBNull(5) ? default(List<string>) : (List<string>)Invoke(((CollectionToJsonStringConverter<string>)((IReadOnlyProperty)[LIFTABLE Constant: Property: Journal.Images (List<string>) Required Element type: string Required | Resolver: namelessParameter{10} => namelessParameter{10}.Dependencies.Model.FindEntityType("JournalApp.Domain.Journal.Journal").FindProperty("Images")]).GetTypeMapping().Converter).ConvertFromProviderTyped, dataReader.GetString(5)), 
                                                    target: namelessParameter{7});
                                            }instance.<Title>k__BackingField = dataReader.IsDBNull(6) ? default(string) : dataReader.GetString(6);
                                            instance.<UserId>k__BackingField = dataReader.IsDBNull(7) ? default(int) : dataReader.GetInt32(7);
                                            (instance is IInjectableService) ? ((IInjectableService)instance).Injected(
                                                context: materializationContext2.Context, 
                                                entity: instance, 
                                                queryTrackingBehavior: TrackAll, 
                                                structuralType: [LIFTABLE Constant: EntityType: Journal | Resolver: namelessParameter{11} => namelessParameter{11}.Dependencies.Model.FindEntityType("JournalApp.Domain.Journal.Journal")]) : default(void);
                                            return instance;
                                        }}
                                default: 
                                    default(Journal)
                            }
                            ;
                            entry2 = entityType2 == default(IEntityType) ? default(InternalEntityEntry) : queryContext.StartTracking(
                                entityType: entityType2, 
                                entity: instance2, 
                                snapshot: shadowSnapshot2);
                            return instance2;
                        } : default(void);
                        return instance2;
                    };
                    return entity;
                }, 
                inverseNavigation: [LIFTABLE Constant: Navigation: Journal.User (User) ToPrincipal User Inverse: Journals | Resolver: namelessParameter{12} => namelessParameter{12}.Dependencies.Model.FindEntityType("JournalApp.Domain.Journal.Journal").FindNavigation("User")], 
                fixup: (namelessParameter{13}, namelessParameter{14}) => 
                {
                    [LIFTABLE Constant: ClrICollectionAccessor<User, List<Journal>, Journal> | Resolver: namelessParameter{15} => namelessParameter{15}.Dependencies.Model.FindEntityType("JournalApp.Domain.User.User").FindNavigation("Journals").GetCollectionAccessor()].Add(
                        entity: namelessParameter{13}, 
                        value: namelessParameter{14}, 
                        forMaterialization: True);
                    return namelessParameter{14}.<User>k__BackingField = namelessParameter{13};
                }, 
                trackingQuery: True);
            return IsTrue(resultCoordinator.ResultReady)
             ? (User)(resultContext.Values[0]) : default(User);
        }, 
        contextType: JournalApp.Infrastructure.JournalAppDbContext, 
        standAloneStateManager: False, 
        detailedErrorsEnabled: False, 
        threadSafetyChecksEnabled: True), 
    cancellationToken: queryContext.CancellationToken)'
2026-06-05 18:39:28.099 +03:00 [DBG] Creating DbConnection.
2026-06-05 18:39:28.106 +03:00 [DBG] Created DbConnection. (6ms).
2026-06-05 18:39:28.109 +03:00 [DBG] Opening connection to database 'main' on server '/Users/sgrancharov/dev/dotnet/JournalApp/JournalApp/JournalApp.Infrastructure/JournalApp.db'.
2026-06-05 18:39:28.117 +03:00 [DBG] Opened connection to database 'main' on server '/Users/sgrancharov/dev/dotnet/JournalApp/JournalApp/JournalApp.Infrastructure/JournalApp.db'.
2026-06-05 18:39:28.120 +03:00 [DBG] Creating DbCommand for 'ExecuteReader'.
2026-06-05 18:39:28.123 +03:00 [DBG] Created DbCommand for 'ExecuteReader' (1ms).
2026-06-05 18:39:28.124 +03:00 [DBG] Initialized DbCommand for 'ExecuteReader' (4ms).
2026-06-05 18:39:28.129 +03:00 [DBG] Executing DbCommand [Parameters=[@__userName_0='?' (Size = 7)], CommandType='"Text"', CommandTimeout='30']
SELECT "u0"."Id", "u0"."Password", "u0"."UserName", "j"."Id", "j"."Content", "j"."Images", "j"."Title", "j"."UserId"
FROM (
    SELECT "u"."Id", "u"."Password", "u"."UserName"
    FROM "Users" AS "u"
    WHERE "u"."UserName" = @__userName_0
    LIMIT 1
) AS "u0"
LEFT JOIN "Journals" AS "j" ON "u0"."Id" = "j"."UserId"
ORDER BY "u0"."Id"
2026-06-05 18:39:28.142 +03:00 [INF] Executed DbCommand (11ms) [Parameters=[@__userName_0='?' (Size = 7)], CommandType='"Text"', CommandTimeout='30']
SELECT "u0"."Id", "u0"."Password", "u0"."UserName", "j"."Id", "j"."Content", "j"."Images", "j"."Title", "j"."UserId"
FROM (
    SELECT "u"."Id", "u"."Password", "u"."UserName"
    FROM "Users" AS "u"
    WHERE "u"."UserName" = @__userName_0
    LIMIT 1
) AS "u0"
LEFT JOIN "Journals" AS "j" ON "u0"."Id" = "j"."UserId"
ORDER BY "u0"."Id"
2026-06-05 18:39:28.160 +03:00 [DBG] Context 'JournalAppDbContext' started tracking 'User' entity. Consider using 'DbContextOptionsBuilder.EnableSensitiveDataLogging' to see key values.
2026-06-05 18:39:28.181 +03:00 [DBG] Context 'JournalAppDbContext' started tracking 'Journal' entity. Consider using 'DbContextOptionsBuilder.EnableSensitiveDataLogging' to see key values.
2026-06-05 18:39:28.186 +03:00 [DBG] Closing data reader to 'main' on server '/Users/sgrancharov/dev/dotnet/JournalApp/JournalApp/JournalApp.Infrastructure/JournalApp.db'.
2026-06-05 18:39:28.189 +03:00 [DBG] A data reader for 'main' on server '/Users/sgrancharov/dev/dotnet/JournalApp/JournalApp/JournalApp.Infrastructure/JournalApp.db' is being disposed after spending 43ms reading results.
2026-06-05 18:39:28.191 +03:00 [DBG] Closing connection to database 'main' on server '/Users/sgrancharov/dev/dotnet/JournalApp/JournalApp/JournalApp.Infrastructure/JournalApp.db'.
2026-06-05 18:39:28.193 +03:00 [DBG] Closed connection to database 'main' on server '/Users/sgrancharov/dev/dotnet/JournalApp/JournalApp/JournalApp.Infrastructure/JournalApp.db' (1ms).
2026-06-05 18:39:36.379 +03:00 [WRN] You do not have a valid license key for the Lucky Penny software AutoMapper. This is allowed for development and testing scenarios. If you are running in production you are required to have a licensed version. Please visit https://luckypennysoftware.com to obtain a valid license.
2026-06-05 18:39:44.382 +03:00 [DBG] An 'IServiceProvider' was created for internal use by Entity Framework.
2026-06-05 18:39:44.923 +03:00 [DBG] Entity Framework Core 9.0.7 initialized 'JournalAppDbContext' using provider 'Microsoft.EntityFrameworkCore.Sqlite:9.0.7' with options: None
2026-06-05 18:39:44.943 +03:00 [DBG] 'JournalAppDbContext' generated a temporary value for the property 'User.Id'. Consider using 'DbContextOptionsBuilder.EnableSensitiveDataLogging' to see key values.
2026-06-05 18:39:44.971 +03:00 [DBG] Context 'JournalAppDbContext' started tracking 'User' entity. Consider using 'DbContextOptionsBuilder.EnableSensitiveDataLogging' to see key values.
2026-06-05 18:39:44.974 +03:00 [DBG] SaveChanges starting for 'JournalAppDbContext'.
2026-06-05 18:39:44.976 +03:00 [DBG] DetectChanges starting for 'JournalAppDbContext'.
2026-06-05 18:39:44.980 +03:00 [DBG] DetectChanges completed for 'JournalAppDbContext'.
2026-06-05 18:39:45.043 +03:00 [DBG] Creating DbConnection.
2026-06-05 18:39:45.050 +03:00 [DBG] Created DbConnection. (6ms).
2026-06-05 18:39:45.053 +03:00 [DBG] Opening connection to database 'main' on server '/Users/sgrancharov/dev/dotnet/JournalApp/JournalApp/JournalApp.Infrastructure/JournalApp.db'.
2026-06-05 18:39:45.060 +03:00 [DBG] Opened connection to database 'main' on server '/Users/sgrancharov/dev/dotnet/JournalApp/JournalApp/JournalApp.Infrastructure/JournalApp.db'.
2026-06-05 18:39:45.065 +03:00 [DBG] Creating DbCommand for 'ExecuteReader'.
2026-06-05 18:39:45.068 +03:00 [DBG] Created DbCommand for 'ExecuteReader' (1ms).
2026-06-05 18:39:45.070 +03:00 [DBG] Initialized DbCommand for 'ExecuteReader' (5ms).
2026-06-05 18:39:45.075 +03:00 [DBG] Executing DbCommand [Parameters=[@p0='?' (Size = 60), @p1='?' (Size = 7)], CommandType='"Text"', CommandTimeout='30']
INSERT INTO "Users" ("Password", "UserName")
VALUES (@p0, @p1)
RETURNING "Id";
2026-06-05 18:39:45.095 +03:00 [INF] Executed DbCommand (14ms) [Parameters=[@p0='?' (Size = 60), @p1='?' (Size = 7)], CommandType='"Text"', CommandTimeout='30']
INSERT INTO "Users" ("Password", "UserName")
VALUES (@p0, @p1)
RETURNING "Id";
2026-06-05 18:39:45.105 +03:00 [DBG] The foreign key property 'User.Id' was detected as changed. Consider using 'DbContextOptionsBuilder.EnableSensitiveDataLogging' to see property values.
2026-06-05 18:39:45.110 +03:00 [DBG] Closing data reader to 'main' on server '/Users/sgrancharov/dev/dotnet/JournalApp/JournalApp/JournalApp.Infrastructure/JournalApp.db'.
2026-06-05 18:39:45.114 +03:00 [DBG] A data reader for 'main' on server '/Users/sgrancharov/dev/dotnet/JournalApp/JournalApp/JournalApp.Infrastructure/JournalApp.db' is being disposed after spending 14ms reading results.
2026-06-05 18:39:45.116 +03:00 [DBG] Closing connection to database 'main' on server '/Users/sgrancharov/dev/dotnet/JournalApp/JournalApp/JournalApp.Infrastructure/JournalApp.db'.
2026-06-05 18:39:45.118 +03:00 [DBG] Closed connection to database 'main' on server '/Users/sgrancharov/dev/dotnet/JournalApp/JournalApp/JournalApp.Infrastructure/JournalApp.db' (1ms).
2026-06-05 18:39:45.123 +03:00 [DBG] An entity of type 'User' tracked by 'JournalAppDbContext' changed state from '"Added"' to '"Unchanged"'. Consider using 'DbContextOptionsBuilder.EnableSensitiveDataLogging' to see key values.
2026-06-05 18:39:45.123 +03:00 [DBG] SaveChanges completed for 'JournalAppDbContext' with 1 entities written to the database.
2026-06-05 18:39:52.069 +03:00 [DBG] Compiling query expression: 
'DbSet<User>()
    .Include(u => u.Journals)
    .FirstOrDefault(u => u.UserName == __userName_0)'
2026-06-05 18:39:52.095 +03:00 [DBG] Including navigation: 'User.Journals'.
2026-06-05 18:39:52.201 +03:00 [DBG] Generated query execution expression: 
'queryContext => ShapedQueryCompilingExpressionVisitor.SingleOrDefaultAsync<User>(
    asyncEnumerable: SingleQueryingEnumerable.Create<User>(
        relationalQueryContext: (RelationalQueryContext)queryContext, 
        relationalCommandResolver: parameters => [LIFTABLE Constant: RelationalCommandCache.QueryExpression(
            Client Projections:
                0 -> Dictionary<IProperty, int> { [Property: User.Id (int) Required PK AfterSave:Throw ValueGenerated.OnAdd, 0], [Property: User.Password (string) Required, 1], [Property: User.UserName (string) Required, 2] }
                1 -> 0
                2 -> Dictionary<IProperty, int> { [Property: Journal.Id (int) Required PK AfterSave:Throw ValueGenerated.OnAdd, 3], [Property: Journal.Content (string) Required, 4], [Property: Journal.Images (List<string>) Required Element type: string Required, 5], [Property: Journal.Title (string) Required, 6], [Property: Journal.UserId (int) Required FK Index, 7] }
                3 -> 3
            SELECT u0.Id, u0.Password, u0.UserName, j.Id, j.Content, j.Images, j.Title, j.UserId
            FROM 
            (
                SELECT TOP(1) u.Id, u.Password, u.UserName
                FROM Users AS u
                WHERE u.UserName == @__userName_0
            ) AS u0
            LEFT JOIN Journals AS j ON u0.Id == j.UserId
            ORDER BY u0.Id ASC) | Resolver: c => new RelationalCommandCache(
            c.Dependencies.MemoryCache, 
            c.RelationalDependencies.QuerySqlGeneratorFactory, 
            c.RelationalDependencies.RelationalParameterBasedSqlProcessorFactory, 
            Client Projections:
                0 -> Dictionary<IProperty, int> { [Property: User.Id (int) Required PK AfterSave:Throw ValueGenerated.OnAdd, 0], [Property: User.Password (string) Required, 1], [Property: User.UserName (string) Required, 2] }
                1 -> 0
                2 -> Dictionary<IProperty, int> { [Property: Journal.Id (int) Required PK AfterSave:Throw ValueGenerated.OnAdd, 3], [Property: Journal.Content (string) Required, 4], [Property: Journal.Images (List<string>) Required Element type: string Required, 5], [Property: Journal.Title (string) Required, 6], [Property: Journal.UserId (int) Required FK Index, 7] }
                3 -> 3
            SELECT u0.Id, u0.Password, u0.UserName, j.Id, j.Content, j.Images, j.Title, j.UserId
            FROM 
            (
                SELECT TOP(1) u.Id, u.Password, u.UserName
                FROM Users AS u
                WHERE u.UserName == @__userName_0
            ) AS u0
            LEFT JOIN Journals AS j ON u0.Id == j.UserId
            ORDER BY u0.Id ASC, 
            False, 
            new HashSet<string>(
                new string[]{ }, 
                StringComparer.Ordinal
            )
        )].GetRelationalCommandTemplate(parameters), 
        readerColumns: null, 
        shaper: (queryContext, dataReader, resultContext, resultCoordinator) => 
        {
            resultContext.Values == null ? 
            {
                User entity;
                entity = 
                {
                    MaterializationContext materializationContext1;
                    IEntityType entityType1;
                    User instance1;
                    InternalEntityEntry entry1;
                    bool hasNullKey1;
                    materializationContext1 = new MaterializationContext(
                        [LIFTABLE Constant: ValueBuffer | Resolver: _ => (object)ValueBuffer.Empty], 
                        queryContext.Context
                    );
                    instance1 = default(User);
                    entry1 = queryContext.TryGetEntry(
                        key: [LIFTABLE Constant: Key: User.Id PK | Resolver: c => c.Dependencies.Model.FindEntityType("JournalApp.Domain.User.User").FindPrimaryKey()], 
                        keyValues: new object[]{ (object)dataReader.GetInt32(0) }, 
                        throwOnNullKey: True, 
                        hasNullKey: hasNullKey1);
                    !(hasNullKey1) ? entry1 != default(InternalEntityEntry) ? 
                    {
                        entityType1 = entry1.EntityType;
                        return instance1 = (User)entry1.Entity;
                    } : 
                    {
                        ISnapshot shadowSnapshot1;
                        shadowSnapshot1 = [LIFTABLE Constant: Snapshot | Resolver: _ => Snapshot.Empty];
                        entityType1 = [LIFTABLE Constant: EntityType: User | Resolver: namelessParameter{0} => namelessParameter{0}.Dependencies.Model.FindEntityType("JournalApp.Domain.User.User")];
                        instance1 = switch (entityType1)
                        {
                            case [LIFTABLE Constant: EntityType: User | Resolver: namelessParameter{1} => namelessParameter{1}.Dependencies.Model.FindEntityType("JournalApp.Domain.User.User")]: 
                                {
                                    return 
                                    {
                                        User instance;
                                        instance = new User();
                                        instance.<Id>k__BackingField = dataReader.GetInt32(0);
                                        instance.<Password>k__BackingField = dataReader.GetString(1);
                                        instance.<UserName>k__BackingField = dataReader.GetString(2);
                                        (instance is IInjectableService) ? ((IInjectableService)instance).Injected(
                                            context: materializationContext1.Context, 
                                            entity: instance, 
                                            queryTrackingBehavior: TrackAll, 
                                            structuralType: [LIFTABLE Constant: EntityType: User | Resolver: namelessParameter{2} => namelessParameter{2}.Dependencies.Model.FindEntityType("JournalApp.Domain.User.User")]) : default(void);
                                        return instance;
                                    }}
                            default: 
                                default(User)
                        }
                        ;
                        entry1 = entityType1 == default(IEntityType) ? default(InternalEntityEntry) : queryContext.StartTracking(
                            entityType: entityType1, 
                            entity: instance1, 
                            snapshot: shadowSnapshot1);
                        return instance1;
                    } : default(void);
                    return instance1;
                };
                resultContext.Values = new object[]{ entity };
                ShaperProcessingExpressionVisitor.InitializeIncludeCollection<User, User>(
                    collectionId: 0, 
                    queryContext: queryContext, 
                    dbDataReader: dataReader, 
                    resultCoordinator: resultCoordinator, 
                    entity: (User)(resultContext.Values[0]), 
                    parentIdentifier: [LIFTABLE Constant: Func<QueryContext, DbDataReader, object[]> | Resolver: _ => (queryContext, dataReader) => new object[]{ (object)(int?)dataReader.GetInt32(0) }], 
                    outerIdentifier: [LIFTABLE Constant: Func<QueryContext, DbDataReader, object[]> | Resolver: _ => (queryContext, dataReader) => new object[]{ (object)(int?)dataReader.GetInt32(0) }], 
                    navigation: [LIFTABLE Constant: Navigation: User.Journals (List<Journal>) Collection ToDependent Journal Inverse: User | Resolver: namelessParameter{3} => namelessParameter{3}.Dependencies.Model.FindEntityType("JournalApp.Domain.User.User").FindNavigation("Journals")], 
                    clrCollectionAccessor: [LIFTABLE Constant: ClrICollectionAccessor<User, List<Journal>, Journal> | Resolver: namelessParameter{4} => namelessParameter{4}.Dependencies.Model.FindEntityType("JournalApp.Domain.User.User").FindNavigation("Journals").GetCollectionAccessor()], 
                    trackingQuery: True, 
                    setLoaded: True);
            } : default(void);
            ShaperProcessingExpressionVisitor.PopulateIncludeCollection<User, Journal>(
                collectionId: 0, 
                queryContext: queryContext, 
                dbDataReader: dataReader, 
                resultCoordinator: resultCoordinator, 
                parentIdentifier: [LIFTABLE Constant: Func<QueryContext, DbDataReader, object[]> | Resolver: _ => (queryContext, dataReader) => new object[]{ (object)(int?)dataReader.GetInt32(0) }], 
                outerIdentifier: [LIFTABLE Constant: Func<QueryContext, DbDataReader, object[]> | Resolver: _ => (queryContext, dataReader) => new object[]{ (object)(int?)dataReader.GetInt32(0) }], 
                selfIdentifier: [LIFTABLE Constant: Func<QueryContext, DbDataReader, object[]> | Resolver: _ => (queryContext, dataReader) => new object[]{ (object)dataReader.IsDBNull(3) ? default(int?) : (int?)dataReader.GetInt32(3) }], 
                parentIdentifierValueComparers: [LIFTABLE Constant: Func<object, object, bool>[] { Func<object, object, bool> } | Resolver: _ => new Func<object, object, bool>[]{ (left, right) => left == null ? right == null : right != null && (int)left == (int)right }], 
                outerIdentifierValueComparers: [LIFTABLE Constant: Func<object, object, bool>[] { Func<object, object, bool> } | Resolver: _ => new Func<object, object, bool>[]{ (left, right) => left == null ? right == null : right != null && (int)left == (int)right }], 
                selfIdentifierValueComparers: [LIFTABLE Constant: Func<object, object, bool>[] { Func<object, object, bool> } | Resolver: _ => new Func<object, object, bool>[]{ (left, right) => left == null ? right == null : right != null && (int)left == (int)right }], 
                innerShaper: (queryContext, dataReader, resultContext, resultCoordinator) => 
                {
                    Journal entity;
                    entity = 
                    {
                        MaterializationContext materializationContext2;
                        IEntityType entityType2;
                        Journal instance2;
                        InternalEntityEntry entry2;
                        bool hasNullKey2;
                        materializationContext2 = new MaterializationContext(
                            [LIFTABLE Constant: ValueBuffer | Resolver: _ => (object)ValueBuffer.Empty], 
                            queryContext.Context
                        );
                        instance2 = default(Journal);
                        entry2 = queryContext.TryGetEntry(
                            key: [LIFTABLE Constant: Key: Journal.Id PK | Resolver: c => c.Dependencies.Model.FindEntityType("JournalApp.Domain.Journal.Journal").FindPrimaryKey()], 
                            keyValues: new object[]{ dataReader.IsDBNull(3) ? default(object) : (object)dataReader.GetInt32(3) }, 
                            throwOnNullKey: False, 
                            hasNullKey: hasNullKey2);
                        !(hasNullKey2) ? entry2 != default(InternalEntityEntry) ? 
                        {
                            entityType2 = entry2.EntityType;
                            return instance2 = (Journal)entry2.Entity;
                        } : 
                        {
                            ISnapshot shadowSnapshot2;
                            shadowSnapshot2 = [LIFTABLE Constant: Snapshot | Resolver: _ => Snapshot.Empty];
                            entityType2 = [LIFTABLE Constant: EntityType: Journal | Resolver: namelessParameter{5} => namelessParameter{5}.Dependencies.Model.FindEntityType("JournalApp.Domain.Journal.Journal")];
                            instance2 = switch (entityType2)
                            {
                                case [LIFTABLE Constant: EntityType: Journal | Resolver: namelessParameter{6} => namelessParameter{6}.Dependencies.Model.FindEntityType("JournalApp.Domain.Journal.Journal")]: 
                                    {
                                        return 
                                        {
                                            Journal instance;
                                            instance = new Journal();
                                            instance.<Id>k__BackingField = dataReader.IsDBNull(3) ? default(int) : dataReader.GetInt32(3);
                                            instance.<Content>k__BackingField = dataReader.IsDBNull(4) ? default(string) : dataReader.GetString(4);
                                            {
                                                List<string> namelessParameter{7};
                                                namelessParameter{7} = instance.<Images>k__BackingField;
                                                namelessParameter{7} == null || dataReader.IsDBNull(5) ? default(List<string>) : (List<string>)Invoke(((CollectionToJsonStringConverter<string>)((IReadOnlyProperty)[LIFTABLE Constant: Property: Journal.Images (List<string>) Required Element type: string Required | Resolver: namelessParameter{8} => namelessParameter{8}.Dependencies.Model.FindEntityType("JournalApp.Domain.Journal.Journal").FindProperty("Images")]).GetTypeMapping().Converter).ConvertFromProviderTyped, dataReader.GetString(5)) == null || namelessParameter{7}.IsReadOnly ? instance.<Images>k__BackingField = dataReader.IsDBNull(5) ? default(List<string>) : (List<string>)Invoke(((CollectionToJsonStringConverter<string>)((IReadOnlyProperty)[LIFTABLE Constant: Property: Journal.Images (List<string>) Required Element type: string Required | Resolver: namelessParameter{9} => namelessParameter{9}.Dependencies.Model.FindEntityType("JournalApp.Domain.Journal.Journal").FindProperty("Images")]).GetTypeMapping().Converter).ConvertFromProviderTyped, dataReader.GetString(5)) : EntityMaterializerSource.PopulateList<string>(
                                                    buffer: dataReader.IsDBNull(5) ? default(List<string>) : (List<string>)Invoke(((CollectionToJsonStringConverter<string>)((IReadOnlyProperty)[LIFTABLE Constant: Property: Journal.Images (List<string>) Required Element type: string Required | Resolver: namelessParameter{10} => namelessParameter{10}.Dependencies.Model.FindEntityType("JournalApp.Domain.Journal.Journal").FindProperty("Images")]).GetTypeMapping().Converter).ConvertFromProviderTyped, dataReader.GetString(5)), 
                                                    target: namelessParameter{7});
                                            }instance.<Title>k__BackingField = dataReader.IsDBNull(6) ? default(string) : dataReader.GetString(6);
                                            instance.<UserId>k__BackingField = dataReader.IsDBNull(7) ? default(int) : dataReader.GetInt32(7);
                                            (instance is IInjectableService) ? ((IInjectableService)instance).Injected(
                                                context: materializationContext2.Context, 
                                                entity: instance, 
                                                queryTrackingBehavior: TrackAll, 
                                                structuralType: [LIFTABLE Constant: EntityType: Journal | Resolver: namelessParameter{11} => namelessParameter{11}.Dependencies.Model.FindEntityType("JournalApp.Domain.Journal.Journal")]) : default(void);
                                            return instance;
                                        }}
                                default: 
                                    default(Journal)
                            }
                            ;
                            entry2 = entityType2 == default(IEntityType) ? default(InternalEntityEntry) : queryContext.StartTracking(
                                entityType: entityType2, 
                                entity: instance2, 
                                snapshot: shadowSnapshot2);
                            return instance2;
                        } : default(void);
                        return instance2;
                    };
                    return entity;
                }, 
                inverseNavigation: [LIFTABLE Constant: Navigation: Journal.User (User) ToPrincipal User Inverse: Journals | Resolver: namelessParameter{12} => namelessParameter{12}.Dependencies.Model.FindEntityType("JournalApp.Domain.Journal.Journal").FindNavigation("User")], 
                fixup: (namelessParameter{13}, namelessParameter{14}) => 
                {
                    [LIFTABLE Constant: ClrICollectionAccessor<User, List<Journal>, Journal> | Resolver: namelessParameter{15} => namelessParameter{15}.Dependencies.Model.FindEntityType("JournalApp.Domain.User.User").FindNavigation("Journals").GetCollectionAccessor()].Add(
                        entity: namelessParameter{13}, 
                        value: namelessParameter{14}, 
                        forMaterialization: True);
                    return namelessParameter{14}.<User>k__BackingField = namelessParameter{13};
                }, 
                trackingQuery: True);
            return IsTrue(resultCoordinator.ResultReady)
             ? (User)(resultContext.Values[0]) : default(User);
        }, 
        contextType: JournalApp.Infrastructure.JournalAppDbContext, 
        standAloneStateManager: False, 
        detailedErrorsEnabled: False, 
        threadSafetyChecksEnabled: True), 
    cancellationToken: queryContext.CancellationToken)'
2026-06-05 18:39:52.220 +03:00 [DBG] Opening connection to database 'main' on server '/Users/sgrancharov/dev/dotnet/JournalApp/JournalApp/JournalApp.Infrastructure/JournalApp.db'.
2026-06-05 18:39:52.220 +03:00 [DBG] Opened connection to database 'main' on server '/Users/sgrancharov/dev/dotnet/JournalApp/JournalApp/JournalApp.Infrastructure/JournalApp.db'.
2026-06-05 18:39:52.220 +03:00 [DBG] Creating DbCommand for 'ExecuteReader'.
2026-06-05 18:39:52.220 +03:00 [DBG] Created DbCommand for 'ExecuteReader' (0ms).
2026-06-05 18:39:52.220 +03:00 [DBG] Initialized DbCommand for 'ExecuteReader' (0ms).
2026-06-05 18:39:52.220 +03:00 [DBG] Executing DbCommand [Parameters=[@__userName_0='?' (Size = 7)], CommandType='"Text"', CommandTimeout='30']
SELECT "u0"."Id", "u0"."Password", "u0"."UserName", "j"."Id", "j"."Content", "j"."Images", "j"."Title", "j"."UserId"
FROM (
    SELECT "u"."Id", "u"."Password", "u"."UserName"
    FROM "Users" AS "u"
    WHERE "u"."UserName" = @__userName_0
    LIMIT 1
) AS "u0"
LEFT JOIN "Journals" AS "j" ON "u0"."Id" = "j"."UserId"
ORDER BY "u0"."Id"
2026-06-05 18:39:52.221 +03:00 [INF] Executed DbCommand (0ms) [Parameters=[@__userName_0='?' (Size = 7)], CommandType='"Text"', CommandTimeout='30']
SELECT "u0"."Id", "u0"."Password", "u0"."UserName", "j"."Id", "j"."Content", "j"."Images", "j"."Title", "j"."UserId"
FROM (
    SELECT "u"."Id", "u"."Password", "u"."UserName"
    FROM "Users" AS "u"
    WHERE "u"."UserName" = @__userName_0
    LIMIT 1
) AS "u0"
LEFT JOIN "Journals" AS "j" ON "u0"."Id" = "j"."UserId"
ORDER BY "u0"."Id"
2026-06-05 18:39:52.223 +03:00 [DBG] Context 'JournalAppDbContext' started tracking 'User' entity. Consider using 'DbContextOptionsBuilder.EnableSensitiveDataLogging' to see key values.
2026-06-05 18:39:52.231 +03:00 [DBG] Context 'JournalAppDbContext' started tracking 'Journal' entity. Consider using 'DbContextOptionsBuilder.EnableSensitiveDataLogging' to see key values.
2026-06-05 18:39:52.235 +03:00 [DBG] Closing data reader to 'main' on server '/Users/sgrancharov/dev/dotnet/JournalApp/JournalApp/JournalApp.Infrastructure/JournalApp.db'.
2026-06-05 18:39:52.235 +03:00 [DBG] A data reader for 'main' on server '/Users/sgrancharov/dev/dotnet/JournalApp/JournalApp/JournalApp.Infrastructure/JournalApp.db' is being disposed after spending 14ms reading results.
2026-06-05 18:39:52.235 +03:00 [DBG] Closing connection to database 'main' on server '/Users/sgrancharov/dev/dotnet/JournalApp/JournalApp/JournalApp.Infrastructure/JournalApp.db'.
2026-06-05 18:39:52.235 +03:00 [DBG] Closed connection to database 'main' on server '/Users/sgrancharov/dev/dotnet/JournalApp/JournalApp/JournalApp.Infrastructure/JournalApp.db' (0ms).
2026-06-05 18:45:02.827 +03:00 [WRN] You do not have a valid license key for the Lucky Penny software AutoMapper. This is allowed for development and testing scenarios. If you are running in production you are required to have a licensed version. Please visit https://luckypennysoftware.com to obtain a valid license.
2026-06-05 18:45:09.848 +03:00 [DBG] An 'IServiceProvider' was created for internal use by Entity Framework.
2026-06-05 18:45:10.325 +03:00 [DBG] Entity Framework Core 9.0.7 initialized 'JournalAppDbContext' using provider 'Microsoft.EntityFrameworkCore.Sqlite:9.0.7' with options: None
2026-06-05 18:45:10.364 +03:00 [DBG] Compiling query expression: 
'DbSet<User>()
    .Include(u => u.Journals)
    .FirstOrDefault(u => u.UserName == __userName_0)'
2026-06-05 18:45:10.403 +03:00 [DBG] Including navigation: 'User.Journals'.
2026-06-05 18:45:10.568 +03:00 [DBG] Generated query execution expression: 
'queryContext => ShapedQueryCompilingExpressionVisitor.SingleOrDefaultAsync<User>(
    asyncEnumerable: SingleQueryingEnumerable.Create<User>(
        relationalQueryContext: (RelationalQueryContext)queryContext, 
        relationalCommandResolver: parameters => [LIFTABLE Constant: RelationalCommandCache.QueryExpression(
            Client Projections:
                0 -> Dictionary<IProperty, int> { [Property: User.Id (int) Required PK AfterSave:Throw ValueGenerated.OnAdd, 0], [Property: User.Password (string) Required, 1], [Property: User.UserName (string) Required, 2] }
                1 -> 0
                2 -> Dictionary<IProperty, int> { [Property: Journal.Id (int) Required PK AfterSave:Throw ValueGenerated.OnAdd, 3], [Property: Journal.Content (string) Required, 4], [Property: Journal.Images (List<string>) Required Element type: string Required, 5], [Property: Journal.Title (string) Required, 6], [Property: Journal.UserId (int) Required FK Index, 7] }
                3 -> 3
            SELECT u0.Id, u0.Password, u0.UserName, j.Id, j.Content, j.Images, j.Title, j.UserId
            FROM 
            (
                SELECT TOP(1) u.Id, u.Password, u.UserName
                FROM Users AS u
                WHERE u.UserName == @__userName_0
            ) AS u0
            LEFT JOIN Journals AS j ON u0.Id == j.UserId
            ORDER BY u0.Id ASC) | Resolver: c => new RelationalCommandCache(
            c.Dependencies.MemoryCache, 
            c.RelationalDependencies.QuerySqlGeneratorFactory, 
            c.RelationalDependencies.RelationalParameterBasedSqlProcessorFactory, 
            Client Projections:
                0 -> Dictionary<IProperty, int> { [Property: User.Id (int) Required PK AfterSave:Throw ValueGenerated.OnAdd, 0], [Property: User.Password (string) Required, 1], [Property: User.UserName (string) Required, 2] }
                1 -> 0
                2 -> Dictionary<IProperty, int> { [Property: Journal.Id (int) Required PK AfterSave:Throw ValueGenerated.OnAdd, 3], [Property: Journal.Content (string) Required, 4], [Property: Journal.Images (List<string>) Required Element type: string Required, 5], [Property: Journal.Title (string) Required, 6], [Property: Journal.UserId (int) Required FK Index, 7] }
                3 -> 3
            SELECT u0.Id, u0.Password, u0.UserName, j.Id, j.Content, j.Images, j.Title, j.UserId
            FROM 
            (
                SELECT TOP(1) u.Id, u.Password, u.UserName
                FROM Users AS u
                WHERE u.UserName == @__userName_0
            ) AS u0
            LEFT JOIN Journals AS j ON u0.Id == j.UserId
            ORDER BY u0.Id ASC, 
            False, 
            new HashSet<string>(
                new string[]{ }, 
                StringComparer.Ordinal
            )
        )].GetRelationalCommandTemplate(parameters), 
        readerColumns: null, 
        shaper: (queryContext, dataReader, resultContext, resultCoordinator) => 
        {
            resultContext.Values == null ? 
            {
                User entity;
                entity = 
                {
                    MaterializationContext materializationContext1;
                    IEntityType entityType1;
                    User instance1;
                    InternalEntityEntry entry1;
                    bool hasNullKey1;
                    materializationContext1 = new MaterializationContext(
                        [LIFTABLE Constant: ValueBuffer | Resolver: _ => (object)ValueBuffer.Empty], 
                        queryContext.Context
                    );
                    instance1 = default(User);
                    entry1 = queryContext.TryGetEntry(
                        key: [LIFTABLE Constant: Key: User.Id PK | Resolver: c => c.Dependencies.Model.FindEntityType("JournalApp.Domain.User.User").FindPrimaryKey()], 
                        keyValues: new object[]{ (object)dataReader.GetInt32(0) }, 
                        throwOnNullKey: True, 
                        hasNullKey: hasNullKey1);
                    !(hasNullKey1) ? entry1 != default(InternalEntityEntry) ? 
                    {
                        entityType1 = entry1.EntityType;
                        return instance1 = (User)entry1.Entity;
                    } : 
                    {
                        ISnapshot shadowSnapshot1;
                        shadowSnapshot1 = [LIFTABLE Constant: Snapshot | Resolver: _ => Snapshot.Empty];
                        entityType1 = [LIFTABLE Constant: EntityType: User | Resolver: namelessParameter{0} => namelessParameter{0}.Dependencies.Model.FindEntityType("JournalApp.Domain.User.User")];
                        instance1 = switch (entityType1)
                        {
                            case [LIFTABLE Constant: EntityType: User | Resolver: namelessParameter{1} => namelessParameter{1}.Dependencies.Model.FindEntityType("JournalApp.Domain.User.User")]: 
                                {
                                    return 
                                    {
                                        User instance;
                                        instance = new User();
                                        instance.<Id>k__BackingField = dataReader.GetInt32(0);
                                        instance.<Password>k__BackingField = dataReader.GetString(1);
                                        instance.<UserName>k__BackingField = dataReader.GetString(2);
                                        (instance is IInjectableService) ? ((IInjectableService)instance).Injected(
                                            context: materializationContext1.Context, 
                                            entity: instance, 
                                            queryTrackingBehavior: TrackAll, 
                                            structuralType: [LIFTABLE Constant: EntityType: User | Resolver: namelessParameter{2} => namelessParameter{2}.Dependencies.Model.FindEntityType("JournalApp.Domain.User.User")]) : default(void);
                                        return instance;
                                    }}
                            default: 
                                default(User)
                        }
                        ;
                        entry1 = entityType1 == default(IEntityType) ? default(InternalEntityEntry) : queryContext.StartTracking(
                            entityType: entityType1, 
                            entity: instance1, 
                            snapshot: shadowSnapshot1);
                        return instance1;
                    } : default(void);
                    return instance1;
                };
                resultContext.Values = new object[]{ entity };
                ShaperProcessingExpressionVisitor.InitializeIncludeCollection<User, User>(
                    collectionId: 0, 
                    queryContext: queryContext, 
                    dbDataReader: dataReader, 
                    resultCoordinator: resultCoordinator, 
                    entity: (User)(resultContext.Values[0]), 
                    parentIdentifier: [LIFTABLE Constant: Func<QueryContext, DbDataReader, object[]> | Resolver: _ => (queryContext, dataReader) => new object[]{ (object)(int?)dataReader.GetInt32(0) }], 
                    outerIdentifier: [LIFTABLE Constant: Func<QueryContext, DbDataReader, object[]> | Resolver: _ => (queryContext, dataReader) => new object[]{ (object)(int?)dataReader.GetInt32(0) }], 
                    navigation: [LIFTABLE Constant: Navigation: User.Journals (List<Journal>) Collection ToDependent Journal Inverse: User | Resolver: namelessParameter{3} => namelessParameter{3}.Dependencies.Model.FindEntityType("JournalApp.Domain.User.User").FindNavigation("Journals")], 
                    clrCollectionAccessor: [LIFTABLE Constant: ClrICollectionAccessor<User, List<Journal>, Journal> | Resolver: namelessParameter{4} => namelessParameter{4}.Dependencies.Model.FindEntityType("JournalApp.Domain.User.User").FindNavigation("Journals").GetCollectionAccessor()], 
                    trackingQuery: True, 
                    setLoaded: True);
            } : default(void);
            ShaperProcessingExpressionVisitor.PopulateIncludeCollection<User, Journal>(
                collectionId: 0, 
                queryContext: queryContext, 
                dbDataReader: dataReader, 
                resultCoordinator: resultCoordinator, 
                parentIdentifier: [LIFTABLE Constant: Func<QueryContext, DbDataReader, object[]> | Resolver: _ => (queryContext, dataReader) => new object[]{ (object)(int?)dataReader.GetInt32(0) }], 
                outerIdentifier: [LIFTABLE Constant: Func<QueryContext, DbDataReader, object[]> | Resolver: _ => (queryContext, dataReader) => new object[]{ (object)(int?)dataReader.GetInt32(0) }], 
                selfIdentifier: [LIFTABLE Constant: Func<QueryContext, DbDataReader, object[]> | Resolver: _ => (queryContext, dataReader) => new object[]{ (object)dataReader.IsDBNull(3) ? default(int?) : (int?)dataReader.GetInt32(3) }], 
                parentIdentifierValueComparers: [LIFTABLE Constant: Func<object, object, bool>[] { Func<object, object, bool> } | Resolver: _ => new Func<object, object, bool>[]{ (left, right) => left == null ? right == null : right != null && (int)left == (int)right }], 
                outerIdentifierValueComparers: [LIFTABLE Constant: Func<object, object, bool>[] { Func<object, object, bool> } | Resolver: _ => new Func<object, object, bool>[]{ (left, right) => left == null ? right == null : right != null && (int)left == (int)right }], 
                selfIdentifierValueComparers: [LIFTABLE Constant: Func<object, object, bool>[] { Func<object, object, bool> } | Resolver: _ => new Func<object, object, bool>[]{ (left, right) => left == null ? right == null : right != null && (int)left == (int)right }], 
                innerShaper: (queryContext, dataReader, resultContext, resultCoordinator) => 
                {
                    Journal entity;
                    entity = 
                    {
                        MaterializationContext materializationContext2;
                        IEntityType entityType2;
                        Journal instance2;
                        InternalEntityEntry entry2;
                        bool hasNullKey2;
                        materializationContext2 = new MaterializationContext(
                            [LIFTABLE Constant: ValueBuffer | Resolver: _ => (object)ValueBuffer.Empty], 
                            queryContext.Context
                        );
                        instance2 = default(Journal);
                        entry2 = queryContext.TryGetEntry(
                            key: [LIFTABLE Constant: Key: Journal.Id PK | Resolver: c => c.Dependencies.Model.FindEntityType("JournalApp.Domain.Journal.Journal").FindPrimaryKey()], 
                            keyValues: new object[]{ dataReader.IsDBNull(3) ? default(object) : (object)dataReader.GetInt32(3) }, 
                            throwOnNullKey: False, 
                            hasNullKey: hasNullKey2);
                        !(hasNullKey2) ? entry2 != default(InternalEntityEntry) ? 
                        {
                            entityType2 = entry2.EntityType;
                            return instance2 = (Journal)entry2.Entity;
                        } : 
                        {
                            ISnapshot shadowSnapshot2;
                            shadowSnapshot2 = [LIFTABLE Constant: Snapshot | Resolver: _ => Snapshot.Empty];
                            entityType2 = [LIFTABLE Constant: EntityType: Journal | Resolver: namelessParameter{5} => namelessParameter{5}.Dependencies.Model.FindEntityType("JournalApp.Domain.Journal.Journal")];
                            instance2 = switch (entityType2)
                            {
                                case [LIFTABLE Constant: EntityType: Journal | Resolver: namelessParameter{6} => namelessParameter{6}.Dependencies.Model.FindEntityType("JournalApp.Domain.Journal.Journal")]: 
                                    {
                                        return 
                                        {
                                            Journal instance;
                                            instance = new Journal();
                                            instance.<Id>k__BackingField = dataReader.IsDBNull(3) ? default(int) : dataReader.GetInt32(3);
                                            instance.<Content>k__BackingField = dataReader.IsDBNull(4) ? default(string) : dataReader.GetString(4);
                                            {
                                                List<string> namelessParameter{7};
                                                namelessParameter{7} = instance.<Images>k__BackingField;
                                                namelessParameter{7} == null || dataReader.IsDBNull(5) ? default(List<string>) : (List<string>)Invoke(((CollectionToJsonStringConverter<string>)((IReadOnlyProperty)[LIFTABLE Constant: Property: Journal.Images (List<string>) Required Element type: string Required | Resolver: namelessParameter{8} => namelessParameter{8}.Dependencies.Model.FindEntityType("JournalApp.Domain.Journal.Journal").FindProperty("Images")]).GetTypeMapping().Converter).ConvertFromProviderTyped, dataReader.GetString(5)) == null || namelessParameter{7}.IsReadOnly ? instance.<Images>k__BackingField = dataReader.IsDBNull(5) ? default(List<string>) : (List<string>)Invoke(((CollectionToJsonStringConverter<string>)((IReadOnlyProperty)[LIFTABLE Constant: Property: Journal.Images (List<string>) Required Element type: string Required | Resolver: namelessParameter{9} => namelessParameter{9}.Dependencies.Model.FindEntityType("JournalApp.Domain.Journal.Journal").FindProperty("Images")]).GetTypeMapping().Converter).ConvertFromProviderTyped, dataReader.GetString(5)) : EntityMaterializerSource.PopulateList<string>(
                                                    buffer: dataReader.IsDBNull(5) ? default(List<string>) : (List<string>)Invoke(((CollectionToJsonStringConverter<string>)((IReadOnlyProperty)[LIFTABLE Constant: Property: Journal.Images (List<string>) Required Element type: string Required | Resolver: namelessParameter{10} => namelessParameter{10}.Dependencies.Model.FindEntityType("JournalApp.Domain.Journal.Journal").FindProperty("Images")]).GetTypeMapping().Converter).ConvertFromProviderTyped, dataReader.GetString(5)), 
                                                    target: namelessParameter{7});
                                            }instance.<Title>k__BackingField = dataReader.IsDBNull(6) ? default(string) : dataReader.GetString(6);
                                            instance.<UserId>k__BackingField = dataReader.IsDBNull(7) ? default(int) : dataReader.GetInt32(7);
                                            (instance is IInjectableService) ? ((IInjectableService)instance).Injected(
                                                context: materializationContext2.Context, 
                                                entity: instance, 
                                                queryTrackingBehavior: TrackAll, 
                                                structuralType: [LIFTABLE Constant: EntityType: Journal | Resolver: namelessParameter{11} => namelessParameter{11}.Dependencies.Model.FindEntityType("JournalApp.Domain.Journal.Journal")]) : default(void);
                                            return instance;
                                        }}
                                default: 
                                    default(Journal)
                            }
                            ;
                            entry2 = entityType2 == default(IEntityType) ? default(InternalEntityEntry) : queryContext.StartTracking(
                                entityType: entityType2, 
                                entity: instance2, 
                                snapshot: shadowSnapshot2);
                            return instance2;
                        } : default(void);
                        return instance2;
                    };
                    return entity;
                }, 
                inverseNavigation: [LIFTABLE Constant: Navigation: Journal.User (User) ToPrincipal User Inverse: Journals | Resolver: namelessParameter{12} => namelessParameter{12}.Dependencies.Model.FindEntityType("JournalApp.Domain.Journal.Journal").FindNavigation("User")], 
                fixup: (namelessParameter{13}, namelessParameter{14}) => 
                {
                    [LIFTABLE Constant: ClrICollectionAccessor<User, List<Journal>, Journal> | Resolver: namelessParameter{15} => namelessParameter{15}.Dependencies.Model.FindEntityType("JournalApp.Domain.User.User").FindNavigation("Journals").GetCollectionAccessor()].Add(
                        entity: namelessParameter{13}, 
                        value: namelessParameter{14}, 
                        forMaterialization: True);
                    return namelessParameter{14}.<User>k__BackingField = namelessParameter{13};
                }, 
                trackingQuery: True);
            return IsTrue(resultCoordinator.ResultReady)
             ? (User)(resultContext.Values[0]) : default(User);
        }, 
        contextType: JournalApp.Infrastructure.JournalAppDbContext, 
        standAloneStateManager: False, 
        detailedErrorsEnabled: False, 
        threadSafetyChecksEnabled: True), 
    cancellationToken: queryContext.CancellationToken)'
2026-06-05 18:45:10.594 +03:00 [DBG] Creating DbConnection.
2026-06-05 18:45:10.603 +03:00 [DBG] Created DbConnection. (7ms).
2026-06-05 18:45:10.607 +03:00 [DBG] Opening connection to database 'main' on server '/Users/sgrancharov/dev/dotnet/JournalApp/JournalApp/JournalApp.Infrastructure/JournalApp.db'.
2026-06-05 18:45:10.615 +03:00 [DBG] Opened connection to database 'main' on server '/Users/sgrancharov/dev/dotnet/JournalApp/JournalApp/JournalApp.Infrastructure/JournalApp.db'.
2026-06-05 18:45:10.619 +03:00 [DBG] Creating DbCommand for 'ExecuteReader'.
2026-06-05 18:45:10.622 +03:00 [DBG] Created DbCommand for 'ExecuteReader' (1ms).
2026-06-05 18:45:10.624 +03:00 [DBG] Initialized DbCommand for 'ExecuteReader' (5ms).
2026-06-05 18:45:10.629 +03:00 [DBG] Executing DbCommand [Parameters=[@__userName_0='?' (Size = 7)], CommandType='"Text"', CommandTimeout='30']
SELECT "u0"."Id", "u0"."Password", "u0"."UserName", "j"."Id", "j"."Content", "j"."Images", "j"."Title", "j"."UserId"
FROM (
    SELECT "u"."Id", "u"."Password", "u"."UserName"
    FROM "Users" AS "u"
    WHERE "u"."UserName" = @__userName_0
    LIMIT 1
) AS "u0"
LEFT JOIN "Journals" AS "j" ON "u0"."Id" = "j"."UserId"
ORDER BY "u0"."Id"
2026-06-05 18:45:10.644 +03:00 [INF] Executed DbCommand (13ms) [Parameters=[@__userName_0='?' (Size = 7)], CommandType='"Text"', CommandTimeout='30']
SELECT "u0"."Id", "u0"."Password", "u0"."UserName", "j"."Id", "j"."Content", "j"."Images", "j"."Title", "j"."UserId"
FROM (
    SELECT "u"."Id", "u"."Password", "u"."UserName"
    FROM "Users" AS "u"
    WHERE "u"."UserName" = @__userName_0
    LIMIT 1
) AS "u0"
LEFT JOIN "Journals" AS "j" ON "u0"."Id" = "j"."UserId"
ORDER BY "u0"."Id"
2026-06-05 18:45:10.665 +03:00 [DBG] Context 'JournalAppDbContext' started tracking 'User' entity. Consider using 'DbContextOptionsBuilder.EnableSensitiveDataLogging' to see key values.
2026-06-05 18:45:10.687 +03:00 [DBG] Context 'JournalAppDbContext' started tracking 'Journal' entity. Consider using 'DbContextOptionsBuilder.EnableSensitiveDataLogging' to see key values.
2026-06-05 18:45:10.692 +03:00 [DBG] Closing data reader to 'main' on server '/Users/sgrancharov/dev/dotnet/JournalApp/JournalApp/JournalApp.Infrastructure/JournalApp.db'.
2026-06-05 18:45:10.695 +03:00 [DBG] A data reader for 'main' on server '/Users/sgrancharov/dev/dotnet/JournalApp/JournalApp/JournalApp.Infrastructure/JournalApp.db' is being disposed after spending 47ms reading results.
2026-06-05 18:45:10.697 +03:00 [DBG] Closing connection to database 'main' on server '/Users/sgrancharov/dev/dotnet/JournalApp/JournalApp/JournalApp.Infrastructure/JournalApp.db'.
2026-06-05 18:45:10.699 +03:00 [DBG] Closed connection to database 'main' on server '/Users/sgrancharov/dev/dotnet/JournalApp/JournalApp/JournalApp.Infrastructure/JournalApp.db' (1ms).
2026-06-05 18:46:09.105 +03:00 [WRN] You do not have a valid license key for the Lucky Penny software AutoMapper. This is allowed for development and testing scenarios. If you are running in production you are required to have a licensed version. Please visit https://luckypennysoftware.com to obtain a valid license.
2026-06-05 18:46:17.675 +03:00 [DBG] An 'IServiceProvider' was created for internal use by Entity Framework.
2026-06-05 18:46:18.221 +03:00 [DBG] Entity Framework Core 9.0.7 initialized 'JournalAppDbContext' using provider 'Microsoft.EntityFrameworkCore.Sqlite:9.0.7' with options: None
2026-06-05 18:46:18.241 +03:00 [DBG] 'JournalAppDbContext' generated a temporary value for the property 'User.Id'. Consider using 'DbContextOptionsBuilder.EnableSensitiveDataLogging' to see key values.
2026-06-05 18:46:18.268 +03:00 [DBG] Context 'JournalAppDbContext' started tracking 'User' entity. Consider using 'DbContextOptionsBuilder.EnableSensitiveDataLogging' to see key values.
2026-06-05 18:46:18.272 +03:00 [DBG] SaveChanges starting for 'JournalAppDbContext'.
2026-06-05 18:46:18.274 +03:00 [DBG] DetectChanges starting for 'JournalAppDbContext'.
2026-06-05 18:46:18.277 +03:00 [DBG] DetectChanges completed for 'JournalAppDbContext'.
2026-06-05 18:46:18.339 +03:00 [DBG] Creating DbConnection.
2026-06-05 18:46:18.346 +03:00 [DBG] Created DbConnection. (5ms).
2026-06-05 18:46:18.349 +03:00 [DBG] Opening connection to database 'main' on server '/Users/sgrancharov/dev/dotnet/JournalApp/JournalApp/JournalApp.Infrastructure/JournalApp.db'.
2026-06-05 18:46:18.356 +03:00 [DBG] Opened connection to database 'main' on server '/Users/sgrancharov/dev/dotnet/JournalApp/JournalApp/JournalApp.Infrastructure/JournalApp.db'.
2026-06-05 18:46:18.362 +03:00 [DBG] Creating DbCommand for 'ExecuteReader'.
2026-06-05 18:46:18.365 +03:00 [DBG] Created DbCommand for 'ExecuteReader' (1ms).
2026-06-05 18:46:18.367 +03:00 [DBG] Initialized DbCommand for 'ExecuteReader' (5ms).
2026-06-05 18:46:18.372 +03:00 [DBG] Executing DbCommand [Parameters=[@p0='?' (Size = 60), @p1='?' (Size = 7)], CommandType='"Text"', CommandTimeout='30']
INSERT INTO "Users" ("Password", "UserName")
VALUES (@p0, @p1)
RETURNING "Id";
2026-06-05 18:46:18.386 +03:00 [INF] Executed DbCommand (12ms) [Parameters=[@p0='?' (Size = 60), @p1='?' (Size = 7)], CommandType='"Text"', CommandTimeout='30']
INSERT INTO "Users" ("Password", "UserName")
VALUES (@p0, @p1)
RETURNING "Id";
2026-06-05 18:46:18.403 +03:00 [DBG] The foreign key property 'User.Id' was detected as changed. Consider using 'DbContextOptionsBuilder.EnableSensitiveDataLogging' to see property values.
2026-06-05 18:46:18.408 +03:00 [DBG] Closing data reader to 'main' on server '/Users/sgrancharov/dev/dotnet/JournalApp/JournalApp/JournalApp.Infrastructure/JournalApp.db'.
2026-06-05 18:46:18.411 +03:00 [DBG] A data reader for 'main' on server '/Users/sgrancharov/dev/dotnet/JournalApp/JournalApp/JournalApp.Infrastructure/JournalApp.db' is being disposed after spending 21ms reading results.
2026-06-05 18:46:18.414 +03:00 [DBG] Closing connection to database 'main' on server '/Users/sgrancharov/dev/dotnet/JournalApp/JournalApp/JournalApp.Infrastructure/JournalApp.db'.
2026-06-05 18:46:18.416 +03:00 [DBG] Closed connection to database 'main' on server '/Users/sgrancharov/dev/dotnet/JournalApp/JournalApp/JournalApp.Infrastructure/JournalApp.db' (1ms).
2026-06-05 18:46:18.421 +03:00 [DBG] An entity of type 'User' tracked by 'JournalAppDbContext' changed state from '"Added"' to '"Unchanged"'. Consider using 'DbContextOptionsBuilder.EnableSensitiveDataLogging' to see key values.
2026-06-05 18:46:18.422 +03:00 [DBG] SaveChanges completed for 'JournalAppDbContext' with 1 entities written to the database.
2026-06-05 18:46:26.316 +03:00 [DBG] Compiling query expression: 
'DbSet<User>()
    .Include(u => u.Journals)
    .FirstOrDefault(u => u.UserName == __userName_0)'
2026-06-05 18:46:26.343 +03:00 [DBG] Including navigation: 'User.Journals'.
2026-06-05 18:46:26.452 +03:00 [DBG] Generated query execution expression: 
'queryContext => ShapedQueryCompilingExpressionVisitor.SingleOrDefaultAsync<User>(
    asyncEnumerable: SingleQueryingEnumerable.Create<User>(
        relationalQueryContext: (RelationalQueryContext)queryContext, 
        relationalCommandResolver: parameters => [LIFTABLE Constant: RelationalCommandCache.QueryExpression(
            Client Projections:
                0 -> Dictionary<IProperty, int> { [Property: User.Id (int) Required PK AfterSave:Throw ValueGenerated.OnAdd, 0], [Property: User.Password (string) Required, 1], [Property: User.UserName (string) Required, 2] }
                1 -> 0
                2 -> Dictionary<IProperty, int> { [Property: Journal.Id (int) Required PK AfterSave:Throw ValueGenerated.OnAdd, 3], [Property: Journal.Content (string) Required, 4], [Property: Journal.Images (List<string>) Required Element type: string Required, 5], [Property: Journal.Title (string) Required, 6], [Property: Journal.UserId (int) Required FK Index, 7] }
                3 -> 3
            SELECT u0.Id, u0.Password, u0.UserName, j.Id, j.Content, j.Images, j.Title, j.UserId
            FROM 
            (
                SELECT TOP(1) u.Id, u.Password, u.UserName
                FROM Users AS u
                WHERE u.UserName == @__userName_0
            ) AS u0
            LEFT JOIN Journals AS j ON u0.Id == j.UserId
            ORDER BY u0.Id ASC) | Resolver: c => new RelationalCommandCache(
            c.Dependencies.MemoryCache, 
            c.RelationalDependencies.QuerySqlGeneratorFactory, 
            c.RelationalDependencies.RelationalParameterBasedSqlProcessorFactory, 
            Client Projections:
                0 -> Dictionary<IProperty, int> { [Property: User.Id (int) Required PK AfterSave:Throw ValueGenerated.OnAdd, 0], [Property: User.Password (string) Required, 1], [Property: User.UserName (string) Required, 2] }
                1 -> 0
                2 -> Dictionary<IProperty, int> { [Property: Journal.Id (int) Required PK AfterSave:Throw ValueGenerated.OnAdd, 3], [Property: Journal.Content (string) Required, 4], [Property: Journal.Images (List<string>) Required Element type: string Required, 5], [Property: Journal.Title (string) Required, 6], [Property: Journal.UserId (int) Required FK Index, 7] }
                3 -> 3
            SELECT u0.Id, u0.Password, u0.UserName, j.Id, j.Content, j.Images, j.Title, j.UserId
            FROM 
            (
                SELECT TOP(1) u.Id, u.Password, u.UserName
                FROM Users AS u
                WHERE u.UserName == @__userName_0
            ) AS u0
            LEFT JOIN Journals AS j ON u0.Id == j.UserId
            ORDER BY u0.Id ASC, 
            False, 
            new HashSet<string>(
                new string[]{ }, 
                StringComparer.Ordinal
            )
        )].GetRelationalCommandTemplate(parameters), 
        readerColumns: null, 
        shaper: (queryContext, dataReader, resultContext, resultCoordinator) => 
        {
            resultContext.Values == null ? 
            {
                User entity;
                entity = 
                {
                    MaterializationContext materializationContext1;
                    IEntityType entityType1;
                    User instance1;
                    InternalEntityEntry entry1;
                    bool hasNullKey1;
                    materializationContext1 = new MaterializationContext(
                        [LIFTABLE Constant: ValueBuffer | Resolver: _ => (object)ValueBuffer.Empty], 
                        queryContext.Context
                    );
                    instance1 = default(User);
                    entry1 = queryContext.TryGetEntry(
                        key: [LIFTABLE Constant: Key: User.Id PK | Resolver: c => c.Dependencies.Model.FindEntityType("JournalApp.Domain.User.User").FindPrimaryKey()], 
                        keyValues: new object[]{ (object)dataReader.GetInt32(0) }, 
                        throwOnNullKey: True, 
                        hasNullKey: hasNullKey1);
                    !(hasNullKey1) ? entry1 != default(InternalEntityEntry) ? 
                    {
                        entityType1 = entry1.EntityType;
                        return instance1 = (User)entry1.Entity;
                    } : 
                    {
                        ISnapshot shadowSnapshot1;
                        shadowSnapshot1 = [LIFTABLE Constant: Snapshot | Resolver: _ => Snapshot.Empty];
                        entityType1 = [LIFTABLE Constant: EntityType: User | Resolver: namelessParameter{0} => namelessParameter{0}.Dependencies.Model.FindEntityType("JournalApp.Domain.User.User")];
                        instance1 = switch (entityType1)
                        {
                            case [LIFTABLE Constant: EntityType: User | Resolver: namelessParameter{1} => namelessParameter{1}.Dependencies.Model.FindEntityType("JournalApp.Domain.User.User")]: 
                                {
                                    return 
                                    {
                                        User instance;
                                        instance = new User();
                                        instance.<Id>k__BackingField = dataReader.GetInt32(0);
                                        instance.<Password>k__BackingField = dataReader.GetString(1);
                                        instance.<UserName>k__BackingField = dataReader.GetString(2);
                                        (instance is IInjectableService) ? ((IInjectableService)instance).Injected(
                                            context: materializationContext1.Context, 
                                            entity: instance, 
                                            queryTrackingBehavior: TrackAll, 
                                            structuralType: [LIFTABLE Constant: EntityType: User | Resolver: namelessParameter{2} => namelessParameter{2}.Dependencies.Model.FindEntityType("JournalApp.Domain.User.User")]) : default(void);
                                        return instance;
                                    }}
                            default: 
                                default(User)
                        }
                        ;
                        entry1 = entityType1 == default(IEntityType) ? default(InternalEntityEntry) : queryContext.StartTracking(
                            entityType: entityType1, 
                            entity: instance1, 
                            snapshot: shadowSnapshot1);
                        return instance1;
                    } : default(void);
                    return instance1;
                };
                resultContext.Values = new object[]{ entity };
                ShaperProcessingExpressionVisitor.InitializeIncludeCollection<User, User>(
                    collectionId: 0, 
                    queryContext: queryContext, 
                    dbDataReader: dataReader, 
                    resultCoordinator: resultCoordinator, 
                    entity: (User)(resultContext.Values[0]), 
                    parentIdentifier: [LIFTABLE Constant: Func<QueryContext, DbDataReader, object[]> | Resolver: _ => (queryContext, dataReader) => new object[]{ (object)(int?)dataReader.GetInt32(0) }], 
                    outerIdentifier: [LIFTABLE Constant: Func<QueryContext, DbDataReader, object[]> | Resolver: _ => (queryContext, dataReader) => new object[]{ (object)(int?)dataReader.GetInt32(0) }], 
                    navigation: [LIFTABLE Constant: Navigation: User.Journals (List<Journal>) Collection ToDependent Journal Inverse: User | Resolver: namelessParameter{3} => namelessParameter{3}.Dependencies.Model.FindEntityType("JournalApp.Domain.User.User").FindNavigation("Journals")], 
                    clrCollectionAccessor: [LIFTABLE Constant: ClrICollectionAccessor<User, List<Journal>, Journal> | Resolver: namelessParameter{4} => namelessParameter{4}.Dependencies.Model.FindEntityType("JournalApp.Domain.User.User").FindNavigation("Journals").GetCollectionAccessor()], 
                    trackingQuery: True, 
                    setLoaded: True);
            } : default(void);
            ShaperProcessingExpressionVisitor.PopulateIncludeCollection<User, Journal>(
                collectionId: 0, 
                queryContext: queryContext, 
                dbDataReader: dataReader, 
                resultCoordinator: resultCoordinator, 
                parentIdentifier: [LIFTABLE Constant: Func<QueryContext, DbDataReader, object[]> | Resolver: _ => (queryContext, dataReader) => new object[]{ (object)(int?)dataReader.GetInt32(0) }], 
                outerIdentifier: [LIFTABLE Constant: Func<QueryContext, DbDataReader, object[]> | Resolver: _ => (queryContext, dataReader) => new object[]{ (object)(int?)dataReader.GetInt32(0) }], 
                selfIdentifier: [LIFTABLE Constant: Func<QueryContext, DbDataReader, object[]> | Resolver: _ => (queryContext, dataReader) => new object[]{ (object)dataReader.IsDBNull(3) ? default(int?) : (int?)dataReader.GetInt32(3) }], 
                parentIdentifierValueComparers: [LIFTABLE Constant: Func<object, object, bool>[] { Func<object, object, bool> } | Resolver: _ => new Func<object, object, bool>[]{ (left, right) => left == null ? right == null : right != null && (int)left == (int)right }], 
                outerIdentifierValueComparers: [LIFTABLE Constant: Func<object, object, bool>[] { Func<object, object, bool> } | Resolver: _ => new Func<object, object, bool>[]{ (left, right) => left == null ? right == null : right != null && (int)left == (int)right }], 
                selfIdentifierValueComparers: [LIFTABLE Constant: Func<object, object, bool>[] { Func<object, object, bool> } | Resolver: _ => new Func<object, object, bool>[]{ (left, right) => left == null ? right == null : right != null && (int)left == (int)right }], 
                innerShaper: (queryContext, dataReader, resultContext, resultCoordinator) => 
                {
                    Journal entity;
                    entity = 
                    {
                        MaterializationContext materializationContext2;
                        IEntityType entityType2;
                        Journal instance2;
                        InternalEntityEntry entry2;
                        bool hasNullKey2;
                        materializationContext2 = new MaterializationContext(
                            [LIFTABLE Constant: ValueBuffer | Resolver: _ => (object)ValueBuffer.Empty], 
                            queryContext.Context
                        );
                        instance2 = default(Journal);
                        entry2 = queryContext.TryGetEntry(
                            key: [LIFTABLE Constant: Key: Journal.Id PK | Resolver: c => c.Dependencies.Model.FindEntityType("JournalApp.Domain.Journal.Journal").FindPrimaryKey()], 
                            keyValues: new object[]{ dataReader.IsDBNull(3) ? default(object) : (object)dataReader.GetInt32(3) }, 
                            throwOnNullKey: False, 
                            hasNullKey: hasNullKey2);
                        !(hasNullKey2) ? entry2 != default(InternalEntityEntry) ? 
                        {
                            entityType2 = entry2.EntityType;
                            return instance2 = (Journal)entry2.Entity;
                        } : 
                        {
                            ISnapshot shadowSnapshot2;
                            shadowSnapshot2 = [LIFTABLE Constant: Snapshot | Resolver: _ => Snapshot.Empty];
                            entityType2 = [LIFTABLE Constant: EntityType: Journal | Resolver: namelessParameter{5} => namelessParameter{5}.Dependencies.Model.FindEntityType("JournalApp.Domain.Journal.Journal")];
                            instance2 = switch (entityType2)
                            {
                                case [LIFTABLE Constant: EntityType: Journal | Resolver: namelessParameter{6} => namelessParameter{6}.Dependencies.Model.FindEntityType("JournalApp.Domain.Journal.Journal")]: 
                                    {
                                        return 
                                        {
                                            Journal instance;
                                            instance = new Journal();
                                            instance.<Id>k__BackingField = dataReader.IsDBNull(3) ? default(int) : dataReader.GetInt32(3);
                                            instance.<Content>k__BackingField = dataReader.IsDBNull(4) ? default(string) : dataReader.GetString(4);
                                            {
                                                List<string> namelessParameter{7};
                                                namelessParameter{7} = instance.<Images>k__BackingField;
                                                namelessParameter{7} == null || dataReader.IsDBNull(5) ? default(List<string>) : (List<string>)Invoke(((CollectionToJsonStringConverter<string>)((IReadOnlyProperty)[LIFTABLE Constant: Property: Journal.Images (List<string>) Required Element type: string Required | Resolver: namelessParameter{8} => namelessParameter{8}.Dependencies.Model.FindEntityType("JournalApp.Domain.Journal.Journal").FindProperty("Images")]).GetTypeMapping().Converter).ConvertFromProviderTyped, dataReader.GetString(5)) == null || namelessParameter{7}.IsReadOnly ? instance.<Images>k__BackingField = dataReader.IsDBNull(5) ? default(List<string>) : (List<string>)Invoke(((CollectionToJsonStringConverter<string>)((IReadOnlyProperty)[LIFTABLE Constant: Property: Journal.Images (List<string>) Required Element type: string Required | Resolver: namelessParameter{9} => namelessParameter{9}.Dependencies.Model.FindEntityType("JournalApp.Domain.Journal.Journal").FindProperty("Images")]).GetTypeMapping().Converter).ConvertFromProviderTyped, dataReader.GetString(5)) : EntityMaterializerSource.PopulateList<string>(
                                                    buffer: dataReader.IsDBNull(5) ? default(List<string>) : (List<string>)Invoke(((CollectionToJsonStringConverter<string>)((IReadOnlyProperty)[LIFTABLE Constant: Property: Journal.Images (List<string>) Required Element type: string Required | Resolver: namelessParameter{10} => namelessParameter{10}.Dependencies.Model.FindEntityType("JournalApp.Domain.Journal.Journal").FindProperty("Images")]).GetTypeMapping().Converter).ConvertFromProviderTyped, dataReader.GetString(5)), 
                                                    target: namelessParameter{7});
                                            }instance.<Title>k__BackingField = dataReader.IsDBNull(6) ? default(string) : dataReader.GetString(6);
                                            instance.<UserId>k__BackingField = dataReader.IsDBNull(7) ? default(int) : dataReader.GetInt32(7);
                                            (instance is IInjectableService) ? ((IInjectableService)instance).Injected(
                                                context: materializationContext2.Context, 
                                                entity: instance, 
                                                queryTrackingBehavior: TrackAll, 
                                                structuralType: [LIFTABLE Constant: EntityType: Journal | Resolver: namelessParameter{11} => namelessParameter{11}.Dependencies.Model.FindEntityType("JournalApp.Domain.Journal.Journal")]) : default(void);
                                            return instance;
                                        }}
                                default: 
                                    default(Journal)
                            }
                            ;
                            entry2 = entityType2 == default(IEntityType) ? default(InternalEntityEntry) : queryContext.StartTracking(
                                entityType: entityType2, 
                                entity: instance2, 
                                snapshot: shadowSnapshot2);
                            return instance2;
                        } : default(void);
                        return instance2;
                    };
                    return entity;
                }, 
                inverseNavigation: [LIFTABLE Constant: Navigation: Journal.User (User) ToPrincipal User Inverse: Journals | Resolver: namelessParameter{12} => namelessParameter{12}.Dependencies.Model.FindEntityType("JournalApp.Domain.Journal.Journal").FindNavigation("User")], 
                fixup: (namelessParameter{13}, namelessParameter{14}) => 
                {
                    [LIFTABLE Constant: ClrICollectionAccessor<User, List<Journal>, Journal> | Resolver: namelessParameter{15} => namelessParameter{15}.Dependencies.Model.FindEntityType("JournalApp.Domain.User.User").FindNavigation("Journals").GetCollectionAccessor()].Add(
                        entity: namelessParameter{13}, 
                        value: namelessParameter{14}, 
                        forMaterialization: True);
                    return namelessParameter{14}.<User>k__BackingField = namelessParameter{13};
                }, 
                trackingQuery: True);
            return IsTrue(resultCoordinator.ResultReady)
             ? (User)(resultContext.Values[0]) : default(User);
        }, 
        contextType: JournalApp.Infrastructure.JournalAppDbContext, 
        standAloneStateManager: False, 
        detailedErrorsEnabled: False, 
        threadSafetyChecksEnabled: True), 
    cancellationToken: queryContext.CancellationToken)'
2026-06-05 18:46:26.470 +03:00 [DBG] Opening connection to database 'main' on server '/Users/sgrancharov/dev/dotnet/JournalApp/JournalApp/JournalApp.Infrastructure/JournalApp.db'.
2026-06-05 18:46:26.471 +03:00 [DBG] Opened connection to database 'main' on server '/Users/sgrancharov/dev/dotnet/JournalApp/JournalApp/JournalApp.Infrastructure/JournalApp.db'.
2026-06-05 18:46:26.471 +03:00 [DBG] Creating DbCommand for 'ExecuteReader'.
2026-06-05 18:46:26.471 +03:00 [DBG] Created DbCommand for 'ExecuteReader' (0ms).
2026-06-05 18:46:26.471 +03:00 [DBG] Initialized DbCommand for 'ExecuteReader' (0ms).
2026-06-05 18:46:26.471 +03:00 [DBG] Executing DbCommand [Parameters=[@__userName_0='?' (Size = 7)], CommandType='"Text"', CommandTimeout='30']
SELECT "u0"."Id", "u0"."Password", "u0"."UserName", "j"."Id", "j"."Content", "j"."Images", "j"."Title", "j"."UserId"
FROM (
    SELECT "u"."Id", "u"."Password", "u"."UserName"
    FROM "Users" AS "u"
    WHERE "u"."UserName" = @__userName_0
    LIMIT 1
) AS "u0"
LEFT JOIN "Journals" AS "j" ON "u0"."Id" = "j"."UserId"
ORDER BY "u0"."Id"
2026-06-05 18:46:26.471 +03:00 [INF] Executed DbCommand (0ms) [Parameters=[@__userName_0='?' (Size = 7)], CommandType='"Text"', CommandTimeout='30']
SELECT "u0"."Id", "u0"."Password", "u0"."UserName", "j"."Id", "j"."Content", "j"."Images", "j"."Title", "j"."UserId"
FROM (
    SELECT "u"."Id", "u"."Password", "u"."UserName"
    FROM "Users" AS "u"
    WHERE "u"."UserName" = @__userName_0
    LIMIT 1
) AS "u0"
LEFT JOIN "Journals" AS "j" ON "u0"."Id" = "j"."UserId"
ORDER BY "u0"."Id"
2026-06-05 18:46:26.475 +03:00 [DBG] Closing data reader to 'main' on server '/Users/sgrancharov/dev/dotnet/JournalApp/JournalApp/JournalApp.Infrastructure/JournalApp.db'.
2026-06-05 18:46:26.475 +03:00 [DBG] A data reader for 'main' on server '/Users/sgrancharov/dev/dotnet/JournalApp/JournalApp/JournalApp.Infrastructure/JournalApp.db' is being disposed after spending 3ms reading results.
2026-06-05 18:46:26.475 +03:00 [DBG] Closing connection to database 'main' on server '/Users/sgrancharov/dev/dotnet/JournalApp/JournalApp/JournalApp.Infrastructure/JournalApp.db'.
2026-06-05 18:46:26.475 +03:00 [DBG] Closed connection to database 'main' on server '/Users/sgrancharov/dev/dotnet/JournalApp/JournalApp/JournalApp.Infrastructure/JournalApp.db' (0ms).
