2025-08-30 12:16:08.384 +03:00 [WRN] You do not have a valid license key for the Lucky Penny software AutoMapper. This is allowed for development and testing scenarios. If you are running in production you are required to have a licensed version. Please visit https://luckypennysoftware.com to obtain a valid license.
2025-08-30 12:16:14.394 +03:00 [DBG] An 'IServiceProvider' was created for internal use by Entity Framework.
2025-08-30 12:16:14.771 +03:00 [DBG] Entity Framework Core 9.0.7 initialized 'JournalAppDbContext' using provider 'Microsoft.EntityFrameworkCore.Sqlite:9.0.7' with options: None
2025-08-30 12:16:14.809 +03:00 [DBG] Compiling query expression: 
'DbSet<User>()
    .Include(u => u.Journals)
    .FirstOrDefault(u => u.UserName == __userName_0)'
2025-08-30 12:16:14.837 +03:00 [DBG] Including navigation: 'User.Journals'.
2025-08-30 12:16:14.981 +03:00 [DBG] Generated query execution expression: 
'queryContext => ShapedQueryCompilingExpressionVisitor.SingleOrDefaultAsync<User>(
    asyncEnumerable: SingleQueryingEnumerable.Create<User>(
        relationalQueryContext: (RelationalQueryContext)queryContext, 
        relationalCommandResolver: parameters => [LIFTABLE Constant: RelationalCommandCache.QueryExpression(
            Client Projections:
                0 -> Dictionary<IProperty, int> { [Property: User.Id (int) Required PK AfterSave:Throw ValueGenerated.OnAdd, 0], [Property: User.Password (string) Required, 1], [Property: User.UserName (string) Required, 2] }
                1 -> 0
                2 -> Dictionary<IProperty, int> { [Property: Journal.Id (int) Required PK AfterSave:Throw ValueGenerated.OnAdd, 3], [Property: Journal.Content (string) Required, 4], [Property: Journal.Images (List<string>) Required Element type: string Required, 5], [Property: Journal.Title (string) Required, 6], [Property: Journal.UserId (int) Required FK Index, 7] }
                3 -> 3
            SELECT u0.Id, u0.Password, u0.UserName, j.Id, j.Content, j.Images, j.Title, j.UserId
            FROM 
            (
                SELECT TOP(1) u.Id, u.Password, u.UserName
                FROM Users AS u
                WHERE u.UserName == @__userName_0
            ) AS u0
            LEFT JOIN Journals AS j ON u0.Id == j.UserId
            ORDER BY u0.Id ASC) | Resolver: c => new RelationalCommandCache(
            c.Dependencies.MemoryCache, 
            c.RelationalDependencies.QuerySqlGeneratorFactory, 
            c.RelationalDependencies.RelationalParameterBasedSqlProcessorFactory, 
            Client Projections:
                0 -> Dictionary<IProperty, int> { [Property: User.Id (int) Required PK AfterSave:Throw ValueGenerated.OnAdd, 0], [Property: User.Password (string) Required, 1], [Property: User.UserName (string) Required, 2] }
                1 -> 0
                2 -> Dictionary<IProperty, int> { [Property: Journal.Id (int) Required PK AfterSave:Throw ValueGenerated.OnAdd, 3], [Property: Journal.Content (string) Required, 4], [Property: Journal.Images (List<string>) Required Element type: string Required, 5], [Property: Journal.Title (string) Required, 6], [Property: Journal.UserId (int) Required FK Index, 7] }
                3 -> 3
            SELECT u0.Id, u0.Password, u0.UserName, j.Id, j.Content, j.Images, j.Title, j.UserId
            FROM 
            (
                SELECT TOP(1) u.Id, u.Password, u.UserName
                FROM Users AS u
                WHERE u.UserName == @__userName_0
            ) AS u0
            LEFT JOIN Journals AS j ON u0.Id == j.UserId
            ORDER BY u0.Id ASC, 
            False, 
            new HashSet<string>(
                new string[]{ }, 
                StringComparer.Ordinal
            )
        )].GetRelationalCommandTemplate(parameters), 
        readerColumns: null, 
        shaper: (queryContext, dataReader, resultContext, resultCoordinator) => 
        {
            resultContext.Values == null ? 
            {
                User entity;
                entity = 
                {
                    MaterializationContext materializationContext1;
                    IEntityType entityType1;
                    User instance1;
                    InternalEntityEntry entry1;
                    bool hasNullKey1;
                    materializationContext1 = new MaterializationContext(
                        [LIFTABLE Constant: ValueBuffer | Resolver: _ => (object)ValueBuffer.Empty], 
                        queryContext.Context
                    );
                    instance1 = default(User);
                    entry1 = queryContext.TryGetEntry(
                        key: [LIFTABLE Constant: Key: User.Id PK | Resolver: c => c.Dependencies.Model.FindEntityType("JournalApp.Domain.User.User").FindPrimaryKey()], 
                        keyValues: new object[]{ (object)dataReader.GetInt32(0) }, 
                        throwOnNullKey: True, 
                        hasNullKey: hasNullKey1);
                    !(hasNullKey1) ? entry1 != default(InternalEntityEntry) ? 
                    {
                        entityType1 = entry1.EntityType;
                        return instance1 = (User)entry1.Entity;
                    } : 
                    {
                        ISnapshot shadowSnapshot1;
                        shadowSnapshot1 = [LIFTABLE Constant: Snapshot | Resolver: _ => Snapshot.Empty];
                        entityType1 = [LIFTABLE Constant: EntityType: User | Resolver: namelessParameter{0} => namelessParameter{0}.Dependencies.Model.FindEntityType("JournalApp.Domain.User.User")];
                        instance1 = switch (entityType1)
                        {
                            case [LIFTABLE Constant: EntityType: User | Resolver: namelessParameter{1} => namelessParameter{1}.Dependencies.Model.FindEntityType("JournalApp.Domain.User.User")]: 
                                {
                                    return 
                                    {
                                        User instance;
                                        instance = new User();
                                        instance.<Id>k__BackingField = dataReader.GetInt32(0);
                                        instance.<Password>k__BackingField = dataReader.GetString(1);
                                        instance.<UserName>k__BackingField = dataReader.GetString(2);
                                        (instance is IInjectableService) ? ((IInjectableService)instance).Injected(
                                            context: materializationContext1.Context, 
                                            entity: instance, 
                                            queryTrackingBehavior: TrackAll, 
                                            structuralType: [LIFTABLE Constant: EntityType: User | Resolver: namelessParameter{2} => namelessParameter{2}.Dependencies.Model.FindEntityType("JournalApp.Domain.User.User")]) : default(void);
                                        return instance;
                                    }}
                            default: 
                                default(User)
                        }
                        ;
                        entry1 = entityType1 == default(IEntityType) ? default(InternalEntityEntry) : queryContext.StartTracking(
                            entityType: entityType1, 
                            entity: instance1, 
                            snapshot: shadowSnapshot1);
                        return instance1;
                    } : default(void);
                    return instance1;
                };
                resultContext.Values = new object[]{ entity };
                ShaperProcessingExpressionVisitor.InitializeIncludeCollection<User, User>(
                    collectionId: 0, 
                    queryContext: queryContext, 
                    dbDataReader: dataReader, 
                    resultCoordinator: resultCoordinator, 
                    entity: (User)(resultContext.Values[0]), 
                    parentIdentifier: [LIFTABLE Constant: Func<QueryContext, DbDataReader, object[]> | Resolver: _ => (queryContext, dataReader) => new object[]{ (object)(int?)dataReader.GetInt32(0) }], 
                    outerIdentifier: [LIFTABLE Constant: Func<QueryContext, DbDataReader, object[]> | Resolver: _ => (queryContext, dataReader) => new object[]{ (object)(int?)dataReader.GetInt32(0) }], 
                    navigation: [LIFTABLE Constant: Navigation: User.Journals (List<Journal>) Collection ToDependent Journal Inverse: User | Resolver: namelessParameter{3} => namelessParameter{3}.Dependencies.Model.FindEntityType("JournalApp.Domain.User.User").FindNavigation("Journals")], 
                    clrCollectionAccessor: [LIFTABLE Constant: ClrICollectionAccessor<User, List<Journal>, Journal> | Resolver: namelessParameter{4} => namelessParameter{4}.Dependencies.Model.FindEntityType("JournalApp.Domain.User.User").FindNavigation("Journals").GetCollectionAccessor()], 
                    trackingQuery: True, 
                    setLoaded: True);
            } : default(void);
            ShaperProcessingExpressionVisitor.PopulateIncludeCollection<User, Journal>(
                collectionId: 0, 
                queryContext: queryContext, 
                dbDataReader: dataReader, 
                resultCoordinator: resultCoordinator, 
                parentIdentifier: [LIFTABLE Constant: Func<QueryContext, DbDataReader, object[]> | Resolver: _ => (queryContext, dataReader) => new object[]{ (object)(int?)dataReader.GetInt32(0) }], 
                outerIdentifier: [LIFTABLE Constant: Func<QueryContext, DbDataReader, object[]> | Resolver: _ => (queryContext, dataReader) => new object[]{ (object)(int?)dataReader.GetInt32(0) }], 
                selfIdentifier: [LIFTABLE Constant: Func<QueryContext, DbDataReader, object[]> | Resolver: _ => (queryContext, dataReader) => new object[]{ (object)dataReader.IsDBNull(3) ? default(int?) : (int?)dataReader.GetInt32(3) }], 
                parentIdentifierValueComparers: [LIFTABLE Constant: Func<object, object, bool>[] { Func<object, object, bool> } | Resolver: _ => new Func<object, object, bool>[]{ (left, right) => left == null ? right == null : right != null && (int)left == (int)right }], 
                outerIdentifierValueComparers: [LIFTABLE Constant: Func<object, object, bool>[] { Func<object, object, bool> } | Resolver: _ => new Func<object, object, bool>[]{ (left, right) => left == null ? right == null : right != null && (int)left == (int)right }], 
                selfIdentifierValueComparers: [LIFTABLE Constant: Func<object, object, bool>[] { Func<object, object, bool> } | Resolver: _ => new Func<object, object, bool>[]{ (left, right) => left == null ? right == null : right != null && (int)left == (int)right }], 
                innerShaper: (queryContext, dataReader, resultContext, resultCoordinator) => 
                {
                    Journal entity;
                    entity = 
                    {
                        MaterializationContext materializationContext2;
                        IEntityType entityType2;
                        Journal instance2;
                        InternalEntityEntry entry2;
                        bool hasNullKey2;
                        materializationContext2 = new MaterializationContext(
                            [LIFTABLE Constant: ValueBuffer | Resolver: _ => (object)ValueBuffer.Empty], 
                            queryContext.Context
                        );
                        instance2 = default(Journal);
                        entry2 = queryContext.TryGetEntry(
                            key: [LIFTABLE Constant: Key: Journal.Id PK | Resolver: c => c.Dependencies.Model.FindEntityType("JournalApp.Domain.Journal.Journal").FindPrimaryKey()], 
                            keyValues: new object[]{ dataReader.IsDBNull(3) ? default(object) : (object)dataReader.GetInt32(3) }, 
                            throwOnNullKey: False, 
                            hasNullKey: hasNullKey2);
                        !(hasNullKey2) ? entry2 != default(InternalEntityEntry) ? 
                        {
                            entityType2 = entry2.EntityType;
                            return instance2 = (Journal)entry2.Entity;
                        } : 
                        {
                            ISnapshot shadowSnapshot2;
                            shadowSnapshot2 = [LIFTABLE Constant: Snapshot | Resolver: _ => Snapshot.Empty];
                            entityType2 = [LIFTABLE Constant: EntityType: Journal | Resolver: namelessParameter{5} => namelessParameter{5}.Dependencies.Model.FindEntityType("JournalApp.Domain.Journal.Journal")];
                            instance2 = switch (entityType2)
                            {
                                case [LIFTABLE Constant: EntityType: Journal | Resolver: namelessParameter{6} => namelessParameter{6}.Dependencies.Model.FindEntityType("JournalApp.Domain.Journal.Journal")]: 
                                    {
                                        return 
                                        {
                                            Journal instance;
                                            instance = new Journal();
                                            instance.<Id>k__BackingField = dataReader.IsDBNull(3) ? default(int) : dataReader.GetInt32(3);
                                            instance.<Content>k__BackingField = dataReader.IsDBNull(4) ? default(string) : dataReader.GetString(4);
                                            {
                                                List<string> namelessParameter{7};
                                                namelessParameter{7} = instance.<Images>k__BackingField;
                                                namelessParameter{7} == null || dataReader.IsDBNull(5) ? default(List<string>) : (List<string>)Invoke(((CollectionToJsonStringConverter<string>)((IReadOnlyProperty)[LIFTABLE Constant: Property: Journal.Images (List<string>) Required Element type: string Required | Resolver: namelessParameter{8} => namelessParameter{8}.Dependencies.Model.FindEntityType("JournalApp.Domain.Journal.Journal").FindProperty("Images")]).GetTypeMapping().Converter).ConvertFromProviderTyped, dataReader.GetString(5)) == null || namelessParameter{7}.IsReadOnly ? instance.<Images>k__BackingField = dataReader.IsDBNull(5) ? default(List<string>) : (List<string>)Invoke(((CollectionToJsonStringConverter<string>)((IReadOnlyProperty)[LIFTABLE Constant: Property: Journal.Images (List<string>) Required Element type: string Required | Resolver: namelessParameter{9} => namelessParameter{9}.Dependencies.Model.FindEntityType("JournalApp.Domain.Journal.Journal").FindProperty("Images")]).GetTypeMapping().Converter).ConvertFromProviderTyped, dataReader.GetString(5)) : EntityMaterializerSource.PopulateList<string>(
                                                    buffer: dataReader.IsDBNull(5) ? default(List<string>) : (List<string>)Invoke(((CollectionToJsonStringConverter<string>)((IReadOnlyProperty)[LIFTABLE Constant: Property: Journal.Images (List<string>) Required Element type: string Required | Resolver: namelessParameter{10} => namelessParameter{10}.Dependencies.Model.FindEntityType("JournalApp.Domain.Journal.Journal").FindProperty("Images")]).GetTypeMapping().Converter).ConvertFromProviderTyped, dataReader.GetString(5)), 
                                                    target: namelessParameter{7});
                                            }instance.<Title>k__BackingField = dataReader.IsDBNull(6) ? default(string) : dataReader.GetString(6);
                                            instance.<UserId>k__BackingField = dataReader.IsDBNull(7) ? default(int) : dataReader.GetInt32(7);
                                            (instance is IInjectableService) ? ((IInjectableService)instance).Injected(
                                                context: materializationContext2.Context, 
                                                entity: instance, 
                                                queryTrackingBehavior: TrackAll, 
                                                structuralType: [LIFTABLE Constant: EntityType: Journal | Resolver: namelessParameter{11} => namelessParameter{11}.Dependencies.Model.FindEntityType("JournalApp.Domain.Journal.Journal")]) : default(void);
                                            return instance;
                                        }}
                                default: 
                                    default(Journal)
                            }
                            ;
                            entry2 = entityType2 == default(IEntityType) ? default(InternalEntityEntry) : queryContext.StartTracking(
                                entityType: entityType2, 
                                entity: instance2, 
                                snapshot: shadowSnapshot2);
                            return instance2;
                        } : default(void);
                        return instance2;
                    };
                    return entity;
                }, 
                inverseNavigation: [LIFTABLE Constant: Navigation: Journal.User (User) ToPrincipal User Inverse: Journals | Resolver: namelessParameter{12} => namelessParameter{12}.Dependencies.Model.FindEntityType("JournalApp.Domain.Journal.Journal").FindNavigation("User")], 
                fixup: (namelessParameter{13}, namelessParameter{14}) => 
                {
                    [LIFTABLE Constant: ClrICollectionAccessor<User, List<Journal>, Journal> | Resolver: namelessParameter{15} => namelessParameter{15}.Dependencies.Model.FindEntityType("JournalApp.Domain.User.User").FindNavigation("Journals").GetCollectionAccessor()].Add(
                        entity: namelessParameter{13}, 
                        value: namelessParameter{14}, 
                        forMaterialization: True);
                    return namelessParameter{14}.<User>k__BackingField = namelessParameter{13};
                }, 
                trackingQuery: True);
            return IsTrue(resultCoordinator.ResultReady)
             ? (User)(resultContext.Values[0]) : default(User);
        }, 
        contextType: JournalApp.Infrastructure.JournalAppDbContext, 
        standAloneStateManager: False, 
        detailedErrorsEnabled: False, 
        threadSafetyChecksEnabled: True), 
    cancellationToken: queryContext.CancellationToken)'
2025-08-30 12:16:15.004 +03:00 [DBG] Creating DbConnection.
2025-08-30 12:16:15.012 +03:00 [DBG] Created DbConnection. (6ms).
2025-08-30 12:16:15.015 +03:00 [DBG] Opening connection to database 'main' on server '/Users/sgrancharov/dev/dotnet/JournalApp/JournalApp/JournalApp.Infrastructure/JournalApp.db'.
2025-08-30 12:16:15.023 +03:00 [DBG] Opened connection to database 'main' on server '/Users/sgrancharov/dev/dotnet/JournalApp/JournalApp/JournalApp.Infrastructure/JournalApp.db'.
2025-08-30 12:16:15.026 +03:00 [DBG] Creating DbCommand for 'ExecuteReader'.
2025-08-30 12:16:15.030 +03:00 [DBG] Created DbCommand for 'ExecuteReader' (1ms).
2025-08-30 12:16:15.031 +03:00 [DBG] Initialized DbCommand for 'ExecuteReader' (4ms).
2025-08-30 12:16:15.036 +03:00 [DBG] Executing DbCommand [Parameters=[@__userName_0='?' (Size = 3)], CommandType='"Text"', CommandTimeout='30']
SELECT "u0"."Id", "u0"."Password", "u0"."UserName", "j"."Id", "j"."Content", "j"."Images", "j"."Title", "j"."UserId"
FROM (
    SELECT "u"."Id", "u"."Password", "u"."UserName"
    FROM "Users" AS "u"
    WHERE "u"."UserName" = @__userName_0
    LIMIT 1
) AS "u0"
LEFT JOIN "Journals" AS "j" ON "u0"."Id" = "j"."UserId"
ORDER BY "u0"."Id"
2025-08-30 12:16:15.050 +03:00 [INF] Executed DbCommand (12ms) [Parameters=[@__userName_0='?' (Size = 3)], CommandType='"Text"', CommandTimeout='30']
SELECT "u0"."Id", "u0"."Password", "u0"."UserName", "j"."Id", "j"."Content", "j"."Images", "j"."Title", "j"."UserId"
FROM (
    SELECT "u"."Id", "u"."Password", "u"."UserName"
    FROM "Users" AS "u"
    WHERE "u"."UserName" = @__userName_0
    LIMIT 1
) AS "u0"
LEFT JOIN "Journals" AS "j" ON "u0"."Id" = "j"."UserId"
ORDER BY "u0"."Id"
2025-08-30 12:16:15.069 +03:00 [DBG] Context 'JournalAppDbContext' started tracking 'User' entity. Consider using 'DbContextOptionsBuilder.EnableSensitiveDataLogging' to see key values.
2025-08-30 12:16:15.089 +03:00 [DBG] Context 'JournalAppDbContext' started tracking 'Journal' entity. Consider using 'DbContextOptionsBuilder.EnableSensitiveDataLogging' to see key values.
2025-08-30 12:16:15.093 +03:00 [DBG] Context 'JournalAppDbContext' started tracking 'Journal' entity. Consider using 'DbContextOptionsBuilder.EnableSensitiveDataLogging' to see key values.
2025-08-30 12:16:15.095 +03:00 [DBG] Closing data reader to 'main' on server '/Users/sgrancharov/dev/dotnet/JournalApp/JournalApp/JournalApp.Infrastructure/JournalApp.db'.
2025-08-30 12:16:15.098 +03:00 [DBG] A data reader for 'main' on server '/Users/sgrancharov/dev/dotnet/JournalApp/JournalApp/JournalApp.Infrastructure/JournalApp.db' is being disposed after spending 44ms reading results.
2025-08-30 12:16:15.100 +03:00 [DBG] Closing connection to database 'main' on server '/Users/sgrancharov/dev/dotnet/JournalApp/JournalApp/JournalApp.Infrastructure/JournalApp.db'.
2025-08-30 12:16:15.102 +03:00 [DBG] Closed connection to database 'main' on server '/Users/sgrancharov/dev/dotnet/JournalApp/JournalApp/JournalApp.Infrastructure/JournalApp.db' (1ms).
2025-08-30 12:17:27.408 +03:00 [WRN] You do not have a valid license key for the Lucky Penny software AutoMapper. This is allowed for development and testing scenarios. If you are running in production you are required to have a licensed version. Please visit https://luckypennysoftware.com to obtain a valid license.
2025-08-30 12:17:33.888 +03:00 [DBG] An 'IServiceProvider' was created for internal use by Entity Framework.
2025-08-30 12:17:34.216 +03:00 [DBG] Entity Framework Core 9.0.7 initialized 'JournalAppDbContext' using provider 'Microsoft.EntityFrameworkCore.Sqlite:9.0.7' with options: None
2025-08-30 12:17:34.245 +03:00 [DBG] Compiling query expression: 
'DbSet<User>()
    .Include(u => u.Journals)
    .FirstOrDefault(u => u.UserName == __userName_0)'
2025-08-30 12:17:34.280 +03:00 [DBG] Including navigation: 'User.Journals'.
2025-08-30 12:17:34.418 +03:00 [DBG] Generated query execution expression: 
'queryContext => ShapedQueryCompilingExpressionVisitor.SingleOrDefaultAsync<User>(
    asyncEnumerable: SingleQueryingEnumerable.Create<User>(
        relationalQueryContext: (RelationalQueryContext)queryContext, 
        relationalCommandResolver: parameters => [LIFTABLE Constant: RelationalCommandCache.QueryExpression(
            Client Projections:
                0 -> Dictionary<IProperty, int> { [Property: User.Id (int) Required PK AfterSave:Throw ValueGenerated.OnAdd, 0], [Property: User.Password (string) Required, 1], [Property: User.UserName (string) Required, 2] }
                1 -> 0
                2 -> Dictionary<IProperty, int> { [Property: Journal.Id (int) Required PK AfterSave:Throw ValueGenerated.OnAdd, 3], [Property: Journal.Content (string) Required, 4], [Property: Journal.Images (List<string>) Required Element type: string Required, 5], [Property: Journal.Title (string) Required, 6], [Property: Journal.UserId (int) Required FK Index, 7] }
                3 -> 3
            SELECT u0.Id, u0.Password, u0.UserName, j.Id, j.Content, j.Images, j.Title, j.UserId
            FROM 
            (
                SELECT TOP(1) u.Id, u.Password, u.UserName
                FROM Users AS u
                WHERE u.UserName == @__userName_0
            ) AS u0
            LEFT JOIN Journals AS j ON u0.Id == j.UserId
            ORDER BY u0.Id ASC) | Resolver: c => new RelationalCommandCache(
            c.Dependencies.MemoryCache, 
            c.RelationalDependencies.QuerySqlGeneratorFactory, 
            c.RelationalDependencies.RelationalParameterBasedSqlProcessorFactory, 
            Client Projections:
                0 -> Dictionary<IProperty, int> { [Property: User.Id (int) Required PK AfterSave:Throw ValueGenerated.OnAdd, 0], [Property: User.Password (string) Required, 1], [Property: User.UserName (string) Required, 2] }
                1 -> 0
                2 -> Dictionary<IProperty, int> { [Property: Journal.Id (int) Required PK AfterSave:Throw ValueGenerated.OnAdd, 3], [Property: Journal.Content (string) Required, 4], [Property: Journal.Images (List<string>) Required Element type: string Required, 5], [Property: Journal.Title (string) Required, 6], [Property: Journal.UserId (int) Required FK Index, 7] }
                3 -> 3
            SELECT u0.Id, u0.Password, u0.UserName, j.Id, j.Content, j.Images, j.Title, j.UserId
            FROM 
            (
                SELECT TOP(1) u.Id, u.Password, u.UserName
                FROM Users AS u
                WHERE u.UserName == @__userName_0
            ) AS u0
            LEFT JOIN Journals AS j ON u0.Id == j.UserId
            ORDER BY u0.Id ASC, 
            False, 
            new HashSet<string>(
                new string[]{ }, 
                StringComparer.Ordinal
            )
        )].GetRelationalCommandTemplate(parameters), 
        readerColumns: null, 
        shaper: (queryContext, dataReader, resultContext, resultCoordinator) => 
        {
            resultContext.Values == null ? 
            {
                User entity;
                entity = 
                {
                    MaterializationContext materializationContext1;
                    IEntityType entityType1;
                    User instance1;
                    InternalEntityEntry entry1;
                    bool hasNullKey1;
                    materializationContext1 = new MaterializationContext(
                        [LIFTABLE Constant: ValueBuffer | Resolver: _ => (object)ValueBuffer.Empty], 
                        queryContext.Context
                    );
                    instance1 = default(User);
                    entry1 = queryContext.TryGetEntry(
                        key: [LIFTABLE Constant: Key: User.Id PK | Resolver: c => c.Dependencies.Model.FindEntityType("JournalApp.Domain.User.User").FindPrimaryKey()], 
                        keyValues: new object[]{ (object)dataReader.GetInt32(0) }, 
                        throwOnNullKey: True, 
                        hasNullKey: hasNullKey1);
                    !(hasNullKey1) ? entry1 != default(InternalEntityEntry) ? 
                    {
                        entityType1 = entry1.EntityType;
                        return instance1 = (User)entry1.Entity;
                    } : 
                    {
                        ISnapshot shadowSnapshot1;
                        shadowSnapshot1 = [LIFTABLE Constant: Snapshot | Resolver: _ => Snapshot.Empty];
                        entityType1 = [LIFTABLE Constant: EntityType: User | Resolver: namelessParameter{0} => namelessParameter{0}.Dependencies.Model.FindEntityType("JournalApp.Domain.User.User")];
                        instance1 = switch (entityType1)
                        {
                            case [LIFTABLE Constant: EntityType: User | Resolver: namelessParameter{1} => namelessParameter{1}.Dependencies.Model.FindEntityType("JournalApp.Domain.User.User")]: 
                                {
                                    return 
                                    {
                                        User instance;
                                        instance = new User();
                                        instance.<Id>k__BackingField = dataReader.GetInt32(0);
                                        instance.<Password>k__BackingField = dataReader.GetString(1);
                                        instance.<UserName>k__BackingField = dataReader.GetString(2);
                                        (instance is IInjectableService) ? ((IInjectableService)instance).Injected(
                                            context: materializationContext1.Context, 
                                            entity: instance, 
                                            queryTrackingBehavior: TrackAll, 
                                            structuralType: [LIFTABLE Constant: EntityType: User | Resolver: namelessParameter{2} => namelessParameter{2}.Dependencies.Model.FindEntityType("JournalApp.Domain.User.User")]) : default(void);
                                        return instance;
                                    }}
                            default: 
                                default(User)
                        }
                        ;
                        entry1 = entityType1 == default(IEntityType) ? default(InternalEntityEntry) : queryContext.StartTracking(
                            entityType: entityType1, 
                            entity: instance1, 
                            snapshot: shadowSnapshot1);
                        return instance1;
                    } : default(void);
                    return instance1;
                };
                resultContext.Values = new object[]{ entity };
                ShaperProcessingExpressionVisitor.InitializeIncludeCollection<User, User>(
                    collectionId: 0, 
                    queryContext: queryContext, 
                    dbDataReader: dataReader, 
                    resultCoordinator: resultCoordinator, 
                    entity: (User)(resultContext.Values[0]), 
                    parentIdentifier: [LIFTABLE Constant: Func<QueryContext, DbDataReader, object[]> | Resolver: _ => (queryContext, dataReader) => new object[]{ (object)(int?)dataReader.GetInt32(0) }], 
                    outerIdentifier: [LIFTABLE Constant: Func<QueryContext, DbDataReader, object[]> | Resolver: _ => (queryContext, dataReader) => new object[]{ (object)(int?)dataReader.GetInt32(0) }], 
                    navigation: [LIFTABLE Constant: Navigation: User.Journals (List<Journal>) Collection ToDependent Journal Inverse: User | Resolver: namelessParameter{3} => namelessParameter{3}.Dependencies.Model.FindEntityType("JournalApp.Domain.User.User").FindNavigation("Journals")], 
                    clrCollectionAccessor: [LIFTABLE Constant: ClrICollectionAccessor<User, List<Journal>, Journal> | Resolver: namelessParameter{4} => namelessParameter{4}.Dependencies.Model.FindEntityType("JournalApp.Domain.User.User").FindNavigation("Journals").GetCollectionAccessor()], 
                    trackingQuery: True, 
                    setLoaded: True);
            } : default(void);
            ShaperProcessingExpressionVisitor.PopulateIncludeCollection<User, Journal>(
                collectionId: 0, 
                queryContext: queryContext, 
                dbDataReader: dataReader, 
                resultCoordinator: resultCoordinator, 
                parentIdentifier: [LIFTABLE Constant: Func<QueryContext, DbDataReader, object[]> | Resolver: _ => (queryContext, dataReader) => new object[]{ (object)(int?)dataReader.GetInt32(0) }], 
                outerIdentifier: [LIFTABLE Constant: Func<QueryContext, DbDataReader, object[]> | Resolver: _ => (queryContext, dataReader) => new object[]{ (object)(int?)dataReader.GetInt32(0) }], 
                selfIdentifier: [LIFTABLE Constant: Func<QueryContext, DbDataReader, object[]> | Resolver: _ => (queryContext, dataReader) => new object[]{ (object)dataReader.IsDBNull(3) ? default(int?) : (int?)dataReader.GetInt32(3) }], 
                parentIdentifierValueComparers: [LIFTABLE Constant: Func<object, object, bool>[] { Func<object, object, bool> } | Resolver: _ => new Func<object, object, bool>[]{ (left, right) => left == null ? right == null : right != null && (int)left == (int)right }], 
                outerIdentifierValueComparers: [LIFTABLE Constant: Func<object, object, bool>[] { Func<object, object, bool> } | Resolver: _ => new Func<object, object, bool>[]{ (left, right) => left == null ? right == null : right != null && (int)left == (int)right }], 
                selfIdentifierValueComparers: [LIFTABLE Constant: Func<object, object, bool>[] { Func<object, object, bool> } | Resolver: _ => new Func<object, object, bool>[]{ (left, right) => left == null ? right == null : right != null && (int)left == (int)right }], 
                innerShaper: (queryContext, dataReader, resultContext, resultCoordinator) => 
                {
                    Journal entity;
                    entity = 
                    {
                        MaterializationContext materializationContext2;
                        IEntityType entityType2;
                        Journal instance2;
                        InternalEntityEntry entry2;
                        bool hasNullKey2;
                        materializationContext2 = new MaterializationContext(
                            [LIFTABLE Constant: ValueBuffer | Resolver: _ => (object)ValueBuffer.Empty], 
                            queryContext.Context
                        );
                        instance2 = default(Journal);
                        entry2 = queryContext.TryGetEntry(
                            key: [LIFTABLE Constant: Key: Journal.Id PK | Resolver: c => c.Dependencies.Model.FindEntityType("JournalApp.Domain.Journal.Journal").FindPrimaryKey()], 
                            keyValues: new object[]{ dataReader.IsDBNull(3) ? default(object) : (object)dataReader.GetInt32(3) }, 
                            throwOnNullKey: False, 
                            hasNullKey: hasNullKey2);
                        !(hasNullKey2) ? entry2 != default(InternalEntityEntry) ? 
                        {
                            entityType2 = entry2.EntityType;
                            return instance2 = (Journal)entry2.Entity;
                        } : 
                        {
                            ISnapshot shadowSnapshot2;
                            shadowSnapshot2 = [LIFTABLE Constant: Snapshot | Resolver: _ => Snapshot.Empty];
                            entityType2 = [LIFTABLE Constant: EntityType: Journal | Resolver: namelessParameter{5} => namelessParameter{5}.Dependencies.Model.FindEntityType("JournalApp.Domain.Journal.Journal")];
                            instance2 = switch (entityType2)
                            {
                                case [LIFTABLE Constant: EntityType: Journal | Resolver: namelessParameter{6} => namelessParameter{6}.Dependencies.Model.FindEntityType("JournalApp.Domain.Journal.Journal")]: 
                                    {
                                        return 
                                        {
                                            Journal instance;
                                            instance = new Journal();
                                            instance.<Id>k__BackingField = dataReader.IsDBNull(3) ? default(int) : dataReader.GetInt32(3);
                                            instance.<Content>k__BackingField = dataReader.IsDBNull(4) ? default(string) : dataReader.GetString(4);
                                            {
                                                List<string> namelessParameter{7};
                                                namelessParameter{7} = instance.<Images>k__BackingField;
                                                namelessParameter{7} == null || dataReader.IsDBNull(5) ? default(List<string>) : (List<string>)Invoke(((CollectionToJsonStringConverter<string>)((IReadOnlyProperty)[LIFTABLE Constant: Property: Journal.Images (List<string>) Required Element type: string Required | Resolver: namelessParameter{8} => namelessParameter{8}.Dependencies.Model.FindEntityType("JournalApp.Domain.Journal.Journal").FindProperty("Images")]).GetTypeMapping().Converter).ConvertFromProviderTyped, dataReader.GetString(5)) == null || namelessParameter{7}.IsReadOnly ? instance.<Images>k__BackingField = dataReader.IsDBNull(5) ? default(List<string>) : (List<string>)Invoke(((CollectionToJsonStringConverter<string>)((IReadOnlyProperty)[LIFTABLE Constant: Property: Journal.Images (List<string>) Required Element type: string Required | Resolver: namelessParameter{9} => namelessParameter{9}.Dependencies.Model.FindEntityType("JournalApp.Domain.Journal.Journal").FindProperty("Images")]).GetTypeMapping().Converter).ConvertFromProviderTyped, dataReader.GetString(5)) : EntityMaterializerSource.PopulateList<string>(
                                                    buffer: dataReader.IsDBNull(5) ? default(List<string>) : (List<string>)Invoke(((CollectionToJsonStringConverter<string>)((IReadOnlyProperty)[LIFTABLE Constant: Property: Journal.Images (List<string>) Required Element type: string Required | Resolver: namelessParameter{10} => namelessParameter{10}.Dependencies.Model.FindEntityType("JournalApp.Domain.Journal.Journal").FindProperty("Images")]).GetTypeMapping().Converter).ConvertFromProviderTyped, dataReader.GetString(5)), 
                                                    target: namelessParameter{7});
                                            }instance.<Title>k__BackingField = dataReader.IsDBNull(6) ? default(string) : dataReader.GetString(6);
                                            instance.<UserId>k__BackingField = dataReader.IsDBNull(7) ? default(int) : dataReader.GetInt32(7);
                                            (instance is IInjectableService) ? ((IInjectableService)instance).Injected(
                                                context: materializationContext2.Context, 
                                                entity: instance, 
                                                queryTrackingBehavior: TrackAll, 
                                                structuralType: [LIFTABLE Constant: EntityType: Journal | Resolver: namelessParameter{11} => namelessParameter{11}.Dependencies.Model.FindEntityType("JournalApp.Domain.Journal.Journal")]) : default(void);
                                            return instance;
                                        }}
                                default: 
                                    default(Journal)
                            }
                            ;
                            entry2 = entityType2 == default(IEntityType) ? default(InternalEntityEntry) : queryContext.StartTracking(
                                entityType: entityType2, 
                                entity: instance2, 
                                snapshot: shadowSnapshot2);
                            return instance2;
                        } : default(void);
                        return instance2;
                    };
                    return entity;
                }, 
                inverseNavigation: [LIFTABLE Constant: Navigation: Journal.User (User) ToPrincipal User Inverse: Journals | Resolver: namelessParameter{12} => namelessParameter{12}.Dependencies.Model.FindEntityType("JournalApp.Domain.Journal.Journal").FindNavigation("User")], 
                fixup: (namelessParameter{13}, namelessParameter{14}) => 
                {
                    [LIFTABLE Constant: ClrICollectionAccessor<User, List<Journal>, Journal> | Resolver: namelessParameter{15} => namelessParameter{15}.Dependencies.Model.FindEntityType("JournalApp.Domain.User.User").FindNavigation("Journals").GetCollectionAccessor()].Add(
                        entity: namelessParameter{13}, 
                        value: namelessParameter{14}, 
                        forMaterialization: True);
                    return namelessParameter{14}.<User>k__BackingField = namelessParameter{13};
                }, 
                trackingQuery: True);
            return IsTrue(resultCoordinator.ResultReady)
             ? (User)(resultContext.Values[0]) : default(User);
        }, 
        contextType: JournalApp.Infrastructure.JournalAppDbContext, 
        standAloneStateManager: False, 
        detailedErrorsEnabled: False, 
        threadSafetyChecksEnabled: True), 
    cancellationToken: queryContext.CancellationToken)'
2025-08-30 12:17:34.442 +03:00 [DBG] Creating DbConnection.
2025-08-30 12:17:34.449 +03:00 [DBG] Created DbConnection. (5ms).
2025-08-30 12:17:34.452 +03:00 [DBG] Opening connection to database 'main' on server '/Users/sgrancharov/dev/dotnet/JournalApp/JournalApp/JournalApp.Infrastructure/JournalApp.db'.
2025-08-30 12:17:34.459 +03:00 [DBG] Opened connection to database 'main' on server '/Users/sgrancharov/dev/dotnet/JournalApp/JournalApp/JournalApp.Infrastructure/JournalApp.db'.
2025-08-30 12:17:34.462 +03:00 [DBG] Creating DbCommand for 'ExecuteReader'.
2025-08-30 12:17:34.465 +03:00 [DBG] Created DbCommand for 'ExecuteReader' (1ms).
2025-08-30 12:17:34.467 +03:00 [DBG] Initialized DbCommand for 'ExecuteReader' (4ms).
2025-08-30 12:17:34.471 +03:00 [DBG] Executing DbCommand [Parameters=[@__userName_0='?' (Size = 3)], CommandType='"Text"', CommandTimeout='30']
SELECT "u0"."Id", "u0"."Password", "u0"."UserName", "j"."Id", "j"."Content", "j"."Images", "j"."Title", "j"."UserId"
FROM (
    SELECT "u"."Id", "u"."Password", "u"."UserName"
    FROM "Users" AS "u"
    WHERE "u"."UserName" = @__userName_0
    LIMIT 1
) AS "u0"
LEFT JOIN "Journals" AS "j" ON "u0"."Id" = "j"."UserId"
ORDER BY "u0"."Id"
2025-08-30 12:17:34.485 +03:00 [INF] Executed DbCommand (11ms) [Parameters=[@__userName_0='?' (Size = 3)], CommandType='"Text"', CommandTimeout='30']
SELECT "u0"."Id", "u0"."Password", "u0"."UserName", "j"."Id", "j"."Content", "j"."Images", "j"."Title", "j"."UserId"
FROM (
    SELECT "u"."Id", "u"."Password", "u"."UserName"
    FROM "Users" AS "u"
    WHERE "u"."UserName" = @__userName_0
    LIMIT 1
) AS "u0"
LEFT JOIN "Journals" AS "j" ON "u0"."Id" = "j"."UserId"
ORDER BY "u0"."Id"
2025-08-30 12:17:34.504 +03:00 [DBG] Context 'JournalAppDbContext' started tracking 'User' entity. Consider using 'DbContextOptionsBuilder.EnableSensitiveDataLogging' to see key values.
2025-08-30 12:17:34.524 +03:00 [DBG] Context 'JournalAppDbContext' started tracking 'Journal' entity. Consider using 'DbContextOptionsBuilder.EnableSensitiveDataLogging' to see key values.
2025-08-30 12:17:34.528 +03:00 [DBG] Context 'JournalAppDbContext' started tracking 'Journal' entity. Consider using 'DbContextOptionsBuilder.EnableSensitiveDataLogging' to see key values.
2025-08-30 12:17:34.530 +03:00 [DBG] Closing data reader to 'main' on server '/Users/sgrancharov/dev/dotnet/JournalApp/JournalApp/JournalApp.Infrastructure/JournalApp.db'.
2025-08-30 12:17:34.533 +03:00 [DBG] A data reader for 'main' on server '/Users/sgrancharov/dev/dotnet/JournalApp/JournalApp/JournalApp.Infrastructure/JournalApp.db' is being disposed after spending 44ms reading results.
2025-08-30 12:17:34.535 +03:00 [DBG] Closing connection to database 'main' on server '/Users/sgrancharov/dev/dotnet/JournalApp/JournalApp/JournalApp.Infrastructure/JournalApp.db'.
2025-08-30 12:17:34.536 +03:00 [DBG] Closed connection to database 'main' on server '/Users/sgrancharov/dev/dotnet/JournalApp/JournalApp/JournalApp.Infrastructure/JournalApp.db' (1ms).
2025-08-30 12:18:59.375 +03:00 [WRN] You do not have a valid license key for the Lucky Penny software AutoMapper. This is allowed for development and testing scenarios. If you are running in production you are required to have a licensed version. Please visit https://luckypennysoftware.com to obtain a valid license.
2025-08-30 12:19:16.251 +03:00 [DBG] An 'IServiceProvider' was created for internal use by Entity Framework.
2025-08-30 12:19:16.576 +03:00 [DBG] Entity Framework Core 9.0.7 initialized 'JournalAppDbContext' using provider 'Microsoft.EntityFrameworkCore.Sqlite:9.0.7' with options: None
2025-08-30 12:19:16.606 +03:00 [DBG] Compiling query expression: 
'DbSet<User>()
    .Include(u => u.Journals)
    .FirstOrDefault(u => u.UserName == __userName_0)'
2025-08-30 12:19:16.640 +03:00 [DBG] Including navigation: 'User.Journals'.
2025-08-30 12:19:16.779 +03:00 [DBG] Generated query execution expression: 
'queryContext => ShapedQueryCompilingExpressionVisitor.SingleOrDefaultAsync<User>(
    asyncEnumerable: SingleQueryingEnumerable.Create<User>(
        relationalQueryContext: (RelationalQueryContext)queryContext, 
        relationalCommandResolver: parameters => [LIFTABLE Constant: RelationalCommandCache.QueryExpression(
            Client Projections:
                0 -> Dictionary<IProperty, int> { [Property: User.Id (int) Required PK AfterSave:Throw ValueGenerated.OnAdd, 0], [Property: User.Password (string) Required, 1], [Property: User.UserName (string) Required, 2] }
                1 -> 0
                2 -> Dictionary<IProperty, int> { [Property: Journal.Id (int) Required PK AfterSave:Throw ValueGenerated.OnAdd, 3], [Property: Journal.Content (string) Required, 4], [Property: Journal.Images (List<string>) Required Element type: string Required, 5], [Property: Journal.Title (string) Required, 6], [Property: Journal.UserId (int) Required FK Index, 7] }
                3 -> 3
            SELECT u0.Id, u0.Password, u0.UserName, j.Id, j.Content, j.Images, j.Title, j.UserId
            FROM 
            (
                SELECT TOP(1) u.Id, u.Password, u.UserName
                FROM Users AS u
                WHERE u.UserName == @__userName_0
            ) AS u0
            LEFT JOIN Journals AS j ON u0.Id == j.UserId
            ORDER BY u0.Id ASC) | Resolver: c => new RelationalCommandCache(
            c.Dependencies.MemoryCache, 
            c.RelationalDependencies.QuerySqlGeneratorFactory, 
            c.RelationalDependencies.RelationalParameterBasedSqlProcessorFactory, 
            Client Projections:
                0 -> Dictionary<IProperty, int> { [Property: User.Id (int) Required PK AfterSave:Throw ValueGenerated.OnAdd, 0], [Property: User.Password (string) Required, 1], [Property: User.UserName (string) Required, 2] }
                1 -> 0
                2 -> Dictionary<IProperty, int> { [Property: Journal.Id (int) Required PK AfterSave:Throw ValueGenerated.OnAdd, 3], [Property: Journal.Content (string) Required, 4], [Property: Journal.Images (List<string>) Required Element type: string Required, 5], [Property: Journal.Title (string) Required, 6], [Property: Journal.UserId (int) Required FK Index, 7] }
                3 -> 3
            SELECT u0.Id, u0.Password, u0.UserName, j.Id, j.Content, j.Images, j.Title, j.UserId
            FROM 
            (
                SELECT TOP(1) u.Id, u.Password, u.UserName
                FROM Users AS u
                WHERE u.UserName == @__userName_0
            ) AS u0
            LEFT JOIN Journals AS j ON u0.Id == j.UserId
            ORDER BY u0.Id ASC, 
            False, 
            new HashSet<string>(
                new string[]{ }, 
                StringComparer.Ordinal
            )
        )].GetRelationalCommandTemplate(parameters), 
        readerColumns: null, 
        shaper: (queryContext, dataReader, resultContext, resultCoordinator) => 
        {
            resultContext.Values == null ? 
            {
                User entity;
                entity = 
                {
                    MaterializationContext materializationContext1;
                    IEntityType entityType1;
                    User instance1;
                    InternalEntityEntry entry1;
                    bool hasNullKey1;
                    materializationContext1 = new MaterializationContext(
                        [LIFTABLE Constant: ValueBuffer | Resolver: _ => (object)ValueBuffer.Empty], 
                        queryContext.Context
                    );
                    instance1 = default(User);
                    entry1 = queryContext.TryGetEntry(
                        key: [LIFTABLE Constant: Key: User.Id PK | Resolver: c => c.Dependencies.Model.FindEntityType("JournalApp.Domain.User.User").FindPrimaryKey()], 
                        keyValues: new object[]{ (object)dataReader.GetInt32(0) }, 
                        throwOnNullKey: True, 
                        hasNullKey: hasNullKey1);
                    !(hasNullKey1) ? entry1 != default(InternalEntityEntry) ? 
                    {
                        entityType1 = entry1.EntityType;
                        return instance1 = (User)entry1.Entity;
                    } : 
                    {
                        ISnapshot shadowSnapshot1;
                        shadowSnapshot1 = [LIFTABLE Constant: Snapshot | Resolver: _ => Snapshot.Empty];
                        entityType1 = [LIFTABLE Constant: EntityType: User | Resolver: namelessParameter{0} => namelessParameter{0}.Dependencies.Model.FindEntityType("JournalApp.Domain.User.User")];
                        instance1 = switch (entityType1)
                        {
                            case [LIFTABLE Constant: EntityType: User | Resolver: namelessParameter{1} => namelessParameter{1}.Dependencies.Model.FindEntityType("JournalApp.Domain.User.User")]: 
                                {
                                    return 
                                    {
                                        User instance;
                                        instance = new User();
                                        instance.<Id>k__BackingField = dataReader.GetInt32(0);
                                        instance.<Password>k__BackingField = dataReader.GetString(1);
                                        instance.<UserName>k__BackingField = dataReader.GetString(2);
                                        (instance is IInjectableService) ? ((IInjectableService)instance).Injected(
                                            context: materializationContext1.Context, 
                                            entity: instance, 
                                            queryTrackingBehavior: TrackAll, 
                                            structuralType: [LIFTABLE Constant: EntityType: User | Resolver: namelessParameter{2} => namelessParameter{2}.Dependencies.Model.FindEntityType("JournalApp.Domain.User.User")]) : default(void);
                                        return instance;
                                    }}
                            default: 
                                default(User)
                        }
                        ;
                        entry1 = entityType1 == default(IEntityType) ? default(InternalEntityEntry) : queryContext.StartTracking(
                            entityType: entityType1, 
                            entity: instance1, 
                            snapshot: shadowSnapshot1);
                        return instance1;
                    } : default(void);
                    return instance1;
                };
                resultContext.Values = new object[]{ entity };
                ShaperProcessingExpressionVisitor.InitializeIncludeCollection<User, User>(
                    collectionId: 0, 
                    queryContext: queryContext, 
                    dbDataReader: dataReader, 
                    resultCoordinator: resultCoordinator, 
                    entity: (User)(resultContext.Values[0]), 
                    parentIdentifier: [LIFTABLE Constant: Func<QueryContext, DbDataReader, object[]> | Resolver: _ => (queryContext, dataReader) => new object[]{ (object)(int?)dataReader.GetInt32(0) }], 
                    outerIdentifier: [LIFTABLE Constant: Func<QueryContext, DbDataReader, object[]> | Resolver: _ => (queryContext, dataReader) => new object[]{ (object)(int?)dataReader.GetInt32(0) }], 
                    navigation: [LIFTABLE Constant: Navigation: User.Journals (List<Journal>) Collection ToDependent Journal Inverse: User | Resolver: namelessParameter{3} => namelessParameter{3}.Dependencies.Model.FindEntityType("JournalApp.Domain.User.User").FindNavigation("Journals")], 
                    clrCollectionAccessor: [LIFTABLE Constant: ClrICollectionAccessor<User, List<Journal>, Journal> | Resolver: namelessParameter{4} => namelessParameter{4}.Dependencies.Model.FindEntityType("JournalApp.Domain.User.User").FindNavigation("Journals").GetCollectionAccessor()], 
                    trackingQuery: True, 
                    setLoaded: True);
            } : default(void);
            ShaperProcessingExpressionVisitor.PopulateIncludeCollection<User, Journal>(
                collectionId: 0, 
                queryContext: queryContext, 
                dbDataReader: dataReader, 
                resultCoordinator: resultCoordinator, 
                parentIdentifier: [LIFTABLE Constant: Func<QueryContext, DbDataReader, object[]> | Resolver: _ => (queryContext, dataReader) => new object[]{ (object)(int?)dataReader.GetInt32(0) }], 
                outerIdentifier: [LIFTABLE Constant: Func<QueryContext, DbDataReader, object[]> | Resolver: _ => (queryContext, dataReader) => new object[]{ (object)(int?)dataReader.GetInt32(0) }], 
                selfIdentifier: [LIFTABLE Constant: Func<QueryContext, DbDataReader, object[]> | Resolver: _ => (queryContext, dataReader) => new object[]{ (object)dataReader.IsDBNull(3) ? default(int?) : (int?)dataReader.GetInt32(3) }], 
                parentIdentifierValueComparers: [LIFTABLE Constant: Func<object, object, bool>[] { Func<object, object, bool> } | Resolver: _ => new Func<object, object, bool>[]{ (left, right) => left == null ? right == null : right != null && (int)left == (int)right }], 
                outerIdentifierValueComparers: [LIFTABLE Constant: Func<object, object, bool>[] { Func<object, object, bool> } | Resolver: _ => new Func<object, object, bool>[]{ (left, right) => left == null ? right == null : right != null && (int)left == (int)right }], 
                selfIdentifierValueComparers: [LIFTABLE Constant: Func<object, object, bool>[] { Func<object, object, bool> } | Resolver: _ => new Func<object, object, bool>[]{ (left, right) => left == null ? right == null : right != null && (int)left == (int)right }], 
                innerShaper: (queryContext, dataReader, resultContext, resultCoordinator) => 
                {
                    Journal entity;
                    entity = 
                    {
                        MaterializationContext materializationContext2;
                        IEntityType entityType2;
                        Journal instance2;
                        InternalEntityEntry entry2;
                        bool hasNullKey2;
                        materializationContext2 = new MaterializationContext(
                            [LIFTABLE Constant: ValueBuffer | Resolver: _ => (object)ValueBuffer.Empty], 
                            queryContext.Context
                        );
                        instance2 = default(Journal);
                        entry2 = queryContext.TryGetEntry(
                            key: [LIFTABLE Constant: Key: Journal.Id PK | Resolver: c => c.Dependencies.Model.FindEntityType("JournalApp.Domain.Journal.Journal").FindPrimaryKey()], 
                            keyValues: new object[]{ dataReader.IsDBNull(3) ? default(object) : (object)dataReader.GetInt32(3) }, 
                            throwOnNullKey: False, 
                            hasNullKey: hasNullKey2);
                        !(hasNullKey2) ? entry2 != default(InternalEntityEntry) ? 
                        {
                            entityType2 = entry2.EntityType;
                            return instance2 = (Journal)entry2.Entity;
                        } : 
                        {
                            ISnapshot shadowSnapshot2;
                            shadowSnapshot2 = [LIFTABLE Constant: Snapshot | Resolver: _ => Snapshot.Empty];
                            entityType2 = [LIFTABLE Constant: EntityType: Journal | Resolver: namelessParameter{5} => namelessParameter{5}.Dependencies.Model.FindEntityType("JournalApp.Domain.Journal.Journal")];
                            instance2 = switch (entityType2)
                            {
                                case [LIFTABLE Constant: EntityType: Journal | Resolver: namelessParameter{6} => namelessParameter{6}.Dependencies.Model.FindEntityType("JournalApp.Domain.Journal.Journal")]: 
                                    {
                                        return 
                                        {
                                            Journal instance;
                                            instance = new Journal();
                                            instance.<Id>k__BackingField = dataReader.IsDBNull(3) ? default(int) : dataReader.GetInt32(3);
                                            instance.<Content>k__BackingField = dataReader.IsDBNull(4) ? default(string) : dataReader.GetString(4);
                                            {
                                                List<string> namelessParameter{7};
                                                namelessParameter{7} = instance.<Images>k__BackingField;
                                                namelessParameter{7} == null || dataReader.IsDBNull(5) ? default(List<string>) : (List<string>)Invoke(((CollectionToJsonStringConverter<string>)((IReadOnlyProperty)[LIFTABLE Constant: Property: Journal.Images (List<string>) Required Element type: string Required | Resolver: namelessParameter{8} => namelessParameter{8}.Dependencies.Model.FindEntityType("JournalApp.Domain.Journal.Journal").FindProperty("Images")]).GetTypeMapping().Converter).ConvertFromProviderTyped, dataReader.GetString(5)) == null || namelessParameter{7}.IsReadOnly ? instance.<Images>k__BackingField = dataReader.IsDBNull(5) ? default(List<string>) : (List<string>)Invoke(((CollectionToJsonStringConverter<string>)((IReadOnlyProperty)[LIFTABLE Constant: Property: Journal.Images (List<string>) Required Element type: string Required | Resolver: namelessParameter{9} => namelessParameter{9}.Dependencies.Model.FindEntityType("JournalApp.Domain.Journal.Journal").FindProperty("Images")]).GetTypeMapping().Converter).ConvertFromProviderTyped, dataReader.GetString(5)) : EntityMaterializerSource.PopulateList<string>(
                                                    buffer: dataReader.IsDBNull(5) ? default(List<string>) : (List<string>)Invoke(((CollectionToJsonStringConverter<string>)((IReadOnlyProperty)[LIFTABLE Constant: Property: Journal.Images (List<string>) Required Element type: string Required | Resolver: namelessParameter{10} => namelessParameter{10}.Dependencies.Model.FindEntityType("JournalApp.Domain.Journal.Journal").FindProperty("Images")]).GetTypeMapping().Converter).ConvertFromProviderTyped, dataReader.GetString(5)), 
                                                    target: namelessParameter{7});
                                            }instance.<Title>k__BackingField = dataReader.IsDBNull(6) ? default(string) : dataReader.GetString(6);
                                            instance.<UserId>k__BackingField = dataReader.IsDBNull(7) ? default(int) : dataReader.GetInt32(7);
                                            (instance is IInjectableService) ? ((IInjectableService)instance).Injected(
                                                context: materializationContext2.Context, 
                                                entity: instance, 
                                                queryTrackingBehavior: TrackAll, 
                                                structuralType: [LIFTABLE Constant: EntityType: Journal | Resolver: namelessParameter{11} => namelessParameter{11}.Dependencies.Model.FindEntityType("JournalApp.Domain.Journal.Journal")]) : default(void);
                                            return instance;
                                        }}
                                default: 
                                    default(Journal)
                            }
                            ;
                            entry2 = entityType2 == default(IEntityType) ? default(InternalEntityEntry) : queryContext.StartTracking(
                                entityType: entityType2, 
                                entity: instance2, 
                                snapshot: shadowSnapshot2);
                            return instance2;
                        } : default(void);
                        return instance2;
                    };
                    return entity;
                }, 
                inverseNavigation: [LIFTABLE Constant: Navigation: Journal.User (User) ToPrincipal User Inverse: Journals | Resolver: namelessParameter{12} => namelessParameter{12}.Dependencies.Model.FindEntityType("JournalApp.Domain.Journal.Journal").FindNavigation("User")], 
                fixup: (namelessParameter{13}, namelessParameter{14}) => 
                {
                    [LIFTABLE Constant: ClrICollectionAccessor<User, List<Journal>, Journal> | Resolver: namelessParameter{15} => namelessParameter{15}.Dependencies.Model.FindEntityType("JournalApp.Domain.User.User").FindNavigation("Journals").GetCollectionAccessor()].Add(
                        entity: namelessParameter{13}, 
                        value: namelessParameter{14}, 
                        forMaterialization: True);
                    return namelessParameter{14}.<User>k__BackingField = namelessParameter{13};
                }, 
                trackingQuery: True);
            return IsTrue(resultCoordinator.ResultReady)
             ? (User)(resultContext.Values[0]) : default(User);
        }, 
        contextType: JournalApp.Infrastructure.JournalAppDbContext, 
        standAloneStateManager: False, 
        detailedErrorsEnabled: False, 
        threadSafetyChecksEnabled: True), 
    cancellationToken: queryContext.CancellationToken)'
2025-08-30 12:19:16.801 +03:00 [DBG] Creating DbConnection.
2025-08-30 12:19:16.808 +03:00 [DBG] Created DbConnection. (6ms).
2025-08-30 12:19:16.811 +03:00 [DBG] Opening connection to database 'main' on server '/Users/sgrancharov/dev/dotnet/JournalApp/JournalApp/JournalApp.Infrastructure/JournalApp.db'.
2025-08-30 12:19:16.818 +03:00 [DBG] Opened connection to database 'main' on server '/Users/sgrancharov/dev/dotnet/JournalApp/JournalApp/JournalApp.Infrastructure/JournalApp.db'.
2025-08-30 12:19:16.821 +03:00 [DBG] Creating DbCommand for 'ExecuteReader'.
2025-08-30 12:19:16.824 +03:00 [DBG] Created DbCommand for 'ExecuteReader' (1ms).
2025-08-30 12:19:16.826 +03:00 [DBG] Initialized DbCommand for 'ExecuteReader' (5ms).
2025-08-30 12:19:16.830 +03:00 [DBG] Executing DbCommand [Parameters=[@__userName_0='?' (Size = 3)], CommandType='"Text"', CommandTimeout='30']
SELECT "u0"."Id", "u0"."Password", "u0"."UserName", "j"."Id", "j"."Content", "j"."Images", "j"."Title", "j"."UserId"
FROM (
    SELECT "u"."Id", "u"."Password", "u"."UserName"
    FROM "Users" AS "u"
    WHERE "u"."UserName" = @__userName_0
    LIMIT 1
) AS "u0"
LEFT JOIN "Journals" AS "j" ON "u0"."Id" = "j"."UserId"
ORDER BY "u0"."Id"
2025-08-30 12:19:16.844 +03:00 [INF] Executed DbCommand (11ms) [Parameters=[@__userName_0='?' (Size = 3)], CommandType='"Text"', CommandTimeout='30']
SELECT "u0"."Id", "u0"."Password", "u0"."UserName", "j"."Id", "j"."Content", "j"."Images", "j"."Title", "j"."UserId"
FROM (
    SELECT "u"."Id", "u"."Password", "u"."UserName"
    FROM "Users" AS "u"
    WHERE "u"."UserName" = @__userName_0
    LIMIT 1
) AS "u0"
LEFT JOIN "Journals" AS "j" ON "u0"."Id" = "j"."UserId"
ORDER BY "u0"."Id"
2025-08-30 12:19:16.863 +03:00 [DBG] Context 'JournalAppDbContext' started tracking 'User' entity. Consider using 'DbContextOptionsBuilder.EnableSensitiveDataLogging' to see key values.
2025-08-30 12:19:16.884 +03:00 [DBG] Context 'JournalAppDbContext' started tracking 'Journal' entity. Consider using 'DbContextOptionsBuilder.EnableSensitiveDataLogging' to see key values.
2025-08-30 12:19:16.887 +03:00 [DBG] Context 'JournalAppDbContext' started tracking 'Journal' entity. Consider using 'DbContextOptionsBuilder.EnableSensitiveDataLogging' to see key values.
2025-08-30 12:19:16.890 +03:00 [DBG] Closing data reader to 'main' on server '/Users/sgrancharov/dev/dotnet/JournalApp/JournalApp/JournalApp.Infrastructure/JournalApp.db'.
2025-08-30 12:19:16.893 +03:00 [DBG] A data reader for 'main' on server '/Users/sgrancharov/dev/dotnet/JournalApp/JournalApp/JournalApp.Infrastructure/JournalApp.db' is being disposed after spending 45ms reading results.
2025-08-30 12:19:16.895 +03:00 [DBG] Closing connection to database 'main' on server '/Users/sgrancharov/dev/dotnet/JournalApp/JournalApp/JournalApp.Infrastructure/JournalApp.db'.
2025-08-30 12:19:16.896 +03:00 [DBG] Closed connection to database 'main' on server '/Users/sgrancharov/dev/dotnet/JournalApp/JournalApp/JournalApp.Infrastructure/JournalApp.db' (1ms).
2025-08-30 12:20:31.964 +03:00 [WRN] You do not have a valid license key for the Lucky Penny software AutoMapper. This is allowed for development and testing scenarios. If you are running in production you are required to have a licensed version. Please visit https://luckypennysoftware.com to obtain a valid license.
2025-08-30 12:20:36.740 +03:00 [DBG] An 'IServiceProvider' was created for internal use by Entity Framework.
2025-08-30 12:20:37.085 +03:00 [DBG] Entity Framework Core 9.0.7 initialized 'JournalAppDbContext' using provider 'Microsoft.EntityFrameworkCore.Sqlite:9.0.7' with options: None
2025-08-30 12:20:37.119 +03:00 [DBG] Compiling query expression: 
'DbSet<User>()
    .Include(u => u.Journals)
    .FirstOrDefault(u => u.UserName == __userName_0)'
2025-08-30 12:20:37.156 +03:00 [DBG] Including navigation: 'User.Journals'.
2025-08-30 12:20:37.307 +03:00 [DBG] Generated query execution expression: 
'queryContext => ShapedQueryCompilingExpressionVisitor.SingleOrDefaultAsync<User>(
    asyncEnumerable: SingleQueryingEnumerable.Create<User>(
        relationalQueryContext: (RelationalQueryContext)queryContext, 
        relationalCommandResolver: parameters => [LIFTABLE Constant: RelationalCommandCache.QueryExpression(
            Client Projections:
                0 -> Dictionary<IProperty, int> { [Property: User.Id (int) Required PK AfterSave:Throw ValueGenerated.OnAdd, 0], [Property: User.Password (string) Required, 1], [Property: User.UserName (string) Required, 2] }
                1 -> 0
                2 -> Dictionary<IProperty, int> { [Property: Journal.Id (int) Required PK AfterSave:Throw ValueGenerated.OnAdd, 3], [Property: Journal.Content (string) Required, 4], [Property: Journal.Images (List<string>) Required Element type: string Required, 5], [Property: Journal.Title (string) Required, 6], [Property: Journal.UserId (int) Required FK Index, 7] }
                3 -> 3
            SELECT u0.Id, u0.Password, u0.UserName, j.Id, j.Content, j.Images, j.Title, j.UserId
            FROM 
            (
                SELECT TOP(1) u.Id, u.Password, u.UserName
                FROM Users AS u
                WHERE u.UserName == @__userName_0
            ) AS u0
            LEFT JOIN Journals AS j ON u0.Id == j.UserId
            ORDER BY u0.Id ASC) | Resolver: c => new RelationalCommandCache(
            c.Dependencies.MemoryCache, 
            c.RelationalDependencies.QuerySqlGeneratorFactory, 
            c.RelationalDependencies.RelationalParameterBasedSqlProcessorFactory, 
            Client Projections:
                0 -> Dictionary<IProperty, int> { [Property: User.Id (int) Required PK AfterSave:Throw ValueGenerated.OnAdd, 0], [Property: User.Password (string) Required, 1], [Property: User.UserName (string) Required, 2] }
                1 -> 0
                2 -> Dictionary<IProperty, int> { [Property: Journal.Id (int) Required PK AfterSave:Throw ValueGenerated.OnAdd, 3], [Property: Journal.Content (string) Required, 4], [Property: Journal.Images (List<string>) Required Element type: string Required, 5], [Property: Journal.Title (string) Required, 6], [Property: Journal.UserId (int) Required FK Index, 7] }
                3 -> 3
            SELECT u0.Id, u0.Password, u0.UserName, j.Id, j.Content, j.Images, j.Title, j.UserId
            FROM 
            (
                SELECT TOP(1) u.Id, u.Password, u.UserName
                FROM Users AS u
                WHERE u.UserName == @__userName_0
            ) AS u0
            LEFT JOIN Journals AS j ON u0.Id == j.UserId
            ORDER BY u0.Id ASC, 
            False, 
            new HashSet<string>(
                new string[]{ }, 
                StringComparer.Ordinal
            )
        )].GetRelationalCommandTemplate(parameters), 
        readerColumns: null, 
        shaper: (queryContext, dataReader, resultContext, resultCoordinator) => 
        {
            resultContext.Values == null ? 
            {
                User entity;
                entity = 
                {
                    MaterializationContext materializationContext1;
                    IEntityType entityType1;
                    User instance1;
                    InternalEntityEntry entry1;
                    bool hasNullKey1;
                    materializationContext1 = new MaterializationContext(
                        [LIFTABLE Constant: ValueBuffer | Resolver: _ => (object)ValueBuffer.Empty], 
                        queryContext.Context
                    );
                    instance1 = default(User);
                    entry1 = queryContext.TryGetEntry(
                        key: [LIFTABLE Constant: Key: User.Id PK | Resolver: c => c.Dependencies.Model.FindEntityType("JournalApp.Domain.User.User").FindPrimaryKey()], 
                        keyValues: new object[]{ (object)dataReader.GetInt32(0) }, 
                        throwOnNullKey: True, 
                        hasNullKey: hasNullKey1);
                    !(hasNullKey1) ? entry1 != default(InternalEntityEntry) ? 
                    {
                        entityType1 = entry1.EntityType;
                        return instance1 = (User)entry1.Entity;
                    } : 
                    {
                        ISnapshot shadowSnapshot1;
                        shadowSnapshot1 = [LIFTABLE Constant: Snapshot | Resolver: _ => Snapshot.Empty];
                        entityType1 = [LIFTABLE Constant: EntityType: User | Resolver: namelessParameter{0} => namelessParameter{0}.Dependencies.Model.FindEntityType("JournalApp.Domain.User.User")];
                        instance1 = switch (entityType1)
                        {
                            case [LIFTABLE Constant: EntityType: User | Resolver: namelessParameter{1} => namelessParameter{1}.Dependencies.Model.FindEntityType("JournalApp.Domain.User.User")]: 
                                {
                                    return 
                                    {
                                        User instance;
                                        instance = new User();
                                        instance.<Id>k__BackingField = dataReader.GetInt32(0);
                                        instance.<Password>k__BackingField = dataReader.GetString(1);
                                        instance.<UserName>k__BackingField = dataReader.GetString(2);
                                        (instance is IInjectableService) ? ((IInjectableService)instance).Injected(
                                            context: materializationContext1.Context, 
                                            entity: instance, 
                                            queryTrackingBehavior: TrackAll, 
                                            structuralType: [LIFTABLE Constant: EntityType: User | Resolver: namelessParameter{2} => namelessParameter{2}.Dependencies.Model.FindEntityType("JournalApp.Domain.User.User")]) : default(void);
                                        return instance;
                                    }}
                            default: 
                                default(User)
                        }
                        ;
                        entry1 = entityType1 == default(IEntityType) ? default(InternalEntityEntry) : queryContext.StartTracking(
                            entityType: entityType1, 
                            entity: instance1, 
                            snapshot: shadowSnapshot1);
                        return instance1;
                    } : default(void);
                    return instance1;
                };
                resultContext.Values = new object[]{ entity };
                ShaperProcessingExpressionVisitor.InitializeIncludeCollection<User, User>(
                    collectionId: 0, 
                    queryContext: queryContext, 
                    dbDataReader: dataReader, 
                    resultCoordinator: resultCoordinator, 
                    entity: (User)(resultContext.Values[0]), 
                    parentIdentifier: [LIFTABLE Constant: Func<QueryContext, DbDataReader, object[]> | Resolver: _ => (queryContext, dataReader) => new object[]{ (object)(int?)dataReader.GetInt32(0) }], 
                    outerIdentifier: [LIFTABLE Constant: Func<QueryContext, DbDataReader, object[]> | Resolver: _ => (queryContext, dataReader) => new object[]{ (object)(int?)dataReader.GetInt32(0) }], 
                    navigation: [LIFTABLE Constant: Navigation: User.Journals (List<Journal>) Collection ToDependent Journal Inverse: User | Resolver: namelessParameter{3} => namelessParameter{3}.Dependencies.Model.FindEntityType("JournalApp.Domain.User.User").FindNavigation("Journals")], 
                    clrCollectionAccessor: [LIFTABLE Constant: ClrICollectionAccessor<User, List<Journal>, Journal> | Resolver: namelessParameter{4} => namelessParameter{4}.Dependencies.Model.FindEntityType("JournalApp.Domain.User.User").FindNavigation("Journals").GetCollectionAccessor()], 
                    trackingQuery: True, 
                    setLoaded: True);
            } : default(void);
            ShaperProcessingExpressionVisitor.PopulateIncludeCollection<User, Journal>(
                collectionId: 0, 
                queryContext: queryContext, 
                dbDataReader: dataReader, 
                resultCoordinator: resultCoordinator, 
                parentIdentifier: [LIFTABLE Constant: Func<QueryContext, DbDataReader, object[]> | Resolver: _ => (queryContext, dataReader) => new object[]{ (object)(int?)dataReader.GetInt32(0) }], 
                outerIdentifier: [LIFTABLE Constant: Func<QueryContext, DbDataReader, object[]> | Resolver: _ => (queryContext, dataReader) => new object[]{ (object)(int?)dataReader.GetInt32(0) }], 
                selfIdentifier: [LIFTABLE Constant: Func<QueryContext, DbDataReader, object[]> | Resolver: _ => (queryContext, dataReader) => new object[]{ (object)dataReader.IsDBNull(3) ? default(int?) : (int?)dataReader.GetInt32(3) }], 
                parentIdentifierValueComparers: [LIFTABLE Constant: Func<object, object, bool>[] { Func<object, object, bool> } | Resolver: _ => new Func<object, object, bool>[]{ (left, right) => left == null ? right == null : right != null && (int)left == (int)right }], 
                outerIdentifierValueComparers: [LIFTABLE Constant: Func<object, object, bool>[] { Func<object, object, bool> } | Resolver: _ => new Func<object, object, bool>[]{ (left, right) => left == null ? right == null : right != null && (int)left == (int)right }], 
                selfIdentifierValueComparers: [LIFTABLE Constant: Func<object, object, bool>[] { Func<object, object, bool> } | Resolver: _ => new Func<object, object, bool>[]{ (left, right) => left == null ? right == null : right != null && (int)left == (int)right }], 
                innerShaper: (queryContext, dataReader, resultContext, resultCoordinator) => 
                {
                    Journal entity;
                    entity = 
                    {
                        MaterializationContext materializationContext2;
                        IEntityType entityType2;
                        Journal instance2;
                        InternalEntityEntry entry2;
                        bool hasNullKey2;
                        materializationContext2 = new MaterializationContext(
                            [LIFTABLE Constant: ValueBuffer | Resolver: _ => (object)ValueBuffer.Empty], 
                            queryContext.Context
                        );
                        instance2 = default(Journal);
                        entry2 = queryContext.TryGetEntry(
                            key: [LIFTABLE Constant: Key: Journal.Id PK | Resolver: c => c.Dependencies.Model.FindEntityType("JournalApp.Domain.Journal.Journal").FindPrimaryKey()], 
                            keyValues: new object[]{ dataReader.IsDBNull(3) ? default(object) : (object)dataReader.GetInt32(3) }, 
                            throwOnNullKey: False, 
                            hasNullKey: hasNullKey2);
                        !(hasNullKey2) ? entry2 != default(InternalEntityEntry) ? 
                        {
                            entityType2 = entry2.EntityType;
                            return instance2 = (Journal)entry2.Entity;
                        } : 
                        {
                            ISnapshot shadowSnapshot2;
                            shadowSnapshot2 = [LIFTABLE Constant: Snapshot | Resolver: _ => Snapshot.Empty];
                            entityType2 = [LIFTABLE Constant: EntityType: Journal | Resolver: namelessParameter{5} => namelessParameter{5}.Dependencies.Model.FindEntityType("JournalApp.Domain.Journal.Journal")];
                            instance2 = switch (entityType2)
                            {
                                case [LIFTABLE Constant: EntityType: Journal | Resolver: namelessParameter{6} => namelessParameter{6}.Dependencies.Model.FindEntityType("JournalApp.Domain.Journal.Journal")]: 
                                    {
                                        return 
                                        {
                                            Journal instance;
                                            instance = new Journal();
                                            instance.<Id>k__BackingField = dataReader.IsDBNull(3) ? default(int) : dataReader.GetInt32(3);
                                            instance.<Content>k__BackingField = dataReader.IsDBNull(4) ? default(string) : dataReader.GetString(4);
                                            {
                                                List<string> namelessParameter{7};
                                                namelessParameter{7} = instance.<Images>k__BackingField;
                                                namelessParameter{7} == null || dataReader.IsDBNull(5) ? default(List<string>) : (List<string>)Invoke(((CollectionToJsonStringConverter<string>)((IReadOnlyProperty)[LIFTABLE Constant: Property: Journal.Images (List<string>) Required Element type: string Required | Resolver: namelessParameter{8} => namelessParameter{8}.Dependencies.Model.FindEntityType("JournalApp.Domain.Journal.Journal").FindProperty("Images")]).GetTypeMapping().Converter).ConvertFromProviderTyped, dataReader.GetString(5)) == null || namelessParameter{7}.IsReadOnly ? instance.<Images>k__BackingField = dataReader.IsDBNull(5) ? default(List<string>) : (List<string>)Invoke(((CollectionToJsonStringConverter<string>)((IReadOnlyProperty)[LIFTABLE Constant: Property: Journal.Images (List<string>) Required Element type: string Required | Resolver: namelessParameter{9} => namelessParameter{9}.Dependencies.Model.FindEntityType("JournalApp.Domain.Journal.Journal").FindProperty("Images")]).GetTypeMapping().Converter).ConvertFromProviderTyped, dataReader.GetString(5)) : EntityMaterializerSource.PopulateList<string>(
                                                    buffer: dataReader.IsDBNull(5) ? default(List<string>) : (List<string>)Invoke(((CollectionToJsonStringConverter<string>)((IReadOnlyProperty)[LIFTABLE Constant: Property: Journal.Images (List<string>) Required Element type: string Required | Resolver: namelessParameter{10} => namelessParameter{10}.Dependencies.Model.FindEntityType("JournalApp.Domain.Journal.Journal").FindProperty("Images")]).GetTypeMapping().Converter).ConvertFromProviderTyped, dataReader.GetString(5)), 
                                                    target: namelessParameter{7});
                                            }instance.<Title>k__BackingField = dataReader.IsDBNull(6) ? default(string) : dataReader.GetString(6);
                                            instance.<UserId>k__BackingField = dataReader.IsDBNull(7) ? default(int) : dataReader.GetInt32(7);
                                            (instance is IInjectableService) ? ((IInjectableService)instance).Injected(
                                                context: materializationContext2.Context, 
                                                entity: instance, 
                                                queryTrackingBehavior: TrackAll, 
                                                structuralType: [LIFTABLE Constant: EntityType: Journal | Resolver: namelessParameter{11} => namelessParameter{11}.Dependencies.Model.FindEntityType("JournalApp.Domain.Journal.Journal")]) : default(void);
                                            return instance;
                                        }}
                                default: 
                                    default(Journal)
                            }
                            ;
                            entry2 = entityType2 == default(IEntityType) ? default(InternalEntityEntry) : queryContext.StartTracking(
                                entityType: entityType2, 
                                entity: instance2, 
                                snapshot: shadowSnapshot2);
                            return instance2;
                        } : default(void);
                        return instance2;
                    };
                    return entity;
                }, 
                inverseNavigation: [LIFTABLE Constant: Navigation: Journal.User (User) ToPrincipal User Inverse: Journals | Resolver: namelessParameter{12} => namelessParameter{12}.Dependencies.Model.FindEntityType("JournalApp.Domain.Journal.Journal").FindNavigation("User")], 
                fixup: (namelessParameter{13}, namelessParameter{14}) => 
                {
                    [LIFTABLE Constant: ClrICollectionAccessor<User, List<Journal>, Journal> | Resolver: namelessParameter{15} => namelessParameter{15}.Dependencies.Model.FindEntityType("JournalApp.Domain.User.User").FindNavigation("Journals").GetCollectionAccessor()].Add(
                        entity: namelessParameter{13}, 
                        value: namelessParameter{14}, 
                        forMaterialization: True);
                    return namelessParameter{14}.<User>k__BackingField = namelessParameter{13};
                }, 
                trackingQuery: True);
            return IsTrue(resultCoordinator.ResultReady)
             ? (User)(resultContext.Values[0]) : default(User);
        }, 
        contextType: JournalApp.Infrastructure.JournalAppDbContext, 
        standAloneStateManager: False, 
        detailedErrorsEnabled: False, 
        threadSafetyChecksEnabled: True), 
    cancellationToken: queryContext.CancellationToken)'
2025-08-30 12:20:37.448 +03:00 [DBG] Creating DbConnection.
2025-08-30 12:20:37.456 +03:00 [DBG] Created DbConnection. (6ms).
2025-08-30 12:20:37.459 +03:00 [DBG] Opening connection to database 'main' on server '/Users/sgrancharov/dev/dotnet/JournalApp/JournalApp/JournalApp.Infrastructure/JournalApp.db'.
2025-08-30 12:20:37.465 +03:00 [DBG] Opened connection to database 'main' on server '/Users/sgrancharov/dev/dotnet/JournalApp/JournalApp/JournalApp.Infrastructure/JournalApp.db'.
2025-08-30 12:20:37.469 +03:00 [DBG] Creating DbCommand for 'ExecuteReader'.
2025-08-30 12:20:37.472 +03:00 [DBG] Created DbCommand for 'ExecuteReader' (1ms).
2025-08-30 12:20:37.473 +03:00 [DBG] Initialized DbCommand for 'ExecuteReader' (4ms).
2025-08-30 12:20:37.477 +03:00 [DBG] Executing DbCommand [Parameters=[@__userName_0='?' (Size = 3)], CommandType='"Text"', CommandTimeout='30']
SELECT "u0"."Id", "u0"."Password", "u0"."UserName", "j"."Id", "j"."Content", "j"."Images", "j"."Title", "j"."UserId"
FROM (
    SELECT "u"."Id", "u"."Password", "u"."UserName"
    FROM "Users" AS "u"
    WHERE "u"."UserName" = @__userName_0
    LIMIT 1
) AS "u0"
LEFT JOIN "Journals" AS "j" ON "u0"."Id" = "j"."UserId"
ORDER BY "u0"."Id"
2025-08-30 12:20:37.491 +03:00 [INF] Executed DbCommand (11ms) [Parameters=[@__userName_0='?' (Size = 3)], CommandType='"Text"', CommandTimeout='30']
SELECT "u0"."Id", "u0"."Password", "u0"."UserName", "j"."Id", "j"."Content", "j"."Images", "j"."Title", "j"."UserId"
FROM (
    SELECT "u"."Id", "u"."Password", "u"."UserName"
    FROM "Users" AS "u"
    WHERE "u"."UserName" = @__userName_0
    LIMIT 1
) AS "u0"
LEFT JOIN "Journals" AS "j" ON "u0"."Id" = "j"."UserId"
ORDER BY "u0"."Id"
2025-08-30 12:20:37.509 +03:00 [DBG] Context 'JournalAppDbContext' started tracking 'User' entity. Consider using 'DbContextOptionsBuilder.EnableSensitiveDataLogging' to see key values.
2025-08-30 12:20:37.529 +03:00 [DBG] Context 'JournalAppDbContext' started tracking 'Journal' entity. Consider using 'DbContextOptionsBuilder.EnableSensitiveDataLogging' to see key values.
2025-08-30 12:20:37.532 +03:00 [DBG] Context 'JournalAppDbContext' started tracking 'Journal' entity. Consider using 'DbContextOptionsBuilder.EnableSensitiveDataLogging' to see key values.
2025-08-30 12:20:37.534 +03:00 [DBG] Closing data reader to 'main' on server '/Users/sgrancharov/dev/dotnet/JournalApp/JournalApp/JournalApp.Infrastructure/JournalApp.db'.
2025-08-30 12:20:37.537 +03:00 [DBG] A data reader for 'main' on server '/Users/sgrancharov/dev/dotnet/JournalApp/JournalApp/JournalApp.Infrastructure/JournalApp.db' is being disposed after spending 42ms reading results.
2025-08-30 12:20:37.539 +03:00 [DBG] Closing connection to database 'main' on server '/Users/sgrancharov/dev/dotnet/JournalApp/JournalApp/JournalApp.Infrastructure/JournalApp.db'.
2025-08-30 12:20:37.540 +03:00 [DBG] Closed connection to database 'main' on server '/Users/sgrancharov/dev/dotnet/JournalApp/JournalApp/JournalApp.Infrastructure/JournalApp.db' (1ms).
2025-08-30 12:23:36.318 +03:00 [WRN] You do not have a valid license key for the Lucky Penny software AutoMapper. This is allowed for development and testing scenarios. If you are running in production you are required to have a licensed version. Please visit https://luckypennysoftware.com to obtain a valid license.
2025-08-30 12:23:41.000 +03:00 [DBG] An 'IServiceProvider' was created for internal use by Entity Framework.
2025-08-30 12:23:41.326 +03:00 [DBG] Entity Framework Core 9.0.7 initialized 'JournalAppDbContext' using provider 'Microsoft.EntityFrameworkCore.Sqlite:9.0.7' with options: None
2025-08-30 12:23:41.363 +03:00 [DBG] Compiling query expression: 
'DbSet<User>()
    .Include(u => u.Journals)
    .FirstOrDefault(u => u.UserName == __userName_0)'
2025-08-30 12:23:41.390 +03:00 [DBG] Including navigation: 'User.Journals'.
2025-08-30 12:23:41.529 +03:00 [DBG] Generated query execution expression: 
'queryContext => ShapedQueryCompilingExpressionVisitor.SingleOrDefaultAsync<User>(
    asyncEnumerable: SingleQueryingEnumerable.Create<User>(
        relationalQueryContext: (RelationalQueryContext)queryContext, 
        relationalCommandResolver: parameters => [LIFTABLE Constant: RelationalCommandCache.QueryExpression(
            Client Projections:
                0 -> Dictionary<IProperty, int> { [Property: User.Id (int) Required PK AfterSave:Throw ValueGenerated.OnAdd, 0], [Property: User.Password (string) Required, 1], [Property: User.UserName (string) Required, 2] }
                1 -> 0
                2 -> Dictionary<IProperty, int> { [Property: Journal.Id (int) Required PK AfterSave:Throw ValueGenerated.OnAdd, 3], [Property: Journal.Content (string) Required, 4], [Property: Journal.Images (List<string>) Required Element type: string Required, 5], [Property: Journal.Title (string) Required, 6], [Property: Journal.UserId (int) Required FK Index, 7] }
                3 -> 3
            SELECT u0.Id, u0.Password, u0.UserName, j.Id, j.Content, j.Images, j.Title, j.UserId
            FROM 
            (
                SELECT TOP(1) u.Id, u.Password, u.UserName
                FROM Users AS u
                WHERE u.UserName == @__userName_0
            ) AS u0
            LEFT JOIN Journals AS j ON u0.Id == j.UserId
            ORDER BY u0.Id ASC) | Resolver: c => new RelationalCommandCache(
            c.Dependencies.MemoryCache, 
            c.RelationalDependencies.QuerySqlGeneratorFactory, 
            c.RelationalDependencies.RelationalParameterBasedSqlProcessorFactory, 
            Client Projections:
                0 -> Dictionary<IProperty, int> { [Property: User.Id (int) Required PK AfterSave:Throw ValueGenerated.OnAdd, 0], [Property: User.Password (string) Required, 1], [Property: User.UserName (string) Required, 2] }
                1 -> 0
                2 -> Dictionary<IProperty, int> { [Property: Journal.Id (int) Required PK AfterSave:Throw ValueGenerated.OnAdd, 3], [Property: Journal.Content (string) Required, 4], [Property: Journal.Images (List<string>) Required Element type: string Required, 5], [Property: Journal.Title (string) Required, 6], [Property: Journal.UserId (int) Required FK Index, 7] }
                3 -> 3
            SELECT u0.Id, u0.Password, u0.UserName, j.Id, j.Content, j.Images, j.Title, j.UserId
            FROM 
            (
                SELECT TOP(1) u.Id, u.Password, u.UserName
                FROM Users AS u
                WHERE u.UserName == @__userName_0
            ) AS u0
            LEFT JOIN Journals AS j ON u0.Id == j.UserId
            ORDER BY u0.Id ASC, 
            False, 
            new HashSet<string>(
                new string[]{ }, 
                StringComparer.Ordinal
            )
        )].GetRelationalCommandTemplate(parameters), 
        readerColumns: null, 
        shaper: (queryContext, dataReader, resultContext, resultCoordinator) => 
        {
            resultContext.Values == null ? 
            {
                User entity;
                entity = 
                {
                    MaterializationContext materializationContext1;
                    IEntityType entityType1;
                    User instance1;
                    InternalEntityEntry entry1;
                    bool hasNullKey1;
                    materializationContext1 = new MaterializationContext(
                        [LIFTABLE Constant: ValueBuffer | Resolver: _ => (object)ValueBuffer.Empty], 
                        queryContext.Context
                    );
                    instance1 = default(User);
                    entry1 = queryContext.TryGetEntry(
                        key: [LIFTABLE Constant: Key: User.Id PK | Resolver: c => c.Dependencies.Model.FindEntityType("JournalApp.Domain.User.User").FindPrimaryKey()], 
                        keyValues: new object[]{ (object)dataReader.GetInt32(0) }, 
                        throwOnNullKey: True, 
                        hasNullKey: hasNullKey1);
                    !(hasNullKey1) ? entry1 != default(InternalEntityEntry) ? 
                    {
                        entityType1 = entry1.EntityType;
                        return instance1 = (User)entry1.Entity;
                    } : 
                    {
                        ISnapshot shadowSnapshot1;
                        shadowSnapshot1 = [LIFTABLE Constant: Snapshot | Resolver: _ => Snapshot.Empty];
                        entityType1 = [LIFTABLE Constant: EntityType: User | Resolver: namelessParameter{0} => namelessParameter{0}.Dependencies.Model.FindEntityType("JournalApp.Domain.User.User")];
                        instance1 = switch (entityType1)
                        {
                            case [LIFTABLE Constant: EntityType: User | Resolver: namelessParameter{1} => namelessParameter{1}.Dependencies.Model.FindEntityType("JournalApp.Domain.User.User")]: 
                                {
                                    return 
                                    {
                                        User instance;
                                        instance = new User();
                                        instance.<Id>k__BackingField = dataReader.GetInt32(0);
                                        instance.<Password>k__BackingField = dataReader.GetString(1);
                                        instance.<UserName>k__BackingField = dataReader.GetString(2);
                                        (instance is IInjectableService) ? ((IInjectableService)instance).Injected(
                                            context: materializationContext1.Context, 
                                            entity: instance, 
                                            queryTrackingBehavior: TrackAll, 
                                            structuralType: [LIFTABLE Constant: EntityType: User | Resolver: namelessParameter{2} => namelessParameter{2}.Dependencies.Model.FindEntityType("JournalApp.Domain.User.User")]) : default(void);
                                        return instance;
                                    }}
                            default: 
                                default(User)
                        }
                        ;
                        entry1 = entityType1 == default(IEntityType) ? default(InternalEntityEntry) : queryContext.StartTracking(
                            entityType: entityType1, 
                            entity: instance1, 
                            snapshot: shadowSnapshot1);
                        return instance1;
                    } : default(void);
                    return instance1;
                };
                resultContext.Values = new object[]{ entity };
                ShaperProcessingExpressionVisitor.InitializeIncludeCollection<User, User>(
                    collectionId: 0, 
                    queryContext: queryContext, 
                    dbDataReader: dataReader, 
                    resultCoordinator: resultCoordinator, 
                    entity: (User)(resultContext.Values[0]), 
                    parentIdentifier: [LIFTABLE Constant: Func<QueryContext, DbDataReader, object[]> | Resolver: _ => (queryContext, dataReader) => new object[]{ (object)(int?)dataReader.GetInt32(0) }], 
                    outerIdentifier: [LIFTABLE Constant: Func<QueryContext, DbDataReader, object[]> | Resolver: _ => (queryContext, dataReader) => new object[]{ (object)(int?)dataReader.GetInt32(0) }], 
                    navigation: [LIFTABLE Constant: Navigation: User.Journals (List<Journal>) Collection ToDependent Journal Inverse: User | Resolver: namelessParameter{3} => namelessParameter{3}.Dependencies.Model.FindEntityType("JournalApp.Domain.User.User").FindNavigation("Journals")], 
                    clrCollectionAccessor: [LIFTABLE Constant: ClrICollectionAccessor<User, List<Journal>, Journal> | Resolver: namelessParameter{4} => namelessParameter{4}.Dependencies.Model.FindEntityType("JournalApp.Domain.User.User").FindNavigation("Journals").GetCollectionAccessor()], 
                    trackingQuery: True, 
                    setLoaded: True);
            } : default(void);
            ShaperProcessingExpressionVisitor.PopulateIncludeCollection<User, Journal>(
                collectionId: 0, 
                queryContext: queryContext, 
                dbDataReader: dataReader, 
                resultCoordinator: resultCoordinator, 
                parentIdentifier: [LIFTABLE Constant: Func<QueryContext, DbDataReader, object[]> | Resolver: _ => (queryContext, dataReader) => new object[]{ (object)(int?)dataReader.GetInt32(0) }], 
                outerIdentifier: [LIFTABLE Constant: Func<QueryContext, DbDataReader, object[]> | Resolver: _ => (queryContext, dataReader) => new object[]{ (object)(int?)dataReader.GetInt32(0) }], 
                selfIdentifier: [LIFTABLE Constant: Func<QueryContext, DbDataReader, object[]> | Resolver: _ => (queryContext, dataReader) => new object[]{ (object)dataReader.IsDBNull(3) ? default(int?) : (int?)dataReader.GetInt32(3) }], 
                parentIdentifierValueComparers: [LIFTABLE Constant: Func<object, object, bool>[] { Func<object, object, bool> } | Resolver: _ => new Func<object, object, bool>[]{ (left, right) => left == null ? right == null : right != null && (int)left == (int)right }], 
                outerIdentifierValueComparers: [LIFTABLE Constant: Func<object, object, bool>[] { Func<object, object, bool> } | Resolver: _ => new Func<object, object, bool>[]{ (left, right) => left == null ? right == null : right != null && (int)left == (int)right }], 
                selfIdentifierValueComparers: [LIFTABLE Constant: Func<object, object, bool>[] { Func<object, object, bool> } | Resolver: _ => new Func<object, object, bool>[]{ (left, right) => left == null ? right == null : right != null && (int)left == (int)right }], 
                innerShaper: (queryContext, dataReader, resultContext, resultCoordinator) => 
                {
                    Journal entity;
                    entity = 
                    {
                        MaterializationContext materializationContext2;
                        IEntityType entityType2;
                        Journal instance2;
                        InternalEntityEntry entry2;
                        bool hasNullKey2;
                        materializationContext2 = new MaterializationContext(
                            [LIFTABLE Constant: ValueBuffer | Resolver: _ => (object)ValueBuffer.Empty], 
                            queryContext.Context
                        );
                        instance2 = default(Journal);
                        entry2 = queryContext.TryGetEntry(
                            key: [LIFTABLE Constant: Key: Journal.Id PK | Resolver: c => c.Dependencies.Model.FindEntityType("JournalApp.Domain.Journal.Journal").FindPrimaryKey()], 
                            keyValues: new object[]{ dataReader.IsDBNull(3) ? default(object) : (object)dataReader.GetInt32(3) }, 
                            throwOnNullKey: False, 
                            hasNullKey: hasNullKey2);
                        !(hasNullKey2) ? entry2 != default(InternalEntityEntry) ? 
                        {
                            entityType2 = entry2.EntityType;
                            return instance2 = (Journal)entry2.Entity;
                        } : 
                        {
                            ISnapshot shadowSnapshot2;
                            shadowSnapshot2 = [LIFTABLE Constant: Snapshot | Resolver: _ => Snapshot.Empty];
                            entityType2 = [LIFTABLE Constant: EntityType: Journal | Resolver: namelessParameter{5} => namelessParameter{5}.Dependencies.Model.FindEntityType("JournalApp.Domain.Journal.Journal")];
                            instance2 = switch (entityType2)
                            {
                                case [LIFTABLE Constant: EntityType: Journal | Resolver: namelessParameter{6} => namelessParameter{6}.Dependencies.Model.FindEntityType("JournalApp.Domain.Journal.Journal")]: 
                                    {
                                        return 
                                        {
                                            Journal instance;
                                            instance = new Journal();
                                            instance.<Id>k__BackingField = dataReader.IsDBNull(3) ? default(int) : dataReader.GetInt32(3);
                                            instance.<Content>k__BackingField = dataReader.IsDBNull(4) ? default(string) : dataReader.GetString(4);
                                            {
                                                List<string> namelessParameter{7};
                                                namelessParameter{7} = instance.<Images>k__BackingField;
                                                namelessParameter{7} == null || dataReader.IsDBNull(5) ? default(List<string>) : (List<string>)Invoke(((CollectionToJsonStringConverter<string>)((IReadOnlyProperty)[LIFTABLE Constant: Property: Journal.Images (List<string>) Required Element type: string Required | Resolver: namelessParameter{8} => namelessParameter{8}.Dependencies.Model.FindEntityType("JournalApp.Domain.Journal.Journal").FindProperty("Images")]).GetTypeMapping().Converter).ConvertFromProviderTyped, dataReader.GetString(5)) == null || namelessParameter{7}.IsReadOnly ? instance.<Images>k__BackingField = dataReader.IsDBNull(5) ? default(List<string>) : (List<string>)Invoke(((CollectionToJsonStringConverter<string>)((IReadOnlyProperty)[LIFTABLE Constant: Property: Journal.Images (List<string>) Required Element type: string Required | Resolver: namelessParameter{9} => namelessParameter{9}.Dependencies.Model.FindEntityType("JournalApp.Domain.Journal.Journal").FindProperty("Images")]).GetTypeMapping().Converter).ConvertFromProviderTyped, dataReader.GetString(5)) : EntityMaterializerSource.PopulateList<string>(
                                                    buffer: dataReader.IsDBNull(5) ? default(List<string>) : (List<string>)Invoke(((CollectionToJsonStringConverter<string>)((IReadOnlyProperty)[LIFTABLE Constant: Property: Journal.Images (List<string>) Required Element type: string Required | Resolver: namelessParameter{10} => namelessParameter{10}.Dependencies.Model.FindEntityType("JournalApp.Domain.Journal.Journal").FindProperty("Images")]).GetTypeMapping().Converter).ConvertFromProviderTyped, dataReader.GetString(5)), 
                                                    target: namelessParameter{7});
                                            }instance.<Title>k__BackingField = dataReader.IsDBNull(6) ? default(string) : dataReader.GetString(6);
                                            instance.<UserId>k__BackingField = dataReader.IsDBNull(7) ? default(int) : dataReader.GetInt32(7);
                                            (instance is IInjectableService) ? ((IInjectableService)instance).Injected(
                                                context: materializationContext2.Context, 
                                                entity: instance, 
                                                queryTrackingBehavior: TrackAll, 
                                                structuralType: [LIFTABLE Constant: EntityType: Journal | Resolver: namelessParameter{11} => namelessParameter{11}.Dependencies.Model.FindEntityType("JournalApp.Domain.Journal.Journal")]) : default(void);
                                            return instance;
                                        }}
                                default: 
                                    default(Journal)
                            }
                            ;
                            entry2 = entityType2 == default(IEntityType) ? default(InternalEntityEntry) : queryContext.StartTracking(
                                entityType: entityType2, 
                                entity: instance2, 
                                snapshot: shadowSnapshot2);
                            return instance2;
                        } : default(void);
                        return instance2;
                    };
                    return entity;
                }, 
                inverseNavigation: [LIFTABLE Constant: Navigation: Journal.User (User) ToPrincipal User Inverse: Journals | Resolver: namelessParameter{12} => namelessParameter{12}.Dependencies.Model.FindEntityType("JournalApp.Domain.Journal.Journal").FindNavigation("User")], 
                fixup: (namelessParameter{13}, namelessParameter{14}) => 
                {
                    [LIFTABLE Constant: ClrICollectionAccessor<User, List<Journal>, Journal> | Resolver: namelessParameter{15} => namelessParameter{15}.Dependencies.Model.FindEntityType("JournalApp.Domain.User.User").FindNavigation("Journals").GetCollectionAccessor()].Add(
                        entity: namelessParameter{13}, 
                        value: namelessParameter{14}, 
                        forMaterialization: True);
                    return namelessParameter{14}.<User>k__BackingField = namelessParameter{13};
                }, 
                trackingQuery: True);
            return IsTrue(resultCoordinator.ResultReady)
             ? (User)(resultContext.Values[0]) : default(User);
        }, 
        contextType: JournalApp.Infrastructure.JournalAppDbContext, 
        standAloneStateManager: False, 
        detailedErrorsEnabled: False, 
        threadSafetyChecksEnabled: True), 
    cancellationToken: queryContext.CancellationToken)'
2025-08-30 12:23:41.552 +03:00 [DBG] Creating DbConnection.
2025-08-30 12:23:41.560 +03:00 [DBG] Created DbConnection. (6ms).
2025-08-30 12:23:41.562 +03:00 [DBG] Opening connection to database 'main' on server '/Users/sgrancharov/dev/dotnet/JournalApp/JournalApp/JournalApp.Infrastructure/JournalApp.db'.
2025-08-30 12:23:41.570 +03:00 [DBG] Opened connection to database 'main' on server '/Users/sgrancharov/dev/dotnet/JournalApp/JournalApp/JournalApp.Infrastructure/JournalApp.db'.
2025-08-30 12:23:41.573 +03:00 [DBG] Creating DbCommand for 'ExecuteReader'.
2025-08-30 12:23:41.576 +03:00 [DBG] Created DbCommand for 'ExecuteReader' (1ms).
2025-08-30 12:23:41.577 +03:00 [DBG] Initialized DbCommand for 'ExecuteReader' (4ms).
2025-08-30 12:23:41.582 +03:00 [DBG] Executing DbCommand [Parameters=[@__userName_0='?' (Size = 3)], CommandType='"Text"', CommandTimeout='30']
SELECT "u0"."Id", "u0"."Password", "u0"."UserName", "j"."Id", "j"."Content", "j"."Images", "j"."Title", "j"."UserId"
FROM (
    SELECT "u"."Id", "u"."Password", "u"."UserName"
    FROM "Users" AS "u"
    WHERE "u"."UserName" = @__userName_0
    LIMIT 1
) AS "u0"
LEFT JOIN "Journals" AS "j" ON "u0"."Id" = "j"."UserId"
ORDER BY "u0"."Id"
2025-08-30 12:23:41.595 +03:00 [INF] Executed DbCommand (11ms) [Parameters=[@__userName_0='?' (Size = 3)], CommandType='"Text"', CommandTimeout='30']
SELECT "u0"."Id", "u0"."Password", "u0"."UserName", "j"."Id", "j"."Content", "j"."Images", "j"."Title", "j"."UserId"
FROM (
    SELECT "u"."Id", "u"."Password", "u"."UserName"
    FROM "Users" AS "u"
    WHERE "u"."UserName" = @__userName_0
    LIMIT 1
) AS "u0"
LEFT JOIN "Journals" AS "j" ON "u0"."Id" = "j"."UserId"
ORDER BY "u0"."Id"
2025-08-30 12:23:41.615 +03:00 [DBG] Context 'JournalAppDbContext' started tracking 'User' entity. Consider using 'DbContextOptionsBuilder.EnableSensitiveDataLogging' to see key values.
2025-08-30 12:23:41.640 +03:00 [DBG] Context 'JournalAppDbContext' started tracking 'Journal' entity. Consider using 'DbContextOptionsBuilder.EnableSensitiveDataLogging' to see key values.
2025-08-30 12:23:41.645 +03:00 [DBG] Context 'JournalAppDbContext' started tracking 'Journal' entity. Consider using 'DbContextOptionsBuilder.EnableSensitiveDataLogging' to see key values.
2025-08-30 12:23:41.647 +03:00 [DBG] Closing data reader to 'main' on server '/Users/sgrancharov/dev/dotnet/JournalApp/JournalApp/JournalApp.Infrastructure/JournalApp.db'.
2025-08-30 12:23:41.752 +03:00 [DBG] A data reader for 'main' on server '/Users/sgrancharov/dev/dotnet/JournalApp/JournalApp/JournalApp.Infrastructure/JournalApp.db' is being disposed after spending 152ms reading results.
2025-08-30 12:23:41.755 +03:00 [DBG] Closing connection to database 'main' on server '/Users/sgrancharov/dev/dotnet/JournalApp/JournalApp/JournalApp.Infrastructure/JournalApp.db'.
2025-08-30 12:23:41.757 +03:00 [DBG] Closed connection to database 'main' on server '/Users/sgrancharov/dev/dotnet/JournalApp/JournalApp/JournalApp.Infrastructure/JournalApp.db' (1ms).
2025-08-30 12:31:54.462 +03:00 [WRN] You do not have a valid license key for the Lucky Penny software AutoMapper. This is allowed for development and testing scenarios. If you are running in production you are required to have a licensed version. Please visit https://luckypennysoftware.com to obtain a valid license.
2025-08-30 12:31:58.913 +03:00 [DBG] An 'IServiceProvider' was created for internal use by Entity Framework.
2025-08-30 12:31:59.243 +03:00 [DBG] Entity Framework Core 9.0.7 initialized 'JournalAppDbContext' using provider 'Microsoft.EntityFrameworkCore.Sqlite:9.0.7' with options: None
2025-08-30 12:31:59.280 +03:00 [DBG] Compiling query expression: 
'DbSet<User>()
    .Include(u => u.Journals)
    .FirstOrDefault(u => u.UserName == __userName_0)'
2025-08-30 12:31:59.308 +03:00 [DBG] Including navigation: 'User.Journals'.
2025-08-30 12:31:59.454 +03:00 [DBG] Generated query execution expression: 
'queryContext => ShapedQueryCompilingExpressionVisitor.SingleOrDefaultAsync<User>(
    asyncEnumerable: SingleQueryingEnumerable.Create<User>(
        relationalQueryContext: (RelationalQueryContext)queryContext, 
        relationalCommandResolver: parameters => [LIFTABLE Constant: RelationalCommandCache.QueryExpression(
            Client Projections:
                0 -> Dictionary<IProperty, int> { [Property: User.Id (int) Required PK AfterSave:Throw ValueGenerated.OnAdd, 0], [Property: User.Password (string) Required, 1], [Property: User.UserName (string) Required, 2] }
                1 -> 0
                2 -> Dictionary<IProperty, int> { [Property: Journal.Id (int) Required PK AfterSave:Throw ValueGenerated.OnAdd, 3], [Property: Journal.Content (string) Required, 4], [Property: Journal.Images (List<string>) Required Element type: string Required, 5], [Property: Journal.Title (string) Required, 6], [Property: Journal.UserId (int) Required FK Index, 7] }
                3 -> 3
            SELECT u0.Id, u0.Password, u0.UserName, j.Id, j.Content, j.Images, j.Title, j.UserId
            FROM 
            (
                SELECT TOP(1) u.Id, u.Password, u.UserName
                FROM Users AS u
                WHERE u.UserName == @__userName_0
            ) AS u0
            LEFT JOIN Journals AS j ON u0.Id == j.UserId
            ORDER BY u0.Id ASC) | Resolver: c => new RelationalCommandCache(
            c.Dependencies.MemoryCache, 
            c.RelationalDependencies.QuerySqlGeneratorFactory, 
            c.RelationalDependencies.RelationalParameterBasedSqlProcessorFactory, 
            Client Projections:
                0 -> Dictionary<IProperty, int> { [Property: User.Id (int) Required PK AfterSave:Throw ValueGenerated.OnAdd, 0], [Property: User.Password (string) Required, 1], [Property: User.UserName (string) Required, 2] }
                1 -> 0
                2 -> Dictionary<IProperty, int> { [Property: Journal.Id (int) Required PK AfterSave:Throw ValueGenerated.OnAdd, 3], [Property: Journal.Content (string) Required, 4], [Property: Journal.Images (List<string>) Required Element type: string Required, 5], [Property: Journal.Title (string) Required, 6], [Property: Journal.UserId (int) Required FK Index, 7] }
                3 -> 3
            SELECT u0.Id, u0.Password, u0.UserName, j.Id, j.Content, j.Images, j.Title, j.UserId
            FROM 
            (
                SELECT TOP(1) u.Id, u.Password, u.UserName
                FROM Users AS u
                WHERE u.UserName == @__userName_0
            ) AS u0
            LEFT JOIN Journals AS j ON u0.Id == j.UserId
            ORDER BY u0.Id ASC, 
            False, 
            new HashSet<string>(
                new string[]{ }, 
                StringComparer.Ordinal
            )
        )].GetRelationalCommandTemplate(parameters), 
        readerColumns: null, 
        shaper: (queryContext, dataReader, resultContext, resultCoordinator) => 
        {
            resultContext.Values == null ? 
            {
                User entity;
                entity = 
                {
                    MaterializationContext materializationContext1;
                    IEntityType entityType1;
                    User instance1;
                    InternalEntityEntry entry1;
                    bool hasNullKey1;
                    materializationContext1 = new MaterializationContext(
                        [LIFTABLE Constant: ValueBuffer | Resolver: _ => (object)ValueBuffer.Empty], 
                        queryContext.Context
                    );
                    instance1 = default(User);
                    entry1 = queryContext.TryGetEntry(
                        key: [LIFTABLE Constant: Key: User.Id PK | Resolver: c => c.Dependencies.Model.FindEntityType("JournalApp.Domain.User.User").FindPrimaryKey()], 
                        keyValues: new object[]{ (object)dataReader.GetInt32(0) }, 
                        throwOnNullKey: True, 
                        hasNullKey: hasNullKey1);
                    !(hasNullKey1) ? entry1 != default(InternalEntityEntry) ? 
                    {
                        entityType1 = entry1.EntityType;
                        return instance1 = (User)entry1.Entity;
                    } : 
                    {
                        ISnapshot shadowSnapshot1;
                        shadowSnapshot1 = [LIFTABLE Constant: Snapshot | Resolver: _ => Snapshot.Empty];
                        entityType1 = [LIFTABLE Constant: EntityType: User | Resolver: namelessParameter{0} => namelessParameter{0}.Dependencies.Model.FindEntityType("JournalApp.Domain.User.User")];
                        instance1 = switch (entityType1)
                        {
                            case [LIFTABLE Constant: EntityType: User | Resolver: namelessParameter{1} => namelessParameter{1}.Dependencies.Model.FindEntityType("JournalApp.Domain.User.User")]: 
                                {
                                    return 
                                    {
                                        User instance;
                                        instance = new User();
                                        instance.<Id>k__BackingField = dataReader.GetInt32(0);
                                        instance.<Password>k__BackingField = dataReader.GetString(1);
                                        instance.<UserName>k__BackingField = dataReader.GetString(2);
                                        (instance is IInjectableService) ? ((IInjectableService)instance).Injected(
                                            context: materializationContext1.Context, 
                                            entity: instance, 
                                            queryTrackingBehavior: TrackAll, 
                                            structuralType: [LIFTABLE Constant: EntityType: User | Resolver: namelessParameter{2} => namelessParameter{2}.Dependencies.Model.FindEntityType("JournalApp.Domain.User.User")]) : default(void);
                                        return instance;
                                    }}
                            default: 
                                default(User)
                        }
                        ;
                        entry1 = entityType1 == default(IEntityType) ? default(InternalEntityEntry) : queryContext.StartTracking(
                            entityType: entityType1, 
                            entity: instance1, 
                            snapshot: shadowSnapshot1);
                        return instance1;
                    } : default(void);
                    return instance1;
                };
                resultContext.Values = new object[]{ entity };
                ShaperProcessingExpressionVisitor.InitializeIncludeCollection<User, User>(
                    collectionId: 0, 
                    queryContext: queryContext, 
                    dbDataReader: dataReader, 
                    resultCoordinator: resultCoordinator, 
                    entity: (User)(resultContext.Values[0]), 
                    parentIdentifier: [LIFTABLE Constant: Func<QueryContext, DbDataReader, object[]> | Resolver: _ => (queryContext, dataReader) => new object[]{ (object)(int?)dataReader.GetInt32(0) }], 
                    outerIdentifier: [LIFTABLE Constant: Func<QueryContext, DbDataReader, object[]> | Resolver: _ => (queryContext, dataReader) => new object[]{ (object)(int?)dataReader.GetInt32(0) }], 
                    navigation: [LIFTABLE Constant: Navigation: User.Journals (List<Journal>) Collection ToDependent Journal Inverse: User | Resolver: namelessParameter{3} => namelessParameter{3}.Dependencies.Model.FindEntityType("JournalApp.Domain.User.User").FindNavigation("Journals")], 
                    clrCollectionAccessor: [LIFTABLE Constant: ClrICollectionAccessor<User, List<Journal>, Journal> | Resolver: namelessParameter{4} => namelessParameter{4}.Dependencies.Model.FindEntityType("JournalApp.Domain.User.User").FindNavigation("Journals").GetCollectionAccessor()], 
                    trackingQuery: True, 
                    setLoaded: True);
            } : default(void);
            ShaperProcessingExpressionVisitor.PopulateIncludeCollection<User, Journal>(
                collectionId: 0, 
                queryContext: queryContext, 
                dbDataReader: dataReader, 
                resultCoordinator: resultCoordinator, 
                parentIdentifier: [LIFTABLE Constant: Func<QueryContext, DbDataReader, object[]> | Resolver: _ => (queryContext, dataReader) => new object[]{ (object)(int?)dataReader.GetInt32(0) }], 
                outerIdentifier: [LIFTABLE Constant: Func<QueryContext, DbDataReader, object[]> | Resolver: _ => (queryContext, dataReader) => new object[]{ (object)(int?)dataReader.GetInt32(0) }], 
                selfIdentifier: [LIFTABLE Constant: Func<QueryContext, DbDataReader, object[]> | Resolver: _ => (queryContext, dataReader) => new object[]{ (object)dataReader.IsDBNull(3) ? default(int?) : (int?)dataReader.GetInt32(3) }], 
                parentIdentifierValueComparers: [LIFTABLE Constant: Func<object, object, bool>[] { Func<object, object, bool> } | Resolver: _ => new Func<object, object, bool>[]{ (left, right) => left == null ? right == null : right != null && (int)left == (int)right }], 
                outerIdentifierValueComparers: [LIFTABLE Constant: Func<object, object, bool>[] { Func<object, object, bool> } | Resolver: _ => new Func<object, object, bool>[]{ (left, right) => left == null ? right == null : right != null && (int)left == (int)right }], 
                selfIdentifierValueComparers: [LIFTABLE Constant: Func<object, object, bool>[] { Func<object, object, bool> } | Resolver: _ => new Func<object, object, bool>[]{ (left, right) => left == null ? right == null : right != null && (int)left == (int)right }], 
                innerShaper: (queryContext, dataReader, resultContext, resultCoordinator) => 
                {
                    Journal entity;
                    entity = 
                    {
                        MaterializationContext materializationContext2;
                        IEntityType entityType2;
                        Journal instance2;
                        InternalEntityEntry entry2;
                        bool hasNullKey2;
                        materializationContext2 = new MaterializationContext(
                            [LIFTABLE Constant: ValueBuffer | Resolver: _ => (object)ValueBuffer.Empty], 
                            queryContext.Context
                        );
                        instance2 = default(Journal);
                        entry2 = queryContext.TryGetEntry(
                            key: [LIFTABLE Constant: Key: Journal.Id PK | Resolver: c => c.Dependencies.Model.FindEntityType("JournalApp.Domain.Journal.Journal").FindPrimaryKey()], 
                            keyValues: new object[]{ dataReader.IsDBNull(3) ? default(object) : (object)dataReader.GetInt32(3) }, 
                            throwOnNullKey: False, 
                            hasNullKey: hasNullKey2);
                        !(hasNullKey2) ? entry2 != default(InternalEntityEntry) ? 
                        {
                            entityType2 = entry2.EntityType;
                            return instance2 = (Journal)entry2.Entity;
                        } : 
                        {
                            ISnapshot shadowSnapshot2;
                            shadowSnapshot2 = [LIFTABLE Constant: Snapshot | Resolver: _ => Snapshot.Empty];
                            entityType2 = [LIFTABLE Constant: EntityType: Journal | Resolver: namelessParameter{5} => namelessParameter{5}.Dependencies.Model.FindEntityType("JournalApp.Domain.Journal.Journal")];
                            instance2 = switch (entityType2)
                            {
                                case [LIFTABLE Constant: EntityType: Journal | Resolver: namelessParameter{6} => namelessParameter{6}.Dependencies.Model.FindEntityType("JournalApp.Domain.Journal.Journal")]: 
                                    {
                                        return 
                                        {
                                            Journal instance;
                                            instance = new Journal();
                                            instance.<Id>k__BackingField = dataReader.IsDBNull(3) ? default(int) : dataReader.GetInt32(3);
                                            instance.<Content>k__BackingField = dataReader.IsDBNull(4) ? default(string) : dataReader.GetString(4);
                                            {
                                                List<string> namelessParameter{7};
                                                namelessParameter{7} = instance.<Images>k__BackingField;
                                                namelessParameter{7} == null || dataReader.IsDBNull(5) ? default(List<string>) : (List<string>)Invoke(((CollectionToJsonStringConverter<string>)((IReadOnlyProperty)[LIFTABLE Constant: Property: Journal.Images (List<string>) Required Element type: string Required | Resolver: namelessParameter{8} => namelessParameter{8}.Dependencies.Model.FindEntityType("JournalApp.Domain.Journal.Journal").FindProperty("Images")]).GetTypeMapping().Converter).ConvertFromProviderTyped, dataReader.GetString(5)) == null || namelessParameter{7}.IsReadOnly ? instance.<Images>k__BackingField = dataReader.IsDBNull(5) ? default(List<string>) : (List<string>)Invoke(((CollectionToJsonStringConverter<string>)((IReadOnlyProperty)[LIFTABLE Constant: Property: Journal.Images (List<string>) Required Element type: string Required | Resolver: namelessParameter{9} => namelessParameter{9}.Dependencies.Model.FindEntityType("JournalApp.Domain.Journal.Journal").FindProperty("Images")]).GetTypeMapping().Converter).ConvertFromProviderTyped, dataReader.GetString(5)) : EntityMaterializerSource.PopulateList<string>(
                                                    buffer: dataReader.IsDBNull(5) ? default(List<string>) : (List<string>)Invoke(((CollectionToJsonStringConverter<string>)((IReadOnlyProperty)[LIFTABLE Constant: Property: Journal.Images (List<string>) Required Element type: string Required | Resolver: namelessParameter{10} => namelessParameter{10}.Dependencies.Model.FindEntityType("JournalApp.Domain.Journal.Journal").FindProperty("Images")]).GetTypeMapping().Converter).ConvertFromProviderTyped, dataReader.GetString(5)), 
                                                    target: namelessParameter{7});
                                            }instance.<Title>k__BackingField = dataReader.IsDBNull(6) ? default(string) : dataReader.GetString(6);
                                            instance.<UserId>k__BackingField = dataReader.IsDBNull(7) ? default(int) : dataReader.GetInt32(7);
                                            (instance is IInjectableService) ? ((IInjectableService)instance).Injected(
                                                context: materializationContext2.Context, 
                                                entity: instance, 
                                                queryTrackingBehavior: TrackAll, 
                                                structuralType: [LIFTABLE Constant: EntityType: Journal | Resolver: namelessParameter{11} => namelessParameter{11}.Dependencies.Model.FindEntityType("JournalApp.Domain.Journal.Journal")]) : default(void);
                                            return instance;
                                        }}
                                default: 
                                    default(Journal)
                            }
                            ;
                            entry2 = entityType2 == default(IEntityType) ? default(InternalEntityEntry) : queryContext.StartTracking(
                                entityType: entityType2, 
                                entity: instance2, 
                                snapshot: shadowSnapshot2);
                            return instance2;
                        } : default(void);
                        return instance2;
                    };
                    return entity;
                }, 
                inverseNavigation: [LIFTABLE Constant: Navigation: Journal.User (User) ToPrincipal User Inverse: Journals | Resolver: namelessParameter{12} => namelessParameter{12}.Dependencies.Model.FindEntityType("JournalApp.Domain.Journal.Journal").FindNavigation("User")], 
                fixup: (namelessParameter{13}, namelessParameter{14}) => 
                {
                    [LIFTABLE Constant: ClrICollectionAccessor<User, List<Journal>, Journal> | Resolver: namelessParameter{15} => namelessParameter{15}.Dependencies.Model.FindEntityType("JournalApp.Domain.User.User").FindNavigation("Journals").GetCollectionAccessor()].Add(
                        entity: namelessParameter{13}, 
                        value: namelessParameter{14}, 
                        forMaterialization: True);
                    return namelessParameter{14}.<User>k__BackingField = namelessParameter{13};
                }, 
                trackingQuery: True);
            return IsTrue(resultCoordinator.ResultReady)
             ? (User)(resultContext.Values[0]) : default(User);
        }, 
        contextType: JournalApp.Infrastructure.JournalAppDbContext, 
        standAloneStateManager: False, 
        detailedErrorsEnabled: False, 
        threadSafetyChecksEnabled: True), 
    cancellationToken: queryContext.CancellationToken)'
2025-08-30 12:31:59.476 +03:00 [DBG] Creating DbConnection.
2025-08-30 12:31:59.483 +03:00 [DBG] Created DbConnection. (6ms).
2025-08-30 12:31:59.487 +03:00 [DBG] Opening connection to database 'main' on server '/Users/sgrancharov/dev/dotnet/JournalApp/JournalApp/JournalApp.Infrastructure/JournalApp.db'.
2025-08-30 12:31:59.498 +03:00 [DBG] Opened connection to database 'main' on server '/Users/sgrancharov/dev/dotnet/JournalApp/JournalApp/JournalApp.Infrastructure/JournalApp.db'.
2025-08-30 12:31:59.501 +03:00 [DBG] Creating DbCommand for 'ExecuteReader'.
2025-08-30 12:31:59.504 +03:00 [DBG] Created DbCommand for 'ExecuteReader' (1ms).
2025-08-30 12:31:59.506 +03:00 [DBG] Initialized DbCommand for 'ExecuteReader' (4ms).
2025-08-30 12:31:59.510 +03:00 [DBG] Executing DbCommand [Parameters=[@__userName_0='?' (Size = 3)], CommandType='"Text"', CommandTimeout='30']
SELECT "u0"."Id", "u0"."Password", "u0"."UserName", "j"."Id", "j"."Content", "j"."Images", "j"."Title", "j"."UserId"
FROM (
    SELECT "u"."Id", "u"."Password", "u"."UserName"
    FROM "Users" AS "u"
    WHERE "u"."UserName" = @__userName_0
    LIMIT 1
) AS "u0"
LEFT JOIN "Journals" AS "j" ON "u0"."Id" = "j"."UserId"
ORDER BY "u0"."Id"
2025-08-30 12:31:59.526 +03:00 [INF] Executed DbCommand (13ms) [Parameters=[@__userName_0='?' (Size = 3)], CommandType='"Text"', CommandTimeout='30']
SELECT "u0"."Id", "u0"."Password", "u0"."UserName", "j"."Id", "j"."Content", "j"."Images", "j"."Title", "j"."UserId"
FROM (
    SELECT "u"."Id", "u"."Password", "u"."UserName"
    FROM "Users" AS "u"
    WHERE "u"."UserName" = @__userName_0
    LIMIT 1
) AS "u0"
LEFT JOIN "Journals" AS "j" ON "u0"."Id" = "j"."UserId"
ORDER BY "u0"."Id"
2025-08-30 12:31:59.545 +03:00 [DBG] Context 'JournalAppDbContext' started tracking 'User' entity. Consider using 'DbContextOptionsBuilder.EnableSensitiveDataLogging' to see key values.
2025-08-30 12:31:59.564 +03:00 [DBG] Context 'JournalAppDbContext' started tracking 'Journal' entity. Consider using 'DbContextOptionsBuilder.EnableSensitiveDataLogging' to see key values.
2025-08-30 12:31:59.568 +03:00 [DBG] Context 'JournalAppDbContext' started tracking 'Journal' entity. Consider using 'DbContextOptionsBuilder.EnableSensitiveDataLogging' to see key values.
2025-08-30 12:31:59.570 +03:00 [DBG] Closing data reader to 'main' on server '/Users/sgrancharov/dev/dotnet/JournalApp/JournalApp/JournalApp.Infrastructure/JournalApp.db'.
2025-08-30 12:31:59.573 +03:00 [DBG] A data reader for 'main' on server '/Users/sgrancharov/dev/dotnet/JournalApp/JournalApp/JournalApp.Infrastructure/JournalApp.db' is being disposed after spending 43ms reading results.
2025-08-30 12:31:59.575 +03:00 [DBG] Closing connection to database 'main' on server '/Users/sgrancharov/dev/dotnet/JournalApp/JournalApp/JournalApp.Infrastructure/JournalApp.db'.
2025-08-30 12:31:59.577 +03:00 [DBG] Closed connection to database 'main' on server '/Users/sgrancharov/dev/dotnet/JournalApp/JournalApp/JournalApp.Infrastructure/JournalApp.db' (1ms).
2025-08-30 12:45:14.517 +03:00 [WRN] You do not have a valid license key for the Lucky Penny software AutoMapper. This is allowed for development and testing scenarios. If you are running in production you are required to have a licensed version. Please visit https://luckypennysoftware.com to obtain a valid license.
2025-08-30 12:45:31.843 +03:00 [DBG] An 'IServiceProvider' was created for internal use by Entity Framework.
2025-08-30 12:45:32.176 +03:00 [DBG] Entity Framework Core 9.0.7 initialized 'JournalAppDbContext' using provider 'Microsoft.EntityFrameworkCore.Sqlite:9.0.7' with options: None
2025-08-30 12:45:32.207 +03:00 [DBG] Compiling query expression: 
'DbSet<User>()
    .Include(u => u.Journals)
    .FirstOrDefault(u => u.UserName == __userName_0)'
2025-08-30 12:45:32.243 +03:00 [DBG] Including navigation: 'User.Journals'.
2025-08-30 12:45:32.382 +03:00 [DBG] Generated query execution expression: 
'queryContext => ShapedQueryCompilingExpressionVisitor.SingleOrDefaultAsync<User>(
    asyncEnumerable: SingleQueryingEnumerable.Create<User>(
        relationalQueryContext: (RelationalQueryContext)queryContext, 
        relationalCommandResolver: parameters => [LIFTABLE Constant: RelationalCommandCache.QueryExpression(
            Client Projections:
                0 -> Dictionary<IProperty, int> { [Property: User.Id (int) Required PK AfterSave:Throw ValueGenerated.OnAdd, 0], [Property: User.Password (string) Required, 1], [Property: User.UserName (string) Required, 2] }
                1 -> 0
                2 -> Dictionary<IProperty, int> { [Property: Journal.Id (int) Required PK AfterSave:Throw ValueGenerated.OnAdd, 3], [Property: Journal.Content (string) Required, 4], [Property: Journal.Images (List<string>) Required Element type: string Required, 5], [Property: Journal.Title (string) Required, 6], [Property: Journal.UserId (int) Required FK Index, 7] }
                3 -> 3
            SELECT u0.Id, u0.Password, u0.UserName, j.Id, j.Content, j.Images, j.Title, j.UserId
            FROM 
            (
                SELECT TOP(1) u.Id, u.Password, u.UserName
                FROM Users AS u
                WHERE u.UserName == @__userName_0
            ) AS u0
            LEFT JOIN Journals AS j ON u0.Id == j.UserId
            ORDER BY u0.Id ASC) | Resolver: c => new RelationalCommandCache(
            c.Dependencies.MemoryCache, 
            c.RelationalDependencies.QuerySqlGeneratorFactory, 
            c.RelationalDependencies.RelationalParameterBasedSqlProcessorFactory, 
            Client Projections:
                0 -> Dictionary<IProperty, int> { [Property: User.Id (int) Required PK AfterSave:Throw ValueGenerated.OnAdd, 0], [Property: User.Password (string) Required, 1], [Property: User.UserName (string) Required, 2] }
                1 -> 0
                2 -> Dictionary<IProperty, int> { [Property: Journal.Id (int) Required PK AfterSave:Throw ValueGenerated.OnAdd, 3], [Property: Journal.Content (string) Required, 4], [Property: Journal.Images (List<string>) Required Element type: string Required, 5], [Property: Journal.Title (string) Required, 6], [Property: Journal.UserId (int) Required FK Index, 7] }
                3 -> 3
            SELECT u0.Id, u0.Password, u0.UserName, j.Id, j.Content, j.Images, j.Title, j.UserId
            FROM 
            (
                SELECT TOP(1) u.Id, u.Password, u.UserName
                FROM Users AS u
                WHERE u.UserName == @__userName_0
            ) AS u0
            LEFT JOIN Journals AS j ON u0.Id == j.UserId
            ORDER BY u0.Id ASC, 
            False, 
            new HashSet<string>(
                new string[]{ }, 
                StringComparer.Ordinal
            )
        )].GetRelationalCommandTemplate(parameters), 
        readerColumns: null, 
        shaper: (queryContext, dataReader, resultContext, resultCoordinator) => 
        {
            resultContext.Values == null ? 
            {
                User entity;
                entity = 
                {
                    MaterializationContext materializationContext1;
                    IEntityType entityType1;
                    User instance1;
                    InternalEntityEntry entry1;
                    bool hasNullKey1;
                    materializationContext1 = new MaterializationContext(
                        [LIFTABLE Constant: ValueBuffer | Resolver: _ => (object)ValueBuffer.Empty], 
                        queryContext.Context
                    );
                    instance1 = default(User);
                    entry1 = queryContext.TryGetEntry(
                        key: [LIFTABLE Constant: Key: User.Id PK | Resolver: c => c.Dependencies.Model.FindEntityType("JournalApp.Domain.User.User").FindPrimaryKey()], 
                        keyValues: new object[]{ (object)dataReader.GetInt32(0) }, 
                        throwOnNullKey: True, 
                        hasNullKey: hasNullKey1);
                    !(hasNullKey1) ? entry1 != default(InternalEntityEntry) ? 
                    {
                        entityType1 = entry1.EntityType;
                        return instance1 = (User)entry1.Entity;
                    } : 
                    {
                        ISnapshot shadowSnapshot1;
                        shadowSnapshot1 = [LIFTABLE Constant: Snapshot | Resolver: _ => Snapshot.Empty];
                        entityType1 = [LIFTABLE Constant: EntityType: User | Resolver: namelessParameter{0} => namelessParameter{0}.Dependencies.Model.FindEntityType("JournalApp.Domain.User.User")];
                        instance1 = switch (entityType1)
                        {
                            case [LIFTABLE Constant: EntityType: User | Resolver: namelessParameter{1} => namelessParameter{1}.Dependencies.Model.FindEntityType("JournalApp.Domain.User.User")]: 
                                {
                                    return 
                                    {
                                        User instance;
                                        instance = new User();
                                        instance.<Id>k__BackingField = dataReader.GetInt32(0);
                                        instance.<Password>k__BackingField = dataReader.GetString(1);
                                        instance.<UserName>k__BackingField = dataReader.GetString(2);
                                        (instance is IInjectableService) ? ((IInjectableService)instance).Injected(
                                            context: materializationContext1.Context, 
                                            entity: instance, 
                                            queryTrackingBehavior: TrackAll, 
                                            structuralType: [LIFTABLE Constant: EntityType: User | Resolver: namelessParameter{2} => namelessParameter{2}.Dependencies.Model.FindEntityType("JournalApp.Domain.User.User")]) : default(void);
                                        return instance;
                                    }}
                            default: 
                                default(User)
                        }
                        ;
                        entry1 = entityType1 == default(IEntityType) ? default(InternalEntityEntry) : queryContext.StartTracking(
                            entityType: entityType1, 
                            entity: instance1, 
                            snapshot: shadowSnapshot1);
                        return instance1;
                    } : default(void);
                    return instance1;
                };
                resultContext.Values = new object[]{ entity };
                ShaperProcessingExpressionVisitor.InitializeIncludeCollection<User, User>(
                    collectionId: 0, 
                    queryContext: queryContext, 
                    dbDataReader: dataReader, 
                    resultCoordinator: resultCoordinator, 
                    entity: (User)(resultContext.Values[0]), 
                    parentIdentifier: [LIFTABLE Constant: Func<QueryContext, DbDataReader, object[]> | Resolver: _ => (queryContext, dataReader) => new object[]{ (object)(int?)dataReader.GetInt32(0) }], 
                    outerIdentifier: [LIFTABLE Constant: Func<QueryContext, DbDataReader, object[]> | Resolver: _ => (queryContext, dataReader) => new object[]{ (object)(int?)dataReader.GetInt32(0) }], 
                    navigation: [LIFTABLE Constant: Navigation: User.Journals (List<Journal>) Collection ToDependent Journal Inverse: User | Resolver: namelessParameter{3} => namelessParameter{3}.Dependencies.Model.FindEntityType("JournalApp.Domain.User.User").FindNavigation("Journals")], 
                    clrCollectionAccessor: [LIFTABLE Constant: ClrICollectionAccessor<User, List<Journal>, Journal> | Resolver: namelessParameter{4} => namelessParameter{4}.Dependencies.Model.FindEntityType("JournalApp.Domain.User.User").FindNavigation("Journals").GetCollectionAccessor()], 
                    trackingQuery: True, 
                    setLoaded: True);
            } : default(void);
            ShaperProcessingExpressionVisitor.PopulateIncludeCollection<User, Journal>(
                collectionId: 0, 
                queryContext: queryContext, 
                dbDataReader: dataReader, 
                resultCoordinator: resultCoordinator, 
                parentIdentifier: [LIFTABLE Constant: Func<QueryContext, DbDataReader, object[]> | Resolver: _ => (queryContext, dataReader) => new object[]{ (object)(int?)dataReader.GetInt32(0) }], 
                outerIdentifier: [LIFTABLE Constant: Func<QueryContext, DbDataReader, object[]> | Resolver: _ => (queryContext, dataReader) => new object[]{ (object)(int?)dataReader.GetInt32(0) }], 
                selfIdentifier: [LIFTABLE Constant: Func<QueryContext, DbDataReader, object[]> | Resolver: _ => (queryContext, dataReader) => new object[]{ (object)dataReader.IsDBNull(3) ? default(int?) : (int?)dataReader.GetInt32(3) }], 
                parentIdentifierValueComparers: [LIFTABLE Constant: Func<object, object, bool>[] { Func<object, object, bool> } | Resolver: _ => new Func<object, object, bool>[]{ (left, right) => left == null ? right == null : right != null && (int)left == (int)right }], 
                outerIdentifierValueComparers: [LIFTABLE Constant: Func<object, object, bool>[] { Func<object, object, bool> } | Resolver: _ => new Func<object, object, bool>[]{ (left, right) => left == null ? right == null : right != null && (int)left == (int)right }], 
                selfIdentifierValueComparers: [LIFTABLE Constant: Func<object, object, bool>[] { Func<object, object, bool> } | Resolver: _ => new Func<object, object, bool>[]{ (left, right) => left == null ? right == null : right != null && (int)left == (int)right }], 
                innerShaper: (queryContext, dataReader, resultContext, resultCoordinator) => 
                {
                    Journal entity;
                    entity = 
                    {
                        MaterializationContext materializationContext2;
                        IEntityType entityType2;
                        Journal instance2;
                        InternalEntityEntry entry2;
                        bool hasNullKey2;
                        materializationContext2 = new MaterializationContext(
                            [LIFTABLE Constant: ValueBuffer | Resolver: _ => (object)ValueBuffer.Empty], 
                            queryContext.Context
                        );
                        instance2 = default(Journal);
                        entry2 = queryContext.TryGetEntry(
                            key: [LIFTABLE Constant: Key: Journal.Id PK | Resolver: c => c.Dependencies.Model.FindEntityType("JournalApp.Domain.Journal.Journal").FindPrimaryKey()], 
                            keyValues: new object[]{ dataReader.IsDBNull(3) ? default(object) : (object)dataReader.GetInt32(3) }, 
                            throwOnNullKey: False, 
                            hasNullKey: hasNullKey2);
                        !(hasNullKey2) ? entry2 != default(InternalEntityEntry) ? 
                        {
                            entityType2 = entry2.EntityType;
                            return instance2 = (Journal)entry2.Entity;
                        } : 
                        {
                            ISnapshot shadowSnapshot2;
                            shadowSnapshot2 = [LIFTABLE Constant: Snapshot | Resolver: _ => Snapshot.Empty];
                            entityType2 = [LIFTABLE Constant: EntityType: Journal | Resolver: namelessParameter{5} => namelessParameter{5}.Dependencies.Model.FindEntityType("JournalApp.Domain.Journal.Journal")];
                            instance2 = switch (entityType2)
                            {
                                case [LIFTABLE Constant: EntityType: Journal | Resolver: namelessParameter{6} => namelessParameter{6}.Dependencies.Model.FindEntityType("JournalApp.Domain.Journal.Journal")]: 
                                    {
                                        return 
                                        {
                                            Journal instance;
                                            instance = new Journal();
                                            instance.<Id>k__BackingField = dataReader.IsDBNull(3) ? default(int) : dataReader.GetInt32(3);
                                            instance.<Content>k__BackingField = dataReader.IsDBNull(4) ? default(string) : dataReader.GetString(4);
                                            {
                                                List<string> namelessParameter{7};
                                                namelessParameter{7} = instance.<Images>k__BackingField;
                                                namelessParameter{7} == null || dataReader.IsDBNull(5) ? default(List<string>) : (List<string>)Invoke(((CollectionToJsonStringConverter<string>)((IReadOnlyProperty)[LIFTABLE Constant: Property: Journal.Images (List<string>) Required Element type: string Required | Resolver: namelessParameter{8} => namelessParameter{8}.Dependencies.Model.FindEntityType("JournalApp.Domain.Journal.Journal").FindProperty("Images")]).GetTypeMapping().Converter).ConvertFromProviderTyped, dataReader.GetString(5)) == null || namelessParameter{7}.IsReadOnly ? instance.<Images>k__BackingField = dataReader.IsDBNull(5) ? default(List<string>) : (List<string>)Invoke(((CollectionToJsonStringConverter<string>)((IReadOnlyProperty)[LIFTABLE Constant: Property: Journal.Images (List<string>) Required Element type: string Required | Resolver: namelessParameter{9} => namelessParameter{9}.Dependencies.Model.FindEntityType("JournalApp.Domain.Journal.Journal").FindProperty("Images")]).GetTypeMapping().Converter).ConvertFromProviderTyped, dataReader.GetString(5)) : EntityMaterializerSource.PopulateList<string>(
                                                    buffer: dataReader.IsDBNull(5) ? default(List<string>) : (List<string>)Invoke(((CollectionToJsonStringConverter<string>)((IReadOnlyProperty)[LIFTABLE Constant: Property: Journal.Images (List<string>) Required Element type: string Required | Resolver: namelessParameter{10} => namelessParameter{10}.Dependencies.Model.FindEntityType("JournalApp.Domain.Journal.Journal").FindProperty("Images")]).GetTypeMapping().Converter).ConvertFromProviderTyped, dataReader.GetString(5)), 
                                                    target: namelessParameter{7});
                                            }instance.<Title>k__BackingField = dataReader.IsDBNull(6) ? default(string) : dataReader.GetString(6);
                                            instance.<UserId>k__BackingField = dataReader.IsDBNull(7) ? default(int) : dataReader.GetInt32(7);
                                            (instance is IInjectableService) ? ((IInjectableService)instance).Injected(
                                                context: materializationContext2.Context, 
                                                entity: instance, 
                                                queryTrackingBehavior: TrackAll, 
                                                structuralType: [LIFTABLE Constant: EntityType: Journal | Resolver: namelessParameter{11} => namelessParameter{11}.Dependencies.Model.FindEntityType("JournalApp.Domain.Journal.Journal")]) : default(void);
                                            return instance;
                                        }}
                                default: 
                                    default(Journal)
                            }
                            ;
                            entry2 = entityType2 == default(IEntityType) ? default(InternalEntityEntry) : queryContext.StartTracking(
                                entityType: entityType2, 
                                entity: instance2, 
                                snapshot: shadowSnapshot2);
                            return instance2;
                        } : default(void);
                        return instance2;
                    };
                    return entity;
                }, 
                inverseNavigation: [LIFTABLE Constant: Navigation: Journal.User (User) ToPrincipal User Inverse: Journals | Resolver: namelessParameter{12} => namelessParameter{12}.Dependencies.Model.FindEntityType("JournalApp.Domain.Journal.Journal").FindNavigation("User")], 
                fixup: (namelessParameter{13}, namelessParameter{14}) => 
                {
                    [LIFTABLE Constant: ClrICollectionAccessor<User, List<Journal>, Journal> | Resolver: namelessParameter{15} => namelessParameter{15}.Dependencies.Model.FindEntityType("JournalApp.Domain.User.User").FindNavigation("Journals").GetCollectionAccessor()].Add(
                        entity: namelessParameter{13}, 
                        value: namelessParameter{14}, 
                        forMaterialization: True);
                    return namelessParameter{14}.<User>k__BackingField = namelessParameter{13};
                }, 
                trackingQuery: True);
            return IsTrue(resultCoordinator.ResultReady)
             ? (User)(resultContext.Values[0]) : default(User);
        }, 
        contextType: JournalApp.Infrastructure.JournalAppDbContext, 
        standAloneStateManager: False, 
        detailedErrorsEnabled: False, 
        threadSafetyChecksEnabled: True), 
    cancellationToken: queryContext.CancellationToken)'
2025-08-30 12:45:32.404 +03:00 [DBG] Creating DbConnection.
2025-08-30 12:45:32.412 +03:00 [DBG] Created DbConnection. (5ms).
2025-08-30 12:45:32.415 +03:00 [DBG] Opening connection to database 'main' on server '/Users/sgrancharov/dev/dotnet/JournalApp/JournalApp/JournalApp.Infrastructure/JournalApp.db'.
2025-08-30 12:45:32.424 +03:00 [DBG] Opened connection to database 'main' on server '/Users/sgrancharov/dev/dotnet/JournalApp/JournalApp/JournalApp.Infrastructure/JournalApp.db'.
2025-08-30 12:45:32.427 +03:00 [DBG] Creating DbCommand for 'ExecuteReader'.
2025-08-30 12:45:32.430 +03:00 [DBG] Created DbCommand for 'ExecuteReader' (1ms).
2025-08-30 12:45:32.432 +03:00 [DBG] Initialized DbCommand for 'ExecuteReader' (4ms).
2025-08-30 12:45:32.436 +03:00 [DBG] Executing DbCommand [Parameters=[@__userName_0='?' (Size = 3)], CommandType='"Text"', CommandTimeout='30']
SELECT "u0"."Id", "u0"."Password", "u0"."UserName", "j"."Id", "j"."Content", "j"."Images", "j"."Title", "j"."UserId"
FROM (
    SELECT "u"."Id", "u"."Password", "u"."UserName"
    FROM "Users" AS "u"
    WHERE "u"."UserName" = @__userName_0
    LIMIT 1
) AS "u0"
LEFT JOIN "Journals" AS "j" ON "u0"."Id" = "j"."UserId"
ORDER BY "u0"."Id"
2025-08-30 12:45:32.451 +03:00 [INF] Executed DbCommand (13ms) [Parameters=[@__userName_0='?' (Size = 3)], CommandType='"Text"', CommandTimeout='30']
SELECT "u0"."Id", "u0"."Password", "u0"."UserName", "j"."Id", "j"."Content", "j"."Images", "j"."Title", "j"."UserId"
FROM (
    SELECT "u"."Id", "u"."Password", "u"."UserName"
    FROM "Users" AS "u"
    WHERE "u"."UserName" = @__userName_0
    LIMIT 1
) AS "u0"
LEFT JOIN "Journals" AS "j" ON "u0"."Id" = "j"."UserId"
ORDER BY "u0"."Id"
2025-08-30 12:45:32.470 +03:00 [DBG] Context 'JournalAppDbContext' started tracking 'User' entity. Consider using 'DbContextOptionsBuilder.EnableSensitiveDataLogging' to see key values.
2025-08-30 12:45:32.491 +03:00 [DBG] Context 'JournalAppDbContext' started tracking 'Journal' entity. Consider using 'DbContextOptionsBuilder.EnableSensitiveDataLogging' to see key values.
2025-08-30 12:45:32.494 +03:00 [DBG] Context 'JournalAppDbContext' started tracking 'Journal' entity. Consider using 'DbContextOptionsBuilder.EnableSensitiveDataLogging' to see key values.
2025-08-30 12:45:32.496 +03:00 [DBG] Closing data reader to 'main' on server '/Users/sgrancharov/dev/dotnet/JournalApp/JournalApp/JournalApp.Infrastructure/JournalApp.db'.
2025-08-30 12:45:32.499 +03:00 [DBG] A data reader for 'main' on server '/Users/sgrancharov/dev/dotnet/JournalApp/JournalApp/JournalApp.Infrastructure/JournalApp.db' is being disposed after spending 44ms reading results.
2025-08-30 12:45:32.501 +03:00 [DBG] Closing connection to database 'main' on server '/Users/sgrancharov/dev/dotnet/JournalApp/JournalApp/JournalApp.Infrastructure/JournalApp.db'.
2025-08-30 12:45:32.503 +03:00 [DBG] Closed connection to database 'main' on server '/Users/sgrancharov/dev/dotnet/JournalApp/JournalApp/JournalApp.Infrastructure/JournalApp.db' (1ms).
2025-08-30 12:48:08.268 +03:00 [WRN] You do not have a valid license key for the Lucky Penny software AutoMapper. This is allowed for development and testing scenarios. If you are running in production you are required to have a licensed version. Please visit https://luckypennysoftware.com to obtain a valid license.
2025-08-30 12:48:13.214 +03:00 [DBG] An 'IServiceProvider' was created for internal use by Entity Framework.
2025-08-30 12:48:13.540 +03:00 [DBG] Entity Framework Core 9.0.7 initialized 'JournalAppDbContext' using provider 'Microsoft.EntityFrameworkCore.Sqlite:9.0.7' with options: None
2025-08-30 12:48:13.574 +03:00 [DBG] Compiling query expression: 
'DbSet<User>()
    .Include(u => u.Journals)
    .FirstOrDefault(u => u.UserName == __userName_0)'
2025-08-30 12:48:13.609 +03:00 [DBG] Including navigation: 'User.Journals'.
2025-08-30 12:48:13.751 +03:00 [DBG] Generated query execution expression: 
'queryContext => ShapedQueryCompilingExpressionVisitor.SingleOrDefaultAsync<User>(
    asyncEnumerable: SingleQueryingEnumerable.Create<User>(
        relationalQueryContext: (RelationalQueryContext)queryContext, 
        relationalCommandResolver: parameters => [LIFTABLE Constant: RelationalCommandCache.QueryExpression(
            Client Projections:
                0 -> Dictionary<IProperty, int> { [Property: User.Id (int) Required PK AfterSave:Throw ValueGenerated.OnAdd, 0], [Property: User.Password (string) Required, 1], [Property: User.UserName (string) Required, 2] }
                1 -> 0
                2 -> Dictionary<IProperty, int> { [Property: Journal.Id (int) Required PK AfterSave:Throw ValueGenerated.OnAdd, 3], [Property: Journal.Content (string) Required, 4], [Property: Journal.Images (List<string>) Required Element type: string Required, 5], [Property: Journal.Title (string) Required, 6], [Property: Journal.UserId (int) Required FK Index, 7] }
                3 -> 3
            SELECT u0.Id, u0.Password, u0.UserName, j.Id, j.Content, j.Images, j.Title, j.UserId
            FROM 
            (
                SELECT TOP(1) u.Id, u.Password, u.UserName
                FROM Users AS u
                WHERE u.UserName == @__userName_0
            ) AS u0
            LEFT JOIN Journals AS j ON u0.Id == j.UserId
            ORDER BY u0.Id ASC) | Resolver: c => new RelationalCommandCache(
            c.Dependencies.MemoryCache, 
            c.RelationalDependencies.QuerySqlGeneratorFactory, 
            c.RelationalDependencies.RelationalParameterBasedSqlProcessorFactory, 
            Client Projections:
                0 -> Dictionary<IProperty, int> { [Property: User.Id (int) Required PK AfterSave:Throw ValueGenerated.OnAdd, 0], [Property: User.Password (string) Required, 1], [Property: User.UserName (string) Required, 2] }
                1 -> 0
                2 -> Dictionary<IProperty, int> { [Property: Journal.Id (int) Required PK AfterSave:Throw ValueGenerated.OnAdd, 3], [Property: Journal.Content (string) Required, 4], [Property: Journal.Images (List<string>) Required Element type: string Required, 5], [Property: Journal.Title (string) Required, 6], [Property: Journal.UserId (int) Required FK Index, 7] }
                3 -> 3
            SELECT u0.Id, u0.Password, u0.UserName, j.Id, j.Content, j.Images, j.Title, j.UserId
            FROM 
            (
                SELECT TOP(1) u.Id, u.Password, u.UserName
                FROM Users AS u
                WHERE u.UserName == @__userName_0
            ) AS u0
            LEFT JOIN Journals AS j ON u0.Id == j.UserId
            ORDER BY u0.Id ASC, 
            False, 
            new HashSet<string>(
                new string[]{ }, 
                StringComparer.Ordinal
            )
        )].GetRelationalCommandTemplate(parameters), 
        readerColumns: null, 
        shaper: (queryContext, dataReader, resultContext, resultCoordinator) => 
        {
            resultContext.Values == null ? 
            {
                User entity;
                entity = 
                {
                    MaterializationContext materializationContext1;
                    IEntityType entityType1;
                    User instance1;
                    InternalEntityEntry entry1;
                    bool hasNullKey1;
                    materializationContext1 = new MaterializationContext(
                        [LIFTABLE Constant: ValueBuffer | Resolver: _ => (object)ValueBuffer.Empty], 
                        queryContext.Context
                    );
                    instance1 = default(User);
                    entry1 = queryContext.TryGetEntry(
                        key: [LIFTABLE Constant: Key: User.Id PK | Resolver: c => c.Dependencies.Model.FindEntityType("JournalApp.Domain.User.User").FindPrimaryKey()], 
                        keyValues: new object[]{ (object)dataReader.GetInt32(0) }, 
                        throwOnNullKey: True, 
                        hasNullKey: hasNullKey1);
                    !(hasNullKey1) ? entry1 != default(InternalEntityEntry) ? 
                    {
                        entityType1 = entry1.EntityType;
                        return instance1 = (User)entry1.Entity;
                    } : 
                    {
                        ISnapshot shadowSnapshot1;
                        shadowSnapshot1 = [LIFTABLE Constant: Snapshot | Resolver: _ => Snapshot.Empty];
                        entityType1 = [LIFTABLE Constant: EntityType: User | Resolver: namelessParameter{0} => namelessParameter{0}.Dependencies.Model.FindEntityType("JournalApp.Domain.User.User")];
                        instance1 = switch (entityType1)
                        {
                            case [LIFTABLE Constant: EntityType: User | Resolver: namelessParameter{1} => namelessParameter{1}.Dependencies.Model.FindEntityType("JournalApp.Domain.User.User")]: 
                                {
                                    return 
                                    {
                                        User instance;
                                        instance = new User();
                                        instance.<Id>k__BackingField = dataReader.GetInt32(0);
                                        instance.<Password>k__BackingField = dataReader.GetString(1);
                                        instance.<UserName>k__BackingField = dataReader.GetString(2);
                                        (instance is IInjectableService) ? ((IInjectableService)instance).Injected(
                                            context: materializationContext1.Context, 
                                            entity: instance, 
                                            queryTrackingBehavior: TrackAll, 
                                            structuralType: [LIFTABLE Constant: EntityType: User | Resolver: namelessParameter{2} => namelessParameter{2}.Dependencies.Model.FindEntityType("JournalApp.Domain.User.User")]) : default(void);
                                        return instance;
                                    }}
                            default: 
                                default(User)
                        }
                        ;
                        entry1 = entityType1 == default(IEntityType) ? default(InternalEntityEntry) : queryContext.StartTracking(
                            entityType: entityType1, 
                            entity: instance1, 
                            snapshot: shadowSnapshot1);
                        return instance1;
                    } : default(void);
                    return instance1;
                };
                resultContext.Values = new object[]{ entity };
                ShaperProcessingExpressionVisitor.InitializeIncludeCollection<User, User>(
                    collectionId: 0, 
                    queryContext: queryContext, 
                    dbDataReader: dataReader, 
                    resultCoordinator: resultCoordinator, 
                    entity: (User)(resultContext.Values[0]), 
                    parentIdentifier: [LIFTABLE Constant: Func<QueryContext, DbDataReader, object[]> | Resolver: _ => (queryContext, dataReader) => new object[]{ (object)(int?)dataReader.GetInt32(0) }], 
                    outerIdentifier: [LIFTABLE Constant: Func<QueryContext, DbDataReader, object[]> | Resolver: _ => (queryContext, dataReader) => new object[]{ (object)(int?)dataReader.GetInt32(0) }], 
                    navigation: [LIFTABLE Constant: Navigation: User.Journals (List<Journal>) Collection ToDependent Journal Inverse: User | Resolver: namelessParameter{3} => namelessParameter{3}.Dependencies.Model.FindEntityType("JournalApp.Domain.User.User").FindNavigation("Journals")], 
                    clrCollectionAccessor: [LIFTABLE Constant: ClrICollectionAccessor<User, List<Journal>, Journal> | Resolver: namelessParameter{4} => namelessParameter{4}.Dependencies.Model.FindEntityType("JournalApp.Domain.User.User").FindNavigation("Journals").GetCollectionAccessor()], 
                    trackingQuery: True, 
                    setLoaded: True);
            } : default(void);
            ShaperProcessingExpressionVisitor.PopulateIncludeCollection<User, Journal>(
                collectionId: 0, 
                queryContext: queryContext, 
                dbDataReader: dataReader, 
                resultCoordinator: resultCoordinator, 
                parentIdentifier: [LIFTABLE Constant: Func<QueryContext, DbDataReader, object[]> | Resolver: _ => (queryContext, dataReader) => new object[]{ (object)(int?)dataReader.GetInt32(0) }], 
                outerIdentifier: [LIFTABLE Constant: Func<QueryContext, DbDataReader, object[]> | Resolver: _ => (queryContext, dataReader) => new object[]{ (object)(int?)dataReader.GetInt32(0) }], 
                selfIdentifier: [LIFTABLE Constant: Func<QueryContext, DbDataReader, object[]> | Resolver: _ => (queryContext, dataReader) => new object[]{ (object)dataReader.IsDBNull(3) ? default(int?) : (int?)dataReader.GetInt32(3) }], 
                parentIdentifierValueComparers: [LIFTABLE Constant: Func<object, object, bool>[] { Func<object, object, bool> } | Resolver: _ => new Func<object, object, bool>[]{ (left, right) => left == null ? right == null : right != null && (int)left == (int)right }], 
                outerIdentifierValueComparers: [LIFTABLE Constant: Func<object, object, bool>[] { Func<object, object, bool> } | Resolver: _ => new Func<object, object, bool>[]{ (left, right) => left == null ? right == null : right != null && (int)left == (int)right }], 
                selfIdentifierValueComparers: [LIFTABLE Constant: Func<object, object, bool>[] { Func<object, object, bool> } | Resolver: _ => new Func<object, object, bool>[]{ (left, right) => left == null ? right == null : right != null && (int)left == (int)right }], 
                innerShaper: (queryContext, dataReader, resultContext, resultCoordinator) => 
                {
                    Journal entity;
                    entity = 
                    {
                        MaterializationContext materializationContext2;
                        IEntityType entityType2;
                        Journal instance2;
                        InternalEntityEntry entry2;
                        bool hasNullKey2;
                        materializationContext2 = new MaterializationContext(
                            [LIFTABLE Constant: ValueBuffer | Resolver: _ => (object)ValueBuffer.Empty], 
                            queryContext.Context
                        );
                        instance2 = default(Journal);
                        entry2 = queryContext.TryGetEntry(
                            key: [LIFTABLE Constant: Key: Journal.Id PK | Resolver: c => c.Dependencies.Model.FindEntityType("JournalApp.Domain.Journal.Journal").FindPrimaryKey()], 
                            keyValues: new object[]{ dataReader.IsDBNull(3) ? default(object) : (object)dataReader.GetInt32(3) }, 
                            throwOnNullKey: False, 
                            hasNullKey: hasNullKey2);
                        !(hasNullKey2) ? entry2 != default(InternalEntityEntry) ? 
                        {
                            entityType2 = entry2.EntityType;
                            return instance2 = (Journal)entry2.Entity;
                        } : 
                        {
                            ISnapshot shadowSnapshot2;
                            shadowSnapshot2 = [LIFTABLE Constant: Snapshot | Resolver: _ => Snapshot.Empty];
                            entityType2 = [LIFTABLE Constant: EntityType: Journal | Resolver: namelessParameter{5} => namelessParameter{5}.Dependencies.Model.FindEntityType("JournalApp.Domain.Journal.Journal")];
                            instance2 = switch (entityType2)
                            {
                                case [LIFTABLE Constant: EntityType: Journal | Resolver: namelessParameter{6} => namelessParameter{6}.Dependencies.Model.FindEntityType("JournalApp.Domain.Journal.Journal")]: 
                                    {
                                        return 
                                        {
                                            Journal instance;
                                            instance = new Journal();
                                            instance.<Id>k__BackingField = dataReader.IsDBNull(3) ? default(int) : dataReader.GetInt32(3);
                                            instance.<Content>k__BackingField = dataReader.IsDBNull(4) ? default(string) : dataReader.GetString(4);
                                            {
                                                List<string> namelessParameter{7};
                                                namelessParameter{7} = instance.<Images>k__BackingField;
                                                namelessParameter{7} == null || dataReader.IsDBNull(5) ? default(List<string>) : (List<string>)Invoke(((CollectionToJsonStringConverter<string>)((IReadOnlyProperty)[LIFTABLE Constant: Property: Journal.Images (List<string>) Required Element type: string Required | Resolver: namelessParameter{8} => namelessParameter{8}.Dependencies.Model.FindEntityType("JournalApp.Domain.Journal.Journal").FindProperty("Images")]).GetTypeMapping().Converter).ConvertFromProviderTyped, dataReader.GetString(5)) == null || namelessParameter{7}.IsReadOnly ? instance.<Images>k__BackingField = dataReader.IsDBNull(5) ? default(List<string>) : (List<string>)Invoke(((CollectionToJsonStringConverter<string>)((IReadOnlyProperty)[LIFTABLE Constant: Property: Journal.Images (List<string>) Required Element type: string Required | Resolver: namelessParameter{9} => namelessParameter{9}.Dependencies.Model.FindEntityType("JournalApp.Domain.Journal.Journal").FindProperty("Images")]).GetTypeMapping().Converter).ConvertFromProviderTyped, dataReader.GetString(5)) : EntityMaterializerSource.PopulateList<string>(
                                                    buffer: dataReader.IsDBNull(5) ? default(List<string>) : (List<string>)Invoke(((CollectionToJsonStringConverter<string>)((IReadOnlyProperty)[LIFTABLE Constant: Property: Journal.Images (List<string>) Required Element type: string Required | Resolver: namelessParameter{10} => namelessParameter{10}.Dependencies.Model.FindEntityType("JournalApp.Domain.Journal.Journal").FindProperty("Images")]).GetTypeMapping().Converter).ConvertFromProviderTyped, dataReader.GetString(5)), 
                                                    target: namelessParameter{7});
                                            }instance.<Title>k__BackingField = dataReader.IsDBNull(6) ? default(string) : dataReader.GetString(6);
                                            instance.<UserId>k__BackingField = dataReader.IsDBNull(7) ? default(int) : dataReader.GetInt32(7);
                                            (instance is IInjectableService) ? ((IInjectableService)instance).Injected(
                                                context: materializationContext2.Context, 
                                                entity: instance, 
                                                queryTrackingBehavior: TrackAll, 
                                                structuralType: [LIFTABLE Constant: EntityType: Journal | Resolver: namelessParameter{11} => namelessParameter{11}.Dependencies.Model.FindEntityType("JournalApp.Domain.Journal.Journal")]) : default(void);
                                            return instance;
                                        }}
                                default: 
                                    default(Journal)
                            }
                            ;
                            entry2 = entityType2 == default(IEntityType) ? default(InternalEntityEntry) : queryContext.StartTracking(
                                entityType: entityType2, 
                                entity: instance2, 
                                snapshot: shadowSnapshot2);
                            return instance2;
                        } : default(void);
                        return instance2;
                    };
                    return entity;
                }, 
                inverseNavigation: [LIFTABLE Constant: Navigation: Journal.User (User) ToPrincipal User Inverse: Journals | Resolver: namelessParameter{12} => namelessParameter{12}.Dependencies.Model.FindEntityType("JournalApp.Domain.Journal.Journal").FindNavigation("User")], 
                fixup: (namelessParameter{13}, namelessParameter{14}) => 
                {
                    [LIFTABLE Constant: ClrICollectionAccessor<User, List<Journal>, Journal> | Resolver: namelessParameter{15} => namelessParameter{15}.Dependencies.Model.FindEntityType("JournalApp.Domain.User.User").FindNavigation("Journals").GetCollectionAccessor()].Add(
                        entity: namelessParameter{13}, 
                        value: namelessParameter{14}, 
                        forMaterialization: True);
                    return namelessParameter{14}.<User>k__BackingField = namelessParameter{13};
                }, 
                trackingQuery: True);
            return IsTrue(resultCoordinator.ResultReady)
             ? (User)(resultContext.Values[0]) : default(User);
        }, 
        contextType: JournalApp.Infrastructure.JournalAppDbContext, 
        standAloneStateManager: False, 
        detailedErrorsEnabled: False, 
        threadSafetyChecksEnabled: True), 
    cancellationToken: queryContext.CancellationToken)'
2025-08-30 12:48:13.774 +03:00 [DBG] Creating DbConnection.
2025-08-30 12:48:13.781 +03:00 [DBG] Created DbConnection. (6ms).
2025-08-30 12:48:13.784 +03:00 [DBG] Opening connection to database 'main' on server '/Users/sgrancharov/dev/dotnet/JournalApp/JournalApp/JournalApp.Infrastructure/JournalApp.db'.
2025-08-30 12:48:13.791 +03:00 [DBG] Opened connection to database 'main' on server '/Users/sgrancharov/dev/dotnet/JournalApp/JournalApp/JournalApp.Infrastructure/JournalApp.db'.
2025-08-30 12:48:13.794 +03:00 [DBG] Creating DbCommand for 'ExecuteReader'.
2025-08-30 12:48:13.797 +03:00 [DBG] Created DbCommand for 'ExecuteReader' (1ms).
2025-08-30 12:48:13.799 +03:00 [DBG] Initialized DbCommand for 'ExecuteReader' (4ms).
2025-08-30 12:48:13.803 +03:00 [DBG] Executing DbCommand [Parameters=[@__userName_0='?' (Size = 3)], CommandType='"Text"', CommandTimeout='30']
SELECT "u0"."Id", "u0"."Password", "u0"."UserName", "j"."Id", "j"."Content", "j"."Images", "j"."Title", "j"."UserId"
FROM (
    SELECT "u"."Id", "u"."Password", "u"."UserName"
    FROM "Users" AS "u"
    WHERE "u"."UserName" = @__userName_0
    LIMIT 1
) AS "u0"
LEFT JOIN "Journals" AS "j" ON "u0"."Id" = "j"."UserId"
ORDER BY "u0"."Id"
2025-08-30 12:48:13.817 +03:00 [INF] Executed DbCommand (11ms) [Parameters=[@__userName_0='?' (Size = 3)], CommandType='"Text"', CommandTimeout='30']
SELECT "u0"."Id", "u0"."Password", "u0"."UserName", "j"."Id", "j"."Content", "j"."Images", "j"."Title", "j"."UserId"
FROM (
    SELECT "u"."Id", "u"."Password", "u"."UserName"
    FROM "Users" AS "u"
    WHERE "u"."UserName" = @__userName_0
    LIMIT 1
) AS "u0"
LEFT JOIN "Journals" AS "j" ON "u0"."Id" = "j"."UserId"
ORDER BY "u0"."Id"
2025-08-30 12:48:13.835 +03:00 [DBG] Context 'JournalAppDbContext' started tracking 'User' entity. Consider using 'DbContextOptionsBuilder.EnableSensitiveDataLogging' to see key values.
2025-08-30 12:48:13.856 +03:00 [DBG] Context 'JournalAppDbContext' started tracking 'Journal' entity. Consider using 'DbContextOptionsBuilder.EnableSensitiveDataLogging' to see key values.
2025-08-30 12:48:13.859 +03:00 [DBG] Context 'JournalAppDbContext' started tracking 'Journal' entity. Consider using 'DbContextOptionsBuilder.EnableSensitiveDataLogging' to see key values.
2025-08-30 12:48:13.861 +03:00 [DBG] Closing data reader to 'main' on server '/Users/sgrancharov/dev/dotnet/JournalApp/JournalApp/JournalApp.Infrastructure/JournalApp.db'.
2025-08-30 12:48:13.865 +03:00 [DBG] A data reader for 'main' on server '/Users/sgrancharov/dev/dotnet/JournalApp/JournalApp/JournalApp.Infrastructure/JournalApp.db' is being disposed after spending 43ms reading results.
2025-08-30 12:48:13.867 +03:00 [DBG] Closing connection to database 'main' on server '/Users/sgrancharov/dev/dotnet/JournalApp/JournalApp/JournalApp.Infrastructure/JournalApp.db'.
2025-08-30 12:48:13.868 +03:00 [DBG] Closed connection to database 'main' on server '/Users/sgrancharov/dev/dotnet/JournalApp/JournalApp/JournalApp.Infrastructure/JournalApp.db' (1ms).
2025-08-30 12:49:46.672 +03:00 [WRN] You do not have a valid license key for the Lucky Penny software AutoMapper. This is allowed for development and testing scenarios. If you are running in production you are required to have a licensed version. Please visit https://luckypennysoftware.com to obtain a valid license.
2025-08-30 12:49:50.502 +03:00 [DBG] An 'IServiceProvider' was created for internal use by Entity Framework.
2025-08-30 12:49:50.837 +03:00 [DBG] Entity Framework Core 9.0.7 initialized 'JournalAppDbContext' using provider 'Microsoft.EntityFrameworkCore.Sqlite:9.0.7' with options: None
2025-08-30 12:49:50.867 +03:00 [DBG] Compiling query expression: 
'DbSet<User>()
    .Include(u => u.Journals)
    .FirstOrDefault(u => u.UserName == __userName_0)'
2025-08-30 12:49:50.902 +03:00 [DBG] Including navigation: 'User.Journals'.
2025-08-30 12:49:51.045 +03:00 [DBG] Generated query execution expression: 
'queryContext => ShapedQueryCompilingExpressionVisitor.SingleOrDefaultAsync<User>(
    asyncEnumerable: SingleQueryingEnumerable.Create<User>(
        relationalQueryContext: (RelationalQueryContext)queryContext, 
        relationalCommandResolver: parameters => [LIFTABLE Constant: RelationalCommandCache.QueryExpression(
            Client Projections:
                0 -> Dictionary<IProperty, int> { [Property: User.Id (int) Required PK AfterSave:Throw ValueGenerated.OnAdd, 0], [Property: User.Password (string) Required, 1], [Property: User.UserName (string) Required, 2] }
                1 -> 0
                2 -> Dictionary<IProperty, int> { [Property: Journal.Id (int) Required PK AfterSave:Throw ValueGenerated.OnAdd, 3], [Property: Journal.Content (string) Required, 4], [Property: Journal.Images (List<string>) Required Element type: string Required, 5], [Property: Journal.Title (string) Required, 6], [Property: Journal.UserId (int) Required FK Index, 7] }
                3 -> 3
            SELECT u0.Id, u0.Password, u0.UserName, j.Id, j.Content, j.Images, j.Title, j.UserId
            FROM 
            (
                SELECT TOP(1) u.Id, u.Password, u.UserName
                FROM Users AS u
                WHERE u.UserName == @__userName_0
            ) AS u0
            LEFT JOIN Journals AS j ON u0.Id == j.UserId
            ORDER BY u0.Id ASC) | Resolver: c => new RelationalCommandCache(
            c.Dependencies.MemoryCache, 
            c.RelationalDependencies.QuerySqlGeneratorFactory, 
            c.RelationalDependencies.RelationalParameterBasedSqlProcessorFactory, 
            Client Projections:
                0 -> Dictionary<IProperty, int> { [Property: User.Id (int) Required PK AfterSave:Throw ValueGenerated.OnAdd, 0], [Property: User.Password (string) Required, 1], [Property: User.UserName (string) Required, 2] }
                1 -> 0
                2 -> Dictionary<IProperty, int> { [Property: Journal.Id (int) Required PK AfterSave:Throw ValueGenerated.OnAdd, 3], [Property: Journal.Content (string) Required, 4], [Property: Journal.Images (List<string>) Required Element type: string Required, 5], [Property: Journal.Title (string) Required, 6], [Property: Journal.UserId (int) Required FK Index, 7] }
                3 -> 3
            SELECT u0.Id, u0.Password, u0.UserName, j.Id, j.Content, j.Images, j.Title, j.UserId
            FROM 
            (
                SELECT TOP(1) u.Id, u.Password, u.UserName
                FROM Users AS u
                WHERE u.UserName == @__userName_0
            ) AS u0
            LEFT JOIN Journals AS j ON u0.Id == j.UserId
            ORDER BY u0.Id ASC, 
            False, 
            new HashSet<string>(
                new string[]{ }, 
                StringComparer.Ordinal
            )
        )].GetRelationalCommandTemplate(parameters), 
        readerColumns: null, 
        shaper: (queryContext, dataReader, resultContext, resultCoordinator) => 
        {
            resultContext.Values == null ? 
            {
                User entity;
                entity = 
                {
                    MaterializationContext materializationContext1;
                    IEntityType entityType1;
                    User instance1;
                    InternalEntityEntry entry1;
                    bool hasNullKey1;
                    materializationContext1 = new MaterializationContext(
                        [LIFTABLE Constant: ValueBuffer | Resolver: _ => (object)ValueBuffer.Empty], 
                        queryContext.Context
                    );
                    instance1 = default(User);
                    entry1 = queryContext.TryGetEntry(
                        key: [LIFTABLE Constant: Key: User.Id PK | Resolver: c => c.Dependencies.Model.FindEntityType("JournalApp.Domain.User.User").FindPrimaryKey()], 
                        keyValues: new object[]{ (object)dataReader.GetInt32(0) }, 
                        throwOnNullKey: True, 
                        hasNullKey: hasNullKey1);
                    !(hasNullKey1) ? entry1 != default(InternalEntityEntry) ? 
                    {
                        entityType1 = entry1.EntityType;
                        return instance1 = (User)entry1.Entity;
                    } : 
                    {
                        ISnapshot shadowSnapshot1;
                        shadowSnapshot1 = [LIFTABLE Constant: Snapshot | Resolver: _ => Snapshot.Empty];
                        entityType1 = [LIFTABLE Constant: EntityType: User | Resolver: namelessParameter{0} => namelessParameter{0}.Dependencies.Model.FindEntityType("JournalApp.Domain.User.User")];
                        instance1 = switch (entityType1)
                        {
                            case [LIFTABLE Constant: EntityType: User | Resolver: namelessParameter{1} => namelessParameter{1}.Dependencies.Model.FindEntityType("JournalApp.Domain.User.User")]: 
                                {
                                    return 
                                    {
                                        User instance;
                                        instance = new User();
                                        instance.<Id>k__BackingField = dataReader.GetInt32(0);
                                        instance.<Password>k__BackingField = dataReader.GetString(1);
                                        instance.<UserName>k__BackingField = dataReader.GetString(2);
                                        (instance is IInjectableService) ? ((IInjectableService)instance).Injected(
                                            context: materializationContext1.Context, 
                                            entity: instance, 
                                            queryTrackingBehavior: TrackAll, 
                                            structuralType: [LIFTABLE Constant: EntityType: User | Resolver: namelessParameter{2} => namelessParameter{2}.Dependencies.Model.FindEntityType("JournalApp.Domain.User.User")]) : default(void);
                                        return instance;
                                    }}
                            default: 
                                default(User)
                        }
                        ;
                        entry1 = entityType1 == default(IEntityType) ? default(InternalEntityEntry) : queryContext.StartTracking(
                            entityType: entityType1, 
                            entity: instance1, 
                            snapshot: shadowSnapshot1);
                        return instance1;
                    } : default(void);
                    return instance1;
                };
                resultContext.Values = new object[]{ entity };
                ShaperProcessingExpressionVisitor.InitializeIncludeCollection<User, User>(
                    collectionId: 0, 
                    queryContext: queryContext, 
                    dbDataReader: dataReader, 
                    resultCoordinator: resultCoordinator, 
                    entity: (User)(resultContext.Values[0]), 
                    parentIdentifier: [LIFTABLE Constant: Func<QueryContext, DbDataReader, object[]> | Resolver: _ => (queryContext, dataReader) => new object[]{ (object)(int?)dataReader.GetInt32(0) }], 
                    outerIdentifier: [LIFTABLE Constant: Func<QueryContext, DbDataReader, object[]> | Resolver: _ => (queryContext, dataReader) => new object[]{ (object)(int?)dataReader.GetInt32(0) }], 
                    navigation: [LIFTABLE Constant: Navigation: User.Journals (List<Journal>) Collection ToDependent Journal Inverse: User | Resolver: namelessParameter{3} => namelessParameter{3}.Dependencies.Model.FindEntityType("JournalApp.Domain.User.User").FindNavigation("Journals")], 
                    clrCollectionAccessor: [LIFTABLE Constant: ClrICollectionAccessor<User, List<Journal>, Journal> | Resolver: namelessParameter{4} => namelessParameter{4}.Dependencies.Model.FindEntityType("JournalApp.Domain.User.User").FindNavigation("Journals").GetCollectionAccessor()], 
                    trackingQuery: True, 
                    setLoaded: True);
            } : default(void);
            ShaperProcessingExpressionVisitor.PopulateIncludeCollection<User, Journal>(
                collectionId: 0, 
                queryContext: queryContext, 
                dbDataReader: dataReader, 
                resultCoordinator: resultCoordinator, 
                parentIdentifier: [LIFTABLE Constant: Func<QueryContext, DbDataReader, object[]> | Resolver: _ => (queryContext, dataReader) => new object[]{ (object)(int?)dataReader.GetInt32(0) }], 
                outerIdentifier: [LIFTABLE Constant: Func<QueryContext, DbDataReader, object[]> | Resolver: _ => (queryContext, dataReader) => new object[]{ (object)(int?)dataReader.GetInt32(0) }], 
                selfIdentifier: [LIFTABLE Constant: Func<QueryContext, DbDataReader, object[]> | Resolver: _ => (queryContext, dataReader) => new object[]{ (object)dataReader.IsDBNull(3) ? default(int?) : (int?)dataReader.GetInt32(3) }], 
                parentIdentifierValueComparers: [LIFTABLE Constant: Func<object, object, bool>[] { Func<object, object, bool> } | Resolver: _ => new Func<object, object, bool>[]{ (left, right) => left == null ? right == null : right != null && (int)left == (int)right }], 
                outerIdentifierValueComparers: [LIFTABLE Constant: Func<object, object, bool>[] { Func<object, object, bool> } | Resolver: _ => new Func<object, object, bool>[]{ (left, right) => left == null ? right == null : right != null && (int)left == (int)right }], 
                selfIdentifierValueComparers: [LIFTABLE Constant: Func<object, object, bool>[] { Func<object, object, bool> } | Resolver: _ => new Func<object, object, bool>[]{ (left, right) => left == null ? right == null : right != null && (int)left == (int)right }], 
                innerShaper: (queryContext, dataReader, resultContext, resultCoordinator) => 
                {
                    Journal entity;
                    entity = 
                    {
                        MaterializationContext materializationContext2;
                        IEntityType entityType2;
                        Journal instance2;
                        InternalEntityEntry entry2;
                        bool hasNullKey2;
                        materializationContext2 = new MaterializationContext(
                            [LIFTABLE Constant: ValueBuffer | Resolver: _ => (object)ValueBuffer.Empty], 
                            queryContext.Context
                        );
                        instance2 = default(Journal);
                        entry2 = queryContext.TryGetEntry(
                            key: [LIFTABLE Constant: Key: Journal.Id PK | Resolver: c => c.Dependencies.Model.FindEntityType("JournalApp.Domain.Journal.Journal").FindPrimaryKey()], 
                            keyValues: new object[]{ dataReader.IsDBNull(3) ? default(object) : (object)dataReader.GetInt32(3) }, 
                            throwOnNullKey: False, 
                            hasNullKey: hasNullKey2);
                        !(hasNullKey2) ? entry2 != default(InternalEntityEntry) ? 
                        {
                            entityType2 = entry2.EntityType;
                            return instance2 = (Journal)entry2.Entity;
                        } : 
                        {
                            ISnapshot shadowSnapshot2;
                            shadowSnapshot2 = [LIFTABLE Constant: Snapshot | Resolver: _ => Snapshot.Empty];
                            entityType2 = [LIFTABLE Constant: EntityType: Journal | Resolver: namelessParameter{5} => namelessParameter{5}.Dependencies.Model.FindEntityType("JournalApp.Domain.Journal.Journal")];
                            instance2 = switch (entityType2)
                            {
                                case [LIFTABLE Constant: EntityType: Journal | Resolver: namelessParameter{6} => namelessParameter{6}.Dependencies.Model.FindEntityType("JournalApp.Domain.Journal.Journal")]: 
                                    {
                                        return 
                                        {
                                            Journal instance;
                                            instance = new Journal();
                                            instance.<Id>k__BackingField = dataReader.IsDBNull(3) ? default(int) : dataReader.GetInt32(3);
                                            instance.<Content>k__BackingField = dataReader.IsDBNull(4) ? default(string) : dataReader.GetString(4);
                                            {
                                                List<string> namelessParameter{7};
                                                namelessParameter{7} = instance.<Images>k__BackingField;
                                                namelessParameter{7} == null || dataReader.IsDBNull(5) ? default(List<string>) : (List<string>)Invoke(((CollectionToJsonStringConverter<string>)((IReadOnlyProperty)[LIFTABLE Constant: Property: Journal.Images (List<string>) Required Element type: string Required | Resolver: namelessParameter{8} => namelessParameter{8}.Dependencies.Model.FindEntityType("JournalApp.Domain.Journal.Journal").FindProperty("Images")]).GetTypeMapping().Converter).ConvertFromProviderTyped, dataReader.GetString(5)) == null || namelessParameter{7}.IsReadOnly ? instance.<Images>k__BackingField = dataReader.IsDBNull(5) ? default(List<string>) : (List<string>)Invoke(((CollectionToJsonStringConverter<string>)((IReadOnlyProperty)[LIFTABLE Constant: Property: Journal.Images (List<string>) Required Element type: string Required | Resolver: namelessParameter{9} => namelessParameter{9}.Dependencies.Model.FindEntityType("JournalApp.Domain.Journal.Journal").FindProperty("Images")]).GetTypeMapping().Converter).ConvertFromProviderTyped, dataReader.GetString(5)) : EntityMaterializerSource.PopulateList<string>(
                                                    buffer: dataReader.IsDBNull(5) ? default(List<string>) : (List<string>)Invoke(((CollectionToJsonStringConverter<string>)((IReadOnlyProperty)[LIFTABLE Constant: Property: Journal.Images (List<string>) Required Element type: string Required | Resolver: namelessParameter{10} => namelessParameter{10}.Dependencies.Model.FindEntityType("JournalApp.Domain.Journal.Journal").FindProperty("Images")]).GetTypeMapping().Converter).ConvertFromProviderTyped, dataReader.GetString(5)), 
                                                    target: namelessParameter{7});
                                            }instance.<Title>k__BackingField = dataReader.IsDBNull(6) ? default(string) : dataReader.GetString(6);
                                            instance.<UserId>k__BackingField = dataReader.IsDBNull(7) ? default(int) : dataReader.GetInt32(7);
                                            (instance is IInjectableService) ? ((IInjectableService)instance).Injected(
                                                context: materializationContext2.Context, 
                                                entity: instance, 
                                                queryTrackingBehavior: TrackAll, 
                                                structuralType: [LIFTABLE Constant: EntityType: Journal | Resolver: namelessParameter{11} => namelessParameter{11}.Dependencies.Model.FindEntityType("JournalApp.Domain.Journal.Journal")]) : default(void);
                                            return instance;
                                        }}
                                default: 
                                    default(Journal)
                            }
                            ;
                            entry2 = entityType2 == default(IEntityType) ? default(InternalEntityEntry) : queryContext.StartTracking(
                                entityType: entityType2, 
                                entity: instance2, 
                                snapshot: shadowSnapshot2);
                            return instance2;
                        } : default(void);
                        return instance2;
                    };
                    return entity;
                }, 
                inverseNavigation: [LIFTABLE Constant: Navigation: Journal.User (User) ToPrincipal User Inverse: Journals | Resolver: namelessParameter{12} => namelessParameter{12}.Dependencies.Model.FindEntityType("JournalApp.Domain.Journal.Journal").FindNavigation("User")], 
                fixup: (namelessParameter{13}, namelessParameter{14}) => 
                {
                    [LIFTABLE Constant: ClrICollectionAccessor<User, List<Journal>, Journal> | Resolver: namelessParameter{15} => namelessParameter{15}.Dependencies.Model.FindEntityType("JournalApp.Domain.User.User").FindNavigation("Journals").GetCollectionAccessor()].Add(
                        entity: namelessParameter{13}, 
                        value: namelessParameter{14}, 
                        forMaterialization: True);
                    return namelessParameter{14}.<User>k__BackingField = namelessParameter{13};
                }, 
                trackingQuery: True);
            return IsTrue(resultCoordinator.ResultReady)
             ? (User)(resultContext.Values[0]) : default(User);
        }, 
        contextType: JournalApp.Infrastructure.JournalAppDbContext, 
        standAloneStateManager: False, 
        detailedErrorsEnabled: False, 
        threadSafetyChecksEnabled: True), 
    cancellationToken: queryContext.CancellationToken)'
2025-08-30 12:49:51.067 +03:00 [DBG] Creating DbConnection.
2025-08-30 12:49:51.074 +03:00 [DBG] Created DbConnection. (5ms).
2025-08-30 12:49:51.077 +03:00 [DBG] Opening connection to database 'main' on server '/Users/sgrancharov/dev/dotnet/JournalApp/JournalApp/JournalApp.Infrastructure/JournalApp.db'.
2025-08-30 12:49:51.084 +03:00 [DBG] Opened connection to database 'main' on server '/Users/sgrancharov/dev/dotnet/JournalApp/JournalApp/JournalApp.Infrastructure/JournalApp.db'.
2025-08-30 12:49:51.087 +03:00 [DBG] Creating DbCommand for 'ExecuteReader'.
2025-08-30 12:49:51.091 +03:00 [DBG] Created DbCommand for 'ExecuteReader' (1ms).
2025-08-30 12:49:51.092 +03:00 [DBG] Initialized DbCommand for 'ExecuteReader' (4ms).
2025-08-30 12:49:51.096 +03:00 [DBG] Executing DbCommand [Parameters=[@__userName_0='?' (Size = 3)], CommandType='"Text"', CommandTimeout='30']
SELECT "u0"."Id", "u0"."Password", "u0"."UserName", "j"."Id", "j"."Content", "j"."Images", "j"."Title", "j"."UserId"
FROM (
    SELECT "u"."Id", "u"."Password", "u"."UserName"
    FROM "Users" AS "u"
    WHERE "u"."UserName" = @__userName_0
    LIMIT 1
) AS "u0"
LEFT JOIN "Journals" AS "j" ON "u0"."Id" = "j"."UserId"
ORDER BY "u0"."Id"
2025-08-30 12:49:51.110 +03:00 [INF] Executed DbCommand (11ms) [Parameters=[@__userName_0='?' (Size = 3)], CommandType='"Text"', CommandTimeout='30']
SELECT "u0"."Id", "u0"."Password", "u0"."UserName", "j"."Id", "j"."Content", "j"."Images", "j"."Title", "j"."UserId"
FROM (
    SELECT "u"."Id", "u"."Password", "u"."UserName"
    FROM "Users" AS "u"
    WHERE "u"."UserName" = @__userName_0
    LIMIT 1
) AS "u0"
LEFT JOIN "Journals" AS "j" ON "u0"."Id" = "j"."UserId"
ORDER BY "u0"."Id"
2025-08-30 12:49:51.129 +03:00 [DBG] Context 'JournalAppDbContext' started tracking 'User' entity. Consider using 'DbContextOptionsBuilder.EnableSensitiveDataLogging' to see key values.
2025-08-30 12:49:51.149 +03:00 [DBG] Context 'JournalAppDbContext' started tracking 'Journal' entity. Consider using 'DbContextOptionsBuilder.EnableSensitiveDataLogging' to see key values.
2025-08-30 12:49:51.153 +03:00 [DBG] Context 'JournalAppDbContext' started tracking 'Journal' entity. Consider using 'DbContextOptionsBuilder.EnableSensitiveDataLogging' to see key values.
2025-08-30 12:49:51.155 +03:00 [DBG] Closing data reader to 'main' on server '/Users/sgrancharov/dev/dotnet/JournalApp/JournalApp/JournalApp.Infrastructure/JournalApp.db'.
2025-08-30 12:49:51.158 +03:00 [DBG] A data reader for 'main' on server '/Users/sgrancharov/dev/dotnet/JournalApp/JournalApp/JournalApp.Infrastructure/JournalApp.db' is being disposed after spending 44ms reading results.
2025-08-30 12:49:51.160 +03:00 [DBG] Closing connection to database 'main' on server '/Users/sgrancharov/dev/dotnet/JournalApp/JournalApp/JournalApp.Infrastructure/JournalApp.db'.
2025-08-30 12:49:51.162 +03:00 [DBG] Closed connection to database 'main' on server '/Users/sgrancharov/dev/dotnet/JournalApp/JournalApp/JournalApp.Infrastructure/JournalApp.db' (1ms).
2025-08-30 12:51:21.276 +03:00 [WRN] You do not have a valid license key for the Lucky Penny software AutoMapper. This is allowed for development and testing scenarios. If you are running in production you are required to have a licensed version. Please visit https://luckypennysoftware.com to obtain a valid license.
2025-08-30 12:51:26.243 +03:00 [DBG] An 'IServiceProvider' was created for internal use by Entity Framework.
2025-08-30 12:51:26.581 +03:00 [DBG] Entity Framework Core 9.0.7 initialized 'JournalAppDbContext' using provider 'Microsoft.EntityFrameworkCore.Sqlite:9.0.7' with options: None
2025-08-30 12:51:26.619 +03:00 [DBG] Compiling query expression: 
'DbSet<User>()
    .Include(u => u.Journals)
    .FirstOrDefault(u => u.UserName == __userName_0)'
2025-08-30 12:51:26.647 +03:00 [DBG] Including navigation: 'User.Journals'.
2025-08-30 12:51:26.795 +03:00 [DBG] Generated query execution expression: 
'queryContext => ShapedQueryCompilingExpressionVisitor.SingleOrDefaultAsync<User>(
    asyncEnumerable: SingleQueryingEnumerable.Create<User>(
        relationalQueryContext: (RelationalQueryContext)queryContext, 
        relationalCommandResolver: parameters => [LIFTABLE Constant: RelationalCommandCache.QueryExpression(
            Client Projections:
                0 -> Dictionary<IProperty, int> { [Property: User.Id (int) Required PK AfterSave:Throw ValueGenerated.OnAdd, 0], [Property: User.Password (string) Required, 1], [Property: User.UserName (string) Required, 2] }
                1 -> 0
                2 -> Dictionary<IProperty, int> { [Property: Journal.Id (int) Required PK AfterSave:Throw ValueGenerated.OnAdd, 3], [Property: Journal.Content (string) Required, 4], [Property: Journal.Images (List<string>) Required Element type: string Required, 5], [Property: Journal.Title (string) Required, 6], [Property: Journal.UserId (int) Required FK Index, 7] }
                3 -> 3
            SELECT u0.Id, u0.Password, u0.UserName, j.Id, j.Content, j.Images, j.Title, j.UserId
            FROM 
            (
                SELECT TOP(1) u.Id, u.Password, u.UserName
                FROM Users AS u
                WHERE u.UserName == @__userName_0
            ) AS u0
            LEFT JOIN Journals AS j ON u0.Id == j.UserId
            ORDER BY u0.Id ASC) | Resolver: c => new RelationalCommandCache(
            c.Dependencies.MemoryCache, 
            c.RelationalDependencies.QuerySqlGeneratorFactory, 
            c.RelationalDependencies.RelationalParameterBasedSqlProcessorFactory, 
            Client Projections:
                0 -> Dictionary<IProperty, int> { [Property: User.Id (int) Required PK AfterSave:Throw ValueGenerated.OnAdd, 0], [Property: User.Password (string) Required, 1], [Property: User.UserName (string) Required, 2] }
                1 -> 0
                2 -> Dictionary<IProperty, int> { [Property: Journal.Id (int) Required PK AfterSave:Throw ValueGenerated.OnAdd, 3], [Property: Journal.Content (string) Required, 4], [Property: Journal.Images (List<string>) Required Element type: string Required, 5], [Property: Journal.Title (string) Required, 6], [Property: Journal.UserId (int) Required FK Index, 7] }
                3 -> 3
            SELECT u0.Id, u0.Password, u0.UserName, j.Id, j.Content, j.Images, j.Title, j.UserId
            FROM 
            (
                SELECT TOP(1) u.Id, u.Password, u.UserName
                FROM Users AS u
                WHERE u.UserName == @__userName_0
            ) AS u0
            LEFT JOIN Journals AS j ON u0.Id == j.UserId
            ORDER BY u0.Id ASC, 
            False, 
            new HashSet<string>(
                new string[]{ }, 
                StringComparer.Ordinal
            )
        )].GetRelationalCommandTemplate(parameters), 
        readerColumns: null, 
        shaper: (queryContext, dataReader, resultContext, resultCoordinator) => 
        {
            resultContext.Values == null ? 
            {
                User entity;
                entity = 
                {
                    MaterializationContext materializationContext1;
                    IEntityType entityType1;
                    User instance1;
                    InternalEntityEntry entry1;
                    bool hasNullKey1;
                    materializationContext1 = new MaterializationContext(
                        [LIFTABLE Constant: ValueBuffer | Resolver: _ => (object)ValueBuffer.Empty], 
                        queryContext.Context
                    );
                    instance1 = default(User);
                    entry1 = queryContext.TryGetEntry(
                        key: [LIFTABLE Constant: Key: User.Id PK | Resolver: c => c.Dependencies.Model.FindEntityType("JournalApp.Domain.User.User").FindPrimaryKey()], 
                        keyValues: new object[]{ (object)dataReader.GetInt32(0) }, 
                        throwOnNullKey: True, 
                        hasNullKey: hasNullKey1);
                    !(hasNullKey1) ? entry1 != default(InternalEntityEntry) ? 
                    {
                        entityType1 = entry1.EntityType;
                        return instance1 = (User)entry1.Entity;
                    } : 
                    {
                        ISnapshot shadowSnapshot1;
                        shadowSnapshot1 = [LIFTABLE Constant: Snapshot | Resolver: _ => Snapshot.Empty];
                        entityType1 = [LIFTABLE Constant: EntityType: User | Resolver: namelessParameter{0} => namelessParameter{0}.Dependencies.Model.FindEntityType("JournalApp.Domain.User.User")];
                        instance1 = switch (entityType1)
                        {
                            case [LIFTABLE Constant: EntityType: User | Resolver: namelessParameter{1} => namelessParameter{1}.Dependencies.Model.FindEntityType("JournalApp.Domain.User.User")]: 
                                {
                                    return 
                                    {
                                        User instance;
                                        instance = new User();
                                        instance.<Id>k__BackingField = dataReader.GetInt32(0);
                                        instance.<Password>k__BackingField = dataReader.GetString(1);
                                        instance.<UserName>k__BackingField = dataReader.GetString(2);
                                        (instance is IInjectableService) ? ((IInjectableService)instance).Injected(
                                            context: materializationContext1.Context, 
                                            entity: instance, 
                                            queryTrackingBehavior: TrackAll, 
                                            structuralType: [LIFTABLE Constant: EntityType: User | Resolver: namelessParameter{2} => namelessParameter{2}.Dependencies.Model.FindEntityType("JournalApp.Domain.User.User")]) : default(void);
                                        return instance;
                                    }}
                            default: 
                                default(User)
                        }
                        ;
                        entry1 = entityType1 == default(IEntityType) ? default(InternalEntityEntry) : queryContext.StartTracking(
                            entityType: entityType1, 
                            entity: instance1, 
                            snapshot: shadowSnapshot1);
                        return instance1;
                    } : default(void);
                    return instance1;
                };
                resultContext.Values = new object[]{ entity };
                ShaperProcessingExpressionVisitor.InitializeIncludeCollection<User, User>(
                    collectionId: 0, 
                    queryContext: queryContext, 
                    dbDataReader: dataReader, 
                    resultCoordinator: resultCoordinator, 
                    entity: (User)(resultContext.Values[0]), 
                    parentIdentifier: [LIFTABLE Constant: Func<QueryContext, DbDataReader, object[]> | Resolver: _ => (queryContext, dataReader) => new object[]{ (object)(int?)dataReader.GetInt32(0) }], 
                    outerIdentifier: [LIFTABLE Constant: Func<QueryContext, DbDataReader, object[]> | Resolver: _ => (queryContext, dataReader) => new object[]{ (object)(int?)dataReader.GetInt32(0) }], 
                    navigation: [LIFTABLE Constant: Navigation: User.Journals (List<Journal>) Collection ToDependent Journal Inverse: User | Resolver: namelessParameter{3} => namelessParameter{3}.Dependencies.Model.FindEntityType("JournalApp.Domain.User.User").FindNavigation("Journals")], 
                    clrCollectionAccessor: [LIFTABLE Constant: ClrICollectionAccessor<User, List<Journal>, Journal> | Resolver: namelessParameter{4} => namelessParameter{4}.Dependencies.Model.FindEntityType("JournalApp.Domain.User.User").FindNavigation("Journals").GetCollectionAccessor()], 
                    trackingQuery: True, 
                    setLoaded: True);
            } : default(void);
            ShaperProcessingExpressionVisitor.PopulateIncludeCollection<User, Journal>(
                collectionId: 0, 
                queryContext: queryContext, 
                dbDataReader: dataReader, 
                resultCoordinator: resultCoordinator, 
                parentIdentifier: [LIFTABLE Constant: Func<QueryContext, DbDataReader, object[]> | Resolver: _ => (queryContext, dataReader) => new object[]{ (object)(int?)dataReader.GetInt32(0) }], 
                outerIdentifier: [LIFTABLE Constant: Func<QueryContext, DbDataReader, object[]> | Resolver: _ => (queryContext, dataReader) => new object[]{ (object)(int?)dataReader.GetInt32(0) }], 
                selfIdentifier: [LIFTABLE Constant: Func<QueryContext, DbDataReader, object[]> | Resolver: _ => (queryContext, dataReader) => new object[]{ (object)dataReader.IsDBNull(3) ? default(int?) : (int?)dataReader.GetInt32(3) }], 
                parentIdentifierValueComparers: [LIFTABLE Constant: Func<object, object, bool>[] { Func<object, object, bool> } | Resolver: _ => new Func<object, object, bool>[]{ (left, right) => left == null ? right == null : right != null && (int)left == (int)right }], 
                outerIdentifierValueComparers: [LIFTABLE Constant: Func<object, object, bool>[] { Func<object, object, bool> } | Resolver: _ => new Func<object, object, bool>[]{ (left, right) => left == null ? right == null : right != null && (int)left == (int)right }], 
                selfIdentifierValueComparers: [LIFTABLE Constant: Func<object, object, bool>[] { Func<object, object, bool> } | Resolver: _ => new Func<object, object, bool>[]{ (left, right) => left == null ? right == null : right != null && (int)left == (int)right }], 
                innerShaper: (queryContext, dataReader, resultContext, resultCoordinator) => 
                {
                    Journal entity;
                    entity = 
                    {
                        MaterializationContext materializationContext2;
                        IEntityType entityType2;
                        Journal instance2;
                        InternalEntityEntry entry2;
                        bool hasNullKey2;
                        materializationContext2 = new MaterializationContext(
                            [LIFTABLE Constant: ValueBuffer | Resolver: _ => (object)ValueBuffer.Empty], 
                            queryContext.Context
                        );
                        instance2 = default(Journal);
                        entry2 = queryContext.TryGetEntry(
                            key: [LIFTABLE Constant: Key: Journal.Id PK | Resolver: c => c.Dependencies.Model.FindEntityType("JournalApp.Domain.Journal.Journal").FindPrimaryKey()], 
                            keyValues: new object[]{ dataReader.IsDBNull(3) ? default(object) : (object)dataReader.GetInt32(3) }, 
                            throwOnNullKey: False, 
                            hasNullKey: hasNullKey2);
                        !(hasNullKey2) ? entry2 != default(InternalEntityEntry) ? 
                        {
                            entityType2 = entry2.EntityType;
                            return instance2 = (Journal)entry2.Entity;
                        } : 
                        {
                            ISnapshot shadowSnapshot2;
                            shadowSnapshot2 = [LIFTABLE Constant: Snapshot | Resolver: _ => Snapshot.Empty];
                            entityType2 = [LIFTABLE Constant: EntityType: Journal | Resolver: namelessParameter{5} => namelessParameter{5}.Dependencies.Model.FindEntityType("JournalApp.Domain.Journal.Journal")];
                            instance2 = switch (entityType2)
                            {
                                case [LIFTABLE Constant: EntityType: Journal | Resolver: namelessParameter{6} => namelessParameter{6}.Dependencies.Model.FindEntityType("JournalApp.Domain.Journal.Journal")]: 
                                    {
                                        return 
                                        {
                                            Journal instance;
                                            instance = new Journal();
                                            instance.<Id>k__BackingField = dataReader.IsDBNull(3) ? default(int) : dataReader.GetInt32(3);
                                            instance.<Content>k__BackingField = dataReader.IsDBNull(4) ? default(string) : dataReader.GetString(4);
                                            {
                                                List<string> namelessParameter{7};
                                                namelessParameter{7} = instance.<Images>k__BackingField;
                                                namelessParameter{7} == null || dataReader.IsDBNull(5) ? default(List<string>) : (List<string>)Invoke(((CollectionToJsonStringConverter<string>)((IReadOnlyProperty)[LIFTABLE Constant: Property: Journal.Images (List<string>) Required Element type: string Required | Resolver: namelessParameter{8} => namelessParameter{8}.Dependencies.Model.FindEntityType("JournalApp.Domain.Journal.Journal").FindProperty("Images")]).GetTypeMapping().Converter).ConvertFromProviderTyped, dataReader.GetString(5)) == null || namelessParameter{7}.IsReadOnly ? instance.<Images>k__BackingField = dataReader.IsDBNull(5) ? default(List<string>) : (List<string>)Invoke(((CollectionToJsonStringConverter<string>)((IReadOnlyProperty)[LIFTABLE Constant: Property: Journal.Images (List<string>) Required Element type: string Required | Resolver: namelessParameter{9} => namelessParameter{9}.Dependencies.Model.FindEntityType("JournalApp.Domain.Journal.Journal").FindProperty("Images")]).GetTypeMapping().Converter).ConvertFromProviderTyped, dataReader.GetString(5)) : EntityMaterializerSource.PopulateList<string>(
                                                    buffer: dataReader.IsDBNull(5) ? default(List<string>) : (List<string>)Invoke(((CollectionToJsonStringConverter<string>)((IReadOnlyProperty)[LIFTABLE Constant: Property: Journal.Images (List<string>) Required Element type: string Required | Resolver: namelessParameter{10} => namelessParameter{10}.Dependencies.Model.FindEntityType("JournalApp.Domain.Journal.Journal").FindProperty("Images")]).GetTypeMapping().Converter).ConvertFromProviderTyped, dataReader.GetString(5)), 
                                                    target: namelessParameter{7});
                                            }instance.<Title>k__BackingField = dataReader.IsDBNull(6) ? default(string) : dataReader.GetString(6);
                                            instance.<UserId>k__BackingField = dataReader.IsDBNull(7) ? default(int) : dataReader.GetInt32(7);
                                            (instance is IInjectableService) ? ((IInjectableService)instance).Injected(
                                                context: materializationContext2.Context, 
                                                entity: instance, 
                                                queryTrackingBehavior: TrackAll, 
                                                structuralType: [LIFTABLE Constant: EntityType: Journal | Resolver: namelessParameter{11} => namelessParameter{11}.Dependencies.Model.FindEntityType("JournalApp.Domain.Journal.Journal")]) : default(void);
                                            return instance;
                                        }}
                                default: 
                                    default(Journal)
                            }
                            ;
                            entry2 = entityType2 == default(IEntityType) ? default(InternalEntityEntry) : queryContext.StartTracking(
                                entityType: entityType2, 
                                entity: instance2, 
                                snapshot: shadowSnapshot2);
                            return instance2;
                        } : default(void);
                        return instance2;
                    };
                    return entity;
                }, 
                inverseNavigation: [LIFTABLE Constant: Navigation: Journal.User (User) ToPrincipal User Inverse: Journals | Resolver: namelessParameter{12} => namelessParameter{12}.Dependencies.Model.FindEntityType("JournalApp.Domain.Journal.Journal").FindNavigation("User")], 
                fixup: (namelessParameter{13}, namelessParameter{14}) => 
                {
                    [LIFTABLE Constant: ClrICollectionAccessor<User, List<Journal>, Journal> | Resolver: namelessParameter{15} => namelessParameter{15}.Dependencies.Model.FindEntityType("JournalApp.Domain.User.User").FindNavigation("Journals").GetCollectionAccessor()].Add(
                        entity: namelessParameter{13}, 
                        value: namelessParameter{14}, 
                        forMaterialization: True);
                    return namelessParameter{14}.<User>k__BackingField = namelessParameter{13};
                }, 
                trackingQuery: True);
            return IsTrue(resultCoordinator.ResultReady)
             ? (User)(resultContext.Values[0]) : default(User);
        }, 
        contextType: JournalApp.Infrastructure.JournalAppDbContext, 
        standAloneStateManager: False, 
        detailedErrorsEnabled: False, 
        threadSafetyChecksEnabled: True), 
    cancellationToken: queryContext.CancellationToken)'
2025-08-30 12:51:26.819 +03:00 [DBG] Creating DbConnection.
2025-08-30 12:51:26.826 +03:00 [DBG] Created DbConnection. (6ms).
2025-08-30 12:51:26.829 +03:00 [DBG] Opening connection to database 'main' on server '/Users/sgrancharov/dev/dotnet/JournalApp/JournalApp/JournalApp.Infrastructure/JournalApp.db'.
2025-08-30 12:51:26.836 +03:00 [DBG] Opened connection to database 'main' on server '/Users/sgrancharov/dev/dotnet/JournalApp/JournalApp/JournalApp.Infrastructure/JournalApp.db'.
2025-08-30 12:51:26.839 +03:00 [DBG] Creating DbCommand for 'ExecuteReader'.
2025-08-30 12:51:26.842 +03:00 [DBG] Created DbCommand for 'ExecuteReader' (1ms).
2025-08-30 12:51:26.844 +03:00 [DBG] Initialized DbCommand for 'ExecuteReader' (4ms).
2025-08-30 12:51:26.848 +03:00 [DBG] Executing DbCommand [Parameters=[@__userName_0='?' (Size = 3)], CommandType='"Text"', CommandTimeout='30']
SELECT "u0"."Id", "u0"."Password", "u0"."UserName", "j"."Id", "j"."Content", "j"."Images", "j"."Title", "j"."UserId"
FROM (
    SELECT "u"."Id", "u"."Password", "u"."UserName"
    FROM "Users" AS "u"
    WHERE "u"."UserName" = @__userName_0
    LIMIT 1
) AS "u0"
LEFT JOIN "Journals" AS "j" ON "u0"."Id" = "j"."UserId"
ORDER BY "u0"."Id"
2025-08-30 12:51:26.862 +03:00 [INF] Executed DbCommand (11ms) [Parameters=[@__userName_0='?' (Size = 3)], CommandType='"Text"', CommandTimeout='30']
SELECT "u0"."Id", "u0"."Password", "u0"."UserName", "j"."Id", "j"."Content", "j"."Images", "j"."Title", "j"."UserId"
FROM (
    SELECT "u"."Id", "u"."Password", "u"."UserName"
    FROM "Users" AS "u"
    WHERE "u"."UserName" = @__userName_0
    LIMIT 1
) AS "u0"
LEFT JOIN "Journals" AS "j" ON "u0"."Id" = "j"."UserId"
ORDER BY "u0"."Id"
2025-08-30 12:51:26.880 +03:00 [DBG] Context 'JournalAppDbContext' started tracking 'User' entity. Consider using 'DbContextOptionsBuilder.EnableSensitiveDataLogging' to see key values.
2025-08-30 12:51:26.900 +03:00 [DBG] Context 'JournalAppDbContext' started tracking 'Journal' entity. Consider using 'DbContextOptionsBuilder.EnableSensitiveDataLogging' to see key values.
2025-08-30 12:51:26.904 +03:00 [DBG] Context 'JournalAppDbContext' started tracking 'Journal' entity. Consider using 'DbContextOptionsBuilder.EnableSensitiveDataLogging' to see key values.
2025-08-30 12:51:26.906 +03:00 [DBG] Closing data reader to 'main' on server '/Users/sgrancharov/dev/dotnet/JournalApp/JournalApp/JournalApp.Infrastructure/JournalApp.db'.
2025-08-30 12:51:26.909 +03:00 [DBG] A data reader for 'main' on server '/Users/sgrancharov/dev/dotnet/JournalApp/JournalApp/JournalApp.Infrastructure/JournalApp.db' is being disposed after spending 43ms reading results.
2025-08-30 12:51:26.911 +03:00 [DBG] Closing connection to database 'main' on server '/Users/sgrancharov/dev/dotnet/JournalApp/JournalApp/JournalApp.Infrastructure/JournalApp.db'.
2025-08-30 12:51:26.912 +03:00 [DBG] Closed connection to database 'main' on server '/Users/sgrancharov/dev/dotnet/JournalApp/JournalApp/JournalApp.Infrastructure/JournalApp.db' (1ms).
2025-08-30 12:53:38.156 +03:00 [WRN] You do not have a valid license key for the Lucky Penny software AutoMapper. This is allowed for development and testing scenarios. If you are running in production you are required to have a licensed version. Please visit https://luckypennysoftware.com to obtain a valid license.
2025-08-30 12:53:42.268 +03:00 [DBG] An 'IServiceProvider' was created for internal use by Entity Framework.
2025-08-30 12:53:42.601 +03:00 [DBG] Entity Framework Core 9.0.7 initialized 'JournalAppDbContext' using provider 'Microsoft.EntityFrameworkCore.Sqlite:9.0.7' with options: None
2025-08-30 12:53:42.631 +03:00 [DBG] Compiling query expression: 
'DbSet<User>()
    .Include(u => u.Journals)
    .FirstOrDefault(u => u.UserName == __userName_0)'
2025-08-30 12:53:42.665 +03:00 [DBG] Including navigation: 'User.Journals'.
2025-08-30 12:53:42.804 +03:00 [DBG] Generated query execution expression: 
'queryContext => ShapedQueryCompilingExpressionVisitor.SingleOrDefaultAsync<User>(
    asyncEnumerable: SingleQueryingEnumerable.Create<User>(
        relationalQueryContext: (RelationalQueryContext)queryContext, 
        relationalCommandResolver: parameters => [LIFTABLE Constant: RelationalCommandCache.QueryExpression(
            Client Projections:
                0 -> Dictionary<IProperty, int> { [Property: User.Id (int) Required PK AfterSave:Throw ValueGenerated.OnAdd, 0], [Property: User.Password (string) Required, 1], [Property: User.UserName (string) Required, 2] }
                1 -> 0
                2 -> Dictionary<IProperty, int> { [Property: Journal.Id (int) Required PK AfterSave:Throw ValueGenerated.OnAdd, 3], [Property: Journal.Content (string) Required, 4], [Property: Journal.Images (List<string>) Required Element type: string Required, 5], [Property: Journal.Title (string) Required, 6], [Property: Journal.UserId (int) Required FK Index, 7] }
                3 -> 3
            SELECT u0.Id, u0.Password, u0.UserName, j.Id, j.Content, j.Images, j.Title, j.UserId
            FROM 
            (
                SELECT TOP(1) u.Id, u.Password, u.UserName
                FROM Users AS u
                WHERE u.UserName == @__userName_0
            ) AS u0
            LEFT JOIN Journals AS j ON u0.Id == j.UserId
            ORDER BY u0.Id ASC) | Resolver: c => new RelationalCommandCache(
            c.Dependencies.MemoryCache, 
            c.RelationalDependencies.QuerySqlGeneratorFactory, 
            c.RelationalDependencies.RelationalParameterBasedSqlProcessorFactory, 
            Client Projections:
                0 -> Dictionary<IProperty, int> { [Property: User.Id (int) Required PK AfterSave:Throw ValueGenerated.OnAdd, 0], [Property: User.Password (string) Required, 1], [Property: User.UserName (string) Required, 2] }
                1 -> 0
                2 -> Dictionary<IProperty, int> { [Property: Journal.Id (int) Required PK AfterSave:Throw ValueGenerated.OnAdd, 3], [Property: Journal.Content (string) Required, 4], [Property: Journal.Images (List<string>) Required Element type: string Required, 5], [Property: Journal.Title (string) Required, 6], [Property: Journal.UserId (int) Required FK Index, 7] }
                3 -> 3
            SELECT u0.Id, u0.Password, u0.UserName, j.Id, j.Content, j.Images, j.Title, j.UserId
            FROM 
            (
                SELECT TOP(1) u.Id, u.Password, u.UserName
                FROM Users AS u
                WHERE u.UserName == @__userName_0
            ) AS u0
            LEFT JOIN Journals AS j ON u0.Id == j.UserId
            ORDER BY u0.Id ASC, 
            False, 
            new HashSet<string>(
                new string[]{ }, 
                StringComparer.Ordinal
            )
        )].GetRelationalCommandTemplate(parameters), 
        readerColumns: null, 
        shaper: (queryContext, dataReader, resultContext, resultCoordinator) => 
        {
            resultContext.Values == null ? 
            {
                User entity;
                entity = 
                {
                    MaterializationContext materializationContext1;
                    IEntityType entityType1;
                    User instance1;
                    InternalEntityEntry entry1;
                    bool hasNullKey1;
                    materializationContext1 = new MaterializationContext(
                        [LIFTABLE Constant: ValueBuffer | Resolver: _ => (object)ValueBuffer.Empty], 
                        queryContext.Context
                    );
                    instance1 = default(User);
                    entry1 = queryContext.TryGetEntry(
                        key: [LIFTABLE Constant: Key: User.Id PK | Resolver: c => c.Dependencies.Model.FindEntityType("JournalApp.Domain.User.User").FindPrimaryKey()], 
                        keyValues: new object[]{ (object)dataReader.GetInt32(0) }, 
                        throwOnNullKey: True, 
                        hasNullKey: hasNullKey1);
                    !(hasNullKey1) ? entry1 != default(InternalEntityEntry) ? 
                    {
                        entityType1 = entry1.EntityType;
                        return instance1 = (User)entry1.Entity;
                    } : 
                    {
                        ISnapshot shadowSnapshot1;
                        shadowSnapshot1 = [LIFTABLE Constant: Snapshot | Resolver: _ => Snapshot.Empty];
                        entityType1 = [LIFTABLE Constant: EntityType: User | Resolver: namelessParameter{0} => namelessParameter{0}.Dependencies.Model.FindEntityType("JournalApp.Domain.User.User")];
                        instance1 = switch (entityType1)
                        {
                            case [LIFTABLE Constant: EntityType: User | Resolver: namelessParameter{1} => namelessParameter{1}.Dependencies.Model.FindEntityType("JournalApp.Domain.User.User")]: 
                                {
                                    return 
                                    {
                                        User instance;
                                        instance = new User();
                                        instance.<Id>k__BackingField = dataReader.GetInt32(0);
                                        instance.<Password>k__BackingField = dataReader.GetString(1);
                                        instance.<UserName>k__BackingField = dataReader.GetString(2);
                                        (instance is IInjectableService) ? ((IInjectableService)instance).Injected(
                                            context: materializationContext1.Context, 
                                            entity: instance, 
                                            queryTrackingBehavior: TrackAll, 
                                            structuralType: [LIFTABLE Constant: EntityType: User | Resolver: namelessParameter{2} => namelessParameter{2}.Dependencies.Model.FindEntityType("JournalApp.Domain.User.User")]) : default(void);
                                        return instance;
                                    }}
                            default: 
                                default(User)
                        }
                        ;
                        entry1 = entityType1 == default(IEntityType) ? default(InternalEntityEntry) : queryContext.StartTracking(
                            entityType: entityType1, 
                            entity: instance1, 
                            snapshot: shadowSnapshot1);
                        return instance1;
                    } : default(void);
                    return instance1;
                };
                resultContext.Values = new object[]{ entity };
                ShaperProcessingExpressionVisitor.InitializeIncludeCollection<User, User>(
                    collectionId: 0, 
                    queryContext: queryContext, 
                    dbDataReader: dataReader, 
                    resultCoordinator: resultCoordinator, 
                    entity: (User)(resultContext.Values[0]), 
                    parentIdentifier: [LIFTABLE Constant: Func<QueryContext, DbDataReader, object[]> | Resolver: _ => (queryContext, dataReader) => new object[]{ (object)(int?)dataReader.GetInt32(0) }], 
                    outerIdentifier: [LIFTABLE Constant: Func<QueryContext, DbDataReader, object[]> | Resolver: _ => (queryContext, dataReader) => new object[]{ (object)(int?)dataReader.GetInt32(0) }], 
                    navigation: [LIFTABLE Constant: Navigation: User.Journals (List<Journal>) Collection ToDependent Journal Inverse: User | Resolver: namelessParameter{3} => namelessParameter{3}.Dependencies.Model.FindEntityType("JournalApp.Domain.User.User").FindNavigation("Journals")], 
                    clrCollectionAccessor: [LIFTABLE Constant: ClrICollectionAccessor<User, List<Journal>, Journal> | Resolver: namelessParameter{4} => namelessParameter{4}.Dependencies.Model.FindEntityType("JournalApp.Domain.User.User").FindNavigation("Journals").GetCollectionAccessor()], 
                    trackingQuery: True, 
                    setLoaded: True);
            } : default(void);
            ShaperProcessingExpressionVisitor.PopulateIncludeCollection<User, Journal>(
                collectionId: 0, 
                queryContext: queryContext, 
                dbDataReader: dataReader, 
                resultCoordinator: resultCoordinator, 
                parentIdentifier: [LIFTABLE Constant: Func<QueryContext, DbDataReader, object[]> | Resolver: _ => (queryContext, dataReader) => new object[]{ (object)(int?)dataReader.GetInt32(0) }], 
                outerIdentifier: [LIFTABLE Constant: Func<QueryContext, DbDataReader, object[]> | Resolver: _ => (queryContext, dataReader) => new object[]{ (object)(int?)dataReader.GetInt32(0) }], 
                selfIdentifier: [LIFTABLE Constant: Func<QueryContext, DbDataReader, object[]> | Resolver: _ => (queryContext, dataReader) => new object[]{ (object)dataReader.IsDBNull(3) ? default(int?) : (int?)dataReader.GetInt32(3) }], 
                parentIdentifierValueComparers: [LIFTABLE Constant: Func<object, object, bool>[] { Func<object, object, bool> } | Resolver: _ => new Func<object, object, bool>[]{ (left, right) => left == null ? right == null : right != null && (int)left == (int)right }], 
                outerIdentifierValueComparers: [LIFTABLE Constant: Func<object, object, bool>[] { Func<object, object, bool> } | Resolver: _ => new Func<object, object, bool>[]{ (left, right) => left == null ? right == null : right != null && (int)left == (int)right }], 
                selfIdentifierValueComparers: [LIFTABLE Constant: Func<object, object, bool>[] { Func<object, object, bool> } | Resolver: _ => new Func<object, object, bool>[]{ (left, right) => left == null ? right == null : right != null && (int)left == (int)right }], 
                innerShaper: (queryContext, dataReader, resultContext, resultCoordinator) => 
                {
                    Journal entity;
                    entity = 
                    {
                        MaterializationContext materializationContext2;
                        IEntityType entityType2;
                        Journal instance2;
                        InternalEntityEntry entry2;
                        bool hasNullKey2;
                        materializationContext2 = new MaterializationContext(
                            [LIFTABLE Constant: ValueBuffer | Resolver: _ => (object)ValueBuffer.Empty], 
                            queryContext.Context
                        );
                        instance2 = default(Journal);
                        entry2 = queryContext.TryGetEntry(
                            key: [LIFTABLE Constant: Key: Journal.Id PK | Resolver: c => c.Dependencies.Model.FindEntityType("JournalApp.Domain.Journal.Journal").FindPrimaryKey()], 
                            keyValues: new object[]{ dataReader.IsDBNull(3) ? default(object) : (object)dataReader.GetInt32(3) }, 
                            throwOnNullKey: False, 
                            hasNullKey: hasNullKey2);
                        !(hasNullKey2) ? entry2 != default(InternalEntityEntry) ? 
                        {
                            entityType2 = entry2.EntityType;
                            return instance2 = (Journal)entry2.Entity;
                        } : 
                        {
                            ISnapshot shadowSnapshot2;
                            shadowSnapshot2 = [LIFTABLE Constant: Snapshot | Resolver: _ => Snapshot.Empty];
                            entityType2 = [LIFTABLE Constant: EntityType: Journal | Resolver: namelessParameter{5} => namelessParameter{5}.Dependencies.Model.FindEntityType("JournalApp.Domain.Journal.Journal")];
                            instance2 = switch (entityType2)
                            {
                                case [LIFTABLE Constant: EntityType: Journal | Resolver: namelessParameter{6} => namelessParameter{6}.Dependencies.Model.FindEntityType("JournalApp.Domain.Journal.Journal")]: 
                                    {
                                        return 
                                        {
                                            Journal instance;
                                            instance = new Journal();
                                            instance.<Id>k__BackingField = dataReader.IsDBNull(3) ? default(int) : dataReader.GetInt32(3);
                                            instance.<Content>k__BackingField = dataReader.IsDBNull(4) ? default(string) : dataReader.GetString(4);
                                            {
                                                List<string> namelessParameter{7};
                                                namelessParameter{7} = instance.<Images>k__BackingField;
                                                namelessParameter{7} == null || dataReader.IsDBNull(5) ? default(List<string>) : (List<string>)Invoke(((CollectionToJsonStringConverter<string>)((IReadOnlyProperty)[LIFTABLE Constant: Property: Journal.Images (List<string>) Required Element type: string Required | Resolver: namelessParameter{8} => namelessParameter{8}.Dependencies.Model.FindEntityType("JournalApp.Domain.Journal.Journal").FindProperty("Images")]).GetTypeMapping().Converter).ConvertFromProviderTyped, dataReader.GetString(5)) == null || namelessParameter{7}.IsReadOnly ? instance.<Images>k__BackingField = dataReader.IsDBNull(5) ? default(List<string>) : (List<string>)Invoke(((CollectionToJsonStringConverter<string>)((IReadOnlyProperty)[LIFTABLE Constant: Property: Journal.Images (List<string>) Required Element type: string Required | Resolver: namelessParameter{9} => namelessParameter{9}.Dependencies.Model.FindEntityType("JournalApp.Domain.Journal.Journal").FindProperty("Images")]).GetTypeMapping().Converter).ConvertFromProviderTyped, dataReader.GetString(5)) : EntityMaterializerSource.PopulateList<string>(
                                                    buffer: dataReader.IsDBNull(5) ? default(List<string>) : (List<string>)Invoke(((CollectionToJsonStringConverter<string>)((IReadOnlyProperty)[LIFTABLE Constant: Property: Journal.Images (List<string>) Required Element type: string Required | Resolver: namelessParameter{10} => namelessParameter{10}.Dependencies.Model.FindEntityType("JournalApp.Domain.Journal.Journal").FindProperty("Images")]).GetTypeMapping().Converter).ConvertFromProviderTyped, dataReader.GetString(5)), 
                                                    target: namelessParameter{7});
                                            }instance.<Title>k__BackingField = dataReader.IsDBNull(6) ? default(string) : dataReader.GetString(6);
                                            instance.<UserId>k__BackingField = dataReader.IsDBNull(7) ? default(int) : dataReader.GetInt32(7);
                                            (instance is IInjectableService) ? ((IInjectableService)instance).Injected(
                                                context: materializationContext2.Context, 
                                                entity: instance, 
                                                queryTrackingBehavior: TrackAll, 
                                                structuralType: [LIFTABLE Constant: EntityType: Journal | Resolver: namelessParameter{11} => namelessParameter{11}.Dependencies.Model.FindEntityType("JournalApp.Domain.Journal.Journal")]) : default(void);
                                            return instance;
                                        }}
                                default: 
                                    default(Journal)
                            }
                            ;
                            entry2 = entityType2 == default(IEntityType) ? default(InternalEntityEntry) : queryContext.StartTracking(
                                entityType: entityType2, 
                                entity: instance2, 
                                snapshot: shadowSnapshot2);
                            return instance2;
                        } : default(void);
                        return instance2;
                    };
                    return entity;
                }, 
                inverseNavigation: [LIFTABLE Constant: Navigation: Journal.User (User) ToPrincipal User Inverse: Journals | Resolver: namelessParameter{12} => namelessParameter{12}.Dependencies.Model.FindEntityType("JournalApp.Domain.Journal.Journal").FindNavigation("User")], 
                fixup: (namelessParameter{13}, namelessParameter{14}) => 
                {
                    [LIFTABLE Constant: ClrICollectionAccessor<User, List<Journal>, Journal> | Resolver: namelessParameter{15} => namelessParameter{15}.Dependencies.Model.FindEntityType("JournalApp.Domain.User.User").FindNavigation("Journals").GetCollectionAccessor()].Add(
                        entity: namelessParameter{13}, 
                        value: namelessParameter{14}, 
                        forMaterialization: True);
                    return namelessParameter{14}.<User>k__BackingField = namelessParameter{13};
                }, 
                trackingQuery: True);
            return IsTrue(resultCoordinator.ResultReady)
             ? (User)(resultContext.Values[0]) : default(User);
        }, 
        contextType: JournalApp.Infrastructure.JournalAppDbContext, 
        standAloneStateManager: False, 
        detailedErrorsEnabled: False, 
        threadSafetyChecksEnabled: True), 
    cancellationToken: queryContext.CancellationToken)'
2025-08-30 12:53:42.827 +03:00 [DBG] Creating DbConnection.
2025-08-30 12:53:42.834 +03:00 [DBG] Created DbConnection. (5ms).
2025-08-30 12:53:42.836 +03:00 [DBG] Opening connection to database 'main' on server '/Users/sgrancharov/dev/dotnet/JournalApp/JournalApp/JournalApp.Infrastructure/JournalApp.db'.
2025-08-30 12:53:42.843 +03:00 [DBG] Opened connection to database 'main' on server '/Users/sgrancharov/dev/dotnet/JournalApp/JournalApp/JournalApp.Infrastructure/JournalApp.db'.
2025-08-30 12:53:42.846 +03:00 [DBG] Creating DbCommand for 'ExecuteReader'.
2025-08-30 12:53:42.850 +03:00 [DBG] Created DbCommand for 'ExecuteReader' (1ms).
2025-08-30 12:53:42.851 +03:00 [DBG] Initialized DbCommand for 'ExecuteReader' (5ms).
2025-08-30 12:53:42.856 +03:00 [DBG] Executing DbCommand [Parameters=[@__userName_0='?' (Size = 3)], CommandType='"Text"', CommandTimeout='30']
SELECT "u0"."Id", "u0"."Password", "u0"."UserName", "j"."Id", "j"."Content", "j"."Images", "j"."Title", "j"."UserId"
FROM (
    SELECT "u"."Id", "u"."Password", "u"."UserName"
    FROM "Users" AS "u"
    WHERE "u"."UserName" = @__userName_0
    LIMIT 1
) AS "u0"
LEFT JOIN "Journals" AS "j" ON "u0"."Id" = "j"."UserId"
ORDER BY "u0"."Id"
2025-08-30 12:53:42.870 +03:00 [INF] Executed DbCommand (12ms) [Parameters=[@__userName_0='?' (Size = 3)], CommandType='"Text"', CommandTimeout='30']
SELECT "u0"."Id", "u0"."Password", "u0"."UserName", "j"."Id", "j"."Content", "j"."Images", "j"."Title", "j"."UserId"
FROM (
    SELECT "u"."Id", "u"."Password", "u"."UserName"
    FROM "Users" AS "u"
    WHERE "u"."UserName" = @__userName_0
    LIMIT 1
) AS "u0"
LEFT JOIN "Journals" AS "j" ON "u0"."Id" = "j"."UserId"
ORDER BY "u0"."Id"
2025-08-30 12:53:42.888 +03:00 [DBG] Context 'JournalAppDbContext' started tracking 'User' entity. Consider using 'DbContextOptionsBuilder.EnableSensitiveDataLogging' to see key values.
2025-08-30 12:53:42.908 +03:00 [DBG] Context 'JournalAppDbContext' started tracking 'Journal' entity. Consider using 'DbContextOptionsBuilder.EnableSensitiveDataLogging' to see key values.
2025-08-30 12:53:42.912 +03:00 [DBG] Context 'JournalAppDbContext' started tracking 'Journal' entity. Consider using 'DbContextOptionsBuilder.EnableSensitiveDataLogging' to see key values.
2025-08-30 12:53:42.914 +03:00 [DBG] Closing data reader to 'main' on server '/Users/sgrancharov/dev/dotnet/JournalApp/JournalApp/JournalApp.Infrastructure/JournalApp.db'.
2025-08-30 12:53:42.917 +03:00 [DBG] A data reader for 'main' on server '/Users/sgrancharov/dev/dotnet/JournalApp/JournalApp/JournalApp.Infrastructure/JournalApp.db' is being disposed after spending 43ms reading results.
2025-08-30 12:53:42.919 +03:00 [DBG] Closing connection to database 'main' on server '/Users/sgrancharov/dev/dotnet/JournalApp/JournalApp/JournalApp.Infrastructure/JournalApp.db'.
2025-08-30 12:53:42.920 +03:00 [DBG] Closed connection to database 'main' on server '/Users/sgrancharov/dev/dotnet/JournalApp/JournalApp/JournalApp.Infrastructure/JournalApp.db' (1ms).
