2025-07-15 14:32:10.093 +03:00 [DBG] An 'IServiceProvider' was created for internal use by Entity Framework.
2025-07-15 14:32:15.285 +03:00 [DBG] Entity Framework Core 9.0.7 initialized 'JournalAppDbContext' using provider 'Microsoft.EntityFrameworkCore.Sqlite:9.0.7' with options: None
2025-07-15 14:32:15.313 +03:00 [DBG] Compiling query expression: 
'DbSet<User>()
    .FirstOrDefault(u => u.UserName == __userName_0)'
2025-07-15 14:32:15.522 +03:00 [DBG] Generated query execution expression: 
'queryContext => SingleQueryingEnumerable.Create<User>(
    relationalQueryContext: (RelationalQueryContext)queryContext, 
    relationalCommandResolver: parameters => [LIFTABLE Constant: RelationalCommandCache.QueryExpression(
        Projection Mapping:
            EmptyProjectionMember -> Dictionary<IProperty, int> { [Property: User.Id (int) Required PK AfterSave:Throw ValueGenerated.OnAdd, 0], [Property: User.Password (string) Required, 1], [Property: User.UserName (string) Required, 2] }
        SELECT TOP(1) u.Id, u.Password, u.UserName
        FROM Users AS u
        WHERE u.UserName == @__userName_0) | Resolver: c => new RelationalCommandCache(
        c.Dependencies.MemoryCache, 
        c.RelationalDependencies.QuerySqlGeneratorFactory, 
        c.RelationalDependencies.RelationalParameterBasedSqlProcessorFactory, 
        Projection Mapping:
            EmptyProjectionMember -> Dictionary<IProperty, int> { [Property: User.Id (int) Required PK AfterSave:Throw ValueGenerated.OnAdd, 0], [Property: User.Password (string) Required, 1], [Property: User.UserName (string) Required, 2] }
        SELECT TOP(1) u.Id, u.Password, u.UserName
        FROM Users AS u
        WHERE u.UserName == @__userName_0, 
        False, 
        new HashSet<string>(
            new string[]{ }, 
            StringComparer.Ordinal
        )
    )].GetRelationalCommandTemplate(parameters), 
    readerColumns: null, 
    shaper: (queryContext, dataReader, resultContext, resultCoordinator) => 
    {
        User entity;
        entity = 
        {
            MaterializationContext materializationContext1;
            IEntityType entityType1;
            User instance1;
            InternalEntityEntry entry1;
            bool hasNullKey1;
            materializationContext1 = new MaterializationContext(
                [LIFTABLE Constant: ValueBuffer | Resolver: _ => (object)ValueBuffer.Empty], 
                queryContext.Context
            );
            instance1 = default(User);
            entry1 = queryContext.TryGetEntry(
                key: [LIFTABLE Constant: Key: User.Id PK | Resolver: c => c.Dependencies.Model.FindEntityType("JournalApp.Domain.User.User").FindPrimaryKey()], 
                keyValues: new object[]{ (object)dataReader.GetInt32(0) }, 
                throwOnNullKey: True, 
                hasNullKey: hasNullKey1);
            !(hasNullKey1) ? entry1 != default(InternalEntityEntry) ? 
            {
                entityType1 = entry1.EntityType;
                return instance1 = (User)entry1.Entity;
            } : 
            {
                ISnapshot shadowSnapshot1;
                shadowSnapshot1 = [LIFTABLE Constant: Snapshot | Resolver: _ => Snapshot.Empty];
                entityType1 = [LIFTABLE Constant: EntityType: User | Resolver: namelessParameter{0} => namelessParameter{0}.Dependencies.Model.FindEntityType("JournalApp.Domain.User.User")];
                instance1 = switch (entityType1)
                {
                    case [LIFTABLE Constant: EntityType: User | Resolver: namelessParameter{1} => namelessParameter{1}.Dependencies.Model.FindEntityType("JournalApp.Domain.User.User")]: 
                        {
                            return 
                            {
                                User instance;
                                instance = new User();
                                instance.<Id>k__BackingField = dataReader.GetInt32(0);
                                instance.<Password>k__BackingField = dataReader.GetString(1);
                                instance.<UserName>k__BackingField = dataReader.GetString(2);
                                (instance is IInjectableService) ? ((IInjectableService)instance).Injected(
                                    context: materializationContext1.Context, 
                                    entity: instance, 
                                    queryTrackingBehavior: TrackAll, 
                                    structuralType: [LIFTABLE Constant: EntityType: User | Resolver: namelessParameter{2} => namelessParameter{2}.Dependencies.Model.FindEntityType("JournalApp.Domain.User.User")]) : default(void);
                                return instance;
                            }}
                    default: 
                        default(User)
                }
                ;
                entry1 = entityType1 == default(IEntityType) ? default(InternalEntityEntry) : queryContext.StartTracking(
                    entityType: entityType1, 
                    entity: instance1, 
                    snapshot: shadowSnapshot1);
                return instance1;
            } : default(void);
            return instance1;
        };
        return entity;
    }, 
    contextType: JournalApp.Infrastructure.JournalAppDbContext, 
    standAloneStateManager: False, 
    detailedErrorsEnabled: False, 
    threadSafetyChecksEnabled: True)
    .SingleOrDefault()'
2025-07-15 14:32:15.545 +03:00 [DBG] Creating DbConnection.
2025-07-15 14:32:15.555 +03:00 [DBG] Created DbConnection. (7ms).
2025-07-15 14:32:15.558 +03:00 [DBG] Opening connection to database 'main' on server '/Users/sgrancharov/dev/dotnet/JournalApp/JournalApp/JournalApp.Infrastructure/JournalApp.db'.
2025-07-15 14:32:15.569 +03:00 [DBG] Opened connection to database 'main' on server '/Users/sgrancharov/dev/dotnet/JournalApp/JournalApp/JournalApp.Infrastructure/JournalApp.db'.
2025-07-15 14:32:15.884 +03:00 [DBG] Creating DbCommand for 'ExecuteReader'.
2025-07-15 14:32:15.888 +03:00 [DBG] Created DbCommand for 'ExecuteReader' (4ms).
2025-07-15 14:32:15.891 +03:00 [DBG] Initialized DbCommand for 'ExecuteReader' (9ms).
2025-07-15 14:32:15.896 +03:00 [DBG] Executing DbCommand [Parameters=[@__userName_0='?' (Size = 3)], CommandType='"Text"', CommandTimeout='30']
SELECT "u"."Id", "u"."Password", "u"."UserName"
FROM "Users" AS "u"
WHERE "u"."UserName" = @__userName_0
LIMIT 1
2025-07-15 14:32:15.916 +03:00 [INF] Executed DbCommand (16ms) [Parameters=[@__userName_0='?' (Size = 3)], CommandType='"Text"', CommandTimeout='30']
SELECT "u"."Id", "u"."Password", "u"."UserName"
FROM "Users" AS "u"
WHERE "u"."UserName" = @__userName_0
LIMIT 1
2025-07-15 14:32:15.919 +03:00 [DBG] Closing data reader to 'main' on server '/Users/sgrancharov/dev/dotnet/JournalApp/JournalApp/JournalApp.Infrastructure/JournalApp.db'.
2025-07-15 14:32:15.924 +03:00 [DBG] A data reader for 'main' on server '/Users/sgrancharov/dev/dotnet/JournalApp/JournalApp/JournalApp.Infrastructure/JournalApp.db' is being disposed after spending 2ms reading results.
2025-07-15 14:32:15.925 +03:00 [DBG] Closing connection to database 'main' on server '/Users/sgrancharov/dev/dotnet/JournalApp/JournalApp/JournalApp.Infrastructure/JournalApp.db'.
2025-07-15 14:32:15.927 +03:00 [DBG] Closed connection to database 'main' on server '/Users/sgrancharov/dev/dotnet/JournalApp/JournalApp/JournalApp.Infrastructure/JournalApp.db' (2ms).
2025-07-15 14:32:42.086 +03:00 [DBG] An 'IServiceProvider' was created for internal use by Entity Framework.
2025-07-15 14:32:46.837 +03:00 [DBG] Entity Framework Core 9.0.7 initialized 'JournalAppDbContext' using provider 'Microsoft.EntityFrameworkCore.Sqlite:9.0.7' with options: None
2025-07-15 14:32:46.865 +03:00 [DBG] 'JournalAppDbContext' generated a temporary value for the property 'User.Id'. Consider using 'DbContextOptionsBuilder.EnableSensitiveDataLogging' to see key values.
2025-07-15 14:32:46.904 +03:00 [DBG] Context 'JournalAppDbContext' started tracking 'User' entity. Consider using 'DbContextOptionsBuilder.EnableSensitiveDataLogging' to see key values.
2025-07-15 14:32:46.909 +03:00 [DBG] SaveChanges starting for 'JournalAppDbContext'.
2025-07-15 14:32:46.911 +03:00 [DBG] DetectChanges starting for 'JournalAppDbContext'.
2025-07-15 14:32:46.916 +03:00 [DBG] DetectChanges completed for 'JournalAppDbContext'.
2025-07-15 14:32:47.004 +03:00 [DBG] Creating DbConnection.
2025-07-15 14:32:47.014 +03:00 [DBG] Created DbConnection. (8ms).
2025-07-15 14:32:47.018 +03:00 [DBG] Opening connection to database 'main' on server '/Users/sgrancharov/dev/dotnet/JournalApp/JournalApp/JournalApp.Infrastructure/JournalApp.db'.
2025-07-15 14:32:47.028 +03:00 [DBG] Opened connection to database 'main' on server '/Users/sgrancharov/dev/dotnet/JournalApp/JournalApp/JournalApp.Infrastructure/JournalApp.db'.
2025-07-15 14:32:47.035 +03:00 [DBG] Creating DbCommand for 'ExecuteReader'.
2025-07-15 14:32:47.040 +03:00 [DBG] Created DbCommand for 'ExecuteReader' (1ms).
2025-07-15 14:32:47.043 +03:00 [DBG] Initialized DbCommand for 'ExecuteReader' (7ms).
2025-07-15 14:32:47.049 +03:00 [DBG] Executing DbCommand [Parameters=[@p0='?' (Size = 60), @p1='?' (Size = 3)], CommandType='"Text"', CommandTimeout='30']
INSERT INTO "Users" ("Password", "UserName")
VALUES (@p0, @p1)
RETURNING "Id";
2025-07-15 14:32:47.070 +03:00 [INF] Executed DbCommand (17ms) [Parameters=[@p0='?' (Size = 60), @p1='?' (Size = 3)], CommandType='"Text"', CommandTimeout='30']
INSERT INTO "Users" ("Password", "UserName")
VALUES (@p0, @p1)
RETURNING "Id";
2025-07-15 14:32:47.082 +03:00 [DBG] The foreign key property 'User.Id' was detected as changed. Consider using 'DbContextOptionsBuilder.EnableSensitiveDataLogging' to see property values.
2025-07-15 14:32:47.088 +03:00 [DBG] Closing data reader to 'main' on server '/Users/sgrancharov/dev/dotnet/JournalApp/JournalApp/JournalApp.Infrastructure/JournalApp.db'.
2025-07-15 14:32:47.093 +03:00 [DBG] A data reader for 'main' on server '/Users/sgrancharov/dev/dotnet/JournalApp/JournalApp/JournalApp.Infrastructure/JournalApp.db' is being disposed after spending 18ms reading results.
2025-07-15 14:32:47.096 +03:00 [DBG] Closing connection to database 'main' on server '/Users/sgrancharov/dev/dotnet/JournalApp/JournalApp/JournalApp.Infrastructure/JournalApp.db'.
2025-07-15 14:32:47.098 +03:00 [DBG] Closed connection to database 'main' on server '/Users/sgrancharov/dev/dotnet/JournalApp/JournalApp/JournalApp.Infrastructure/JournalApp.db' (2ms).
2025-07-15 14:32:47.105 +03:00 [DBG] An entity of type 'User' tracked by 'JournalAppDbContext' changed state from '"Added"' to '"Unchanged"'. Consider using 'DbContextOptionsBuilder.EnableSensitiveDataLogging' to see key values.
2025-07-15 14:32:47.106 +03:00 [DBG] SaveChanges completed for 'JournalAppDbContext' with 1 entities written to the database.
2025-07-15 14:32:51.229 +03:00 [DBG] Compiling query expression: 
'DbSet<User>()
    .FirstOrDefault(u => u.UserName == __userName_0)'
2025-07-15 14:32:51.373 +03:00 [DBG] Generated query execution expression: 
'queryContext => SingleQueryingEnumerable.Create<User>(
    relationalQueryContext: (RelationalQueryContext)queryContext, 
    relationalCommandResolver: parameters => [LIFTABLE Constant: RelationalCommandCache.QueryExpression(
        Projection Mapping:
            EmptyProjectionMember -> Dictionary<IProperty, int> { [Property: User.Id (int) Required PK AfterSave:Throw ValueGenerated.OnAdd, 0], [Property: User.Password (string) Required, 1], [Property: User.UserName (string) Required, 2] }
        SELECT TOP(1) u.Id, u.Password, u.UserName
        FROM Users AS u
        WHERE u.UserName == @__userName_0) | Resolver: c => new RelationalCommandCache(
        c.Dependencies.MemoryCache, 
        c.RelationalDependencies.QuerySqlGeneratorFactory, 
        c.RelationalDependencies.RelationalParameterBasedSqlProcessorFactory, 
        Projection Mapping:
            EmptyProjectionMember -> Dictionary<IProperty, int> { [Property: User.Id (int) Required PK AfterSave:Throw ValueGenerated.OnAdd, 0], [Property: User.Password (string) Required, 1], [Property: User.UserName (string) Required, 2] }
        SELECT TOP(1) u.Id, u.Password, u.UserName
        FROM Users AS u
        WHERE u.UserName == @__userName_0, 
        False, 
        new HashSet<string>(
            new string[]{ }, 
            StringComparer.Ordinal
        )
    )].GetRelationalCommandTemplate(parameters), 
    readerColumns: null, 
    shaper: (queryContext, dataReader, resultContext, resultCoordinator) => 
    {
        User entity;
        entity = 
        {
            MaterializationContext materializationContext1;
            IEntityType entityType1;
            User instance1;
            InternalEntityEntry entry1;
            bool hasNullKey1;
            materializationContext1 = new MaterializationContext(
                [LIFTABLE Constant: ValueBuffer | Resolver: _ => (object)ValueBuffer.Empty], 
                queryContext.Context
            );
            instance1 = default(User);
            entry1 = queryContext.TryGetEntry(
                key: [LIFTABLE Constant: Key: User.Id PK | Resolver: c => c.Dependencies.Model.FindEntityType("JournalApp.Domain.User.User").FindPrimaryKey()], 
                keyValues: new object[]{ (object)dataReader.GetInt32(0) }, 
                throwOnNullKey: True, 
                hasNullKey: hasNullKey1);
            !(hasNullKey1) ? entry1 != default(InternalEntityEntry) ? 
            {
                entityType1 = entry1.EntityType;
                return instance1 = (User)entry1.Entity;
            } : 
            {
                ISnapshot shadowSnapshot1;
                shadowSnapshot1 = [LIFTABLE Constant: Snapshot | Resolver: _ => Snapshot.Empty];
                entityType1 = [LIFTABLE Constant: EntityType: User | Resolver: namelessParameter{0} => namelessParameter{0}.Dependencies.Model.FindEntityType("JournalApp.Domain.User.User")];
                instance1 = switch (entityType1)
                {
                    case [LIFTABLE Constant: EntityType: User | Resolver: namelessParameter{1} => namelessParameter{1}.Dependencies.Model.FindEntityType("JournalApp.Domain.User.User")]: 
                        {
                            return 
                            {
                                User instance;
                                instance = new User();
                                instance.<Id>k__BackingField = dataReader.GetInt32(0);
                                instance.<Password>k__BackingField = dataReader.GetString(1);
                                instance.<UserName>k__BackingField = dataReader.GetString(2);
                                (instance is IInjectableService) ? ((IInjectableService)instance).Injected(
                                    context: materializationContext1.Context, 
                                    entity: instance, 
                                    queryTrackingBehavior: TrackAll, 
                                    structuralType: [LIFTABLE Constant: EntityType: User | Resolver: namelessParameter{2} => namelessParameter{2}.Dependencies.Model.FindEntityType("JournalApp.Domain.User.User")]) : default(void);
                                return instance;
                            }}
                    default: 
                        default(User)
                }
                ;
                entry1 = entityType1 == default(IEntityType) ? default(InternalEntityEntry) : queryContext.StartTracking(
                    entityType: entityType1, 
                    entity: instance1, 
                    snapshot: shadowSnapshot1);
                return instance1;
            } : default(void);
            return instance1;
        };
        return entity;
    }, 
    contextType: JournalApp.Infrastructure.JournalAppDbContext, 
    standAloneStateManager: False, 
    detailedErrorsEnabled: False, 
    threadSafetyChecksEnabled: True)
    .SingleOrDefault()'
2025-07-15 14:32:51.394 +03:00 [DBG] Opening connection to database 'main' on server '/Users/sgrancharov/dev/dotnet/JournalApp/JournalApp/JournalApp.Infrastructure/JournalApp.db'.
2025-07-15 14:32:51.394 +03:00 [DBG] Opened connection to database 'main' on server '/Users/sgrancharov/dev/dotnet/JournalApp/JournalApp/JournalApp.Infrastructure/JournalApp.db'.
2025-07-15 14:32:51.395 +03:00 [DBG] Creating DbCommand for 'ExecuteReader'.
2025-07-15 14:32:51.395 +03:00 [DBG] Created DbCommand for 'ExecuteReader' (0ms).
2025-07-15 14:32:51.395 +03:00 [DBG] Initialized DbCommand for 'ExecuteReader' (0ms).
2025-07-15 14:32:51.395 +03:00 [DBG] Executing DbCommand [Parameters=[@__userName_0='?' (Size = 3)], CommandType='"Text"', CommandTimeout='30']
SELECT "u"."Id", "u"."Password", "u"."UserName"
FROM "Users" AS "u"
WHERE "u"."UserName" = @__userName_0
LIMIT 1
2025-07-15 14:32:51.396 +03:00 [INF] Executed DbCommand (1ms) [Parameters=[@__userName_0='?' (Size = 3)], CommandType='"Text"', CommandTimeout='30']
SELECT "u"."Id", "u"."Password", "u"."UserName"
FROM "Users" AS "u"
WHERE "u"."UserName" = @__userName_0
LIMIT 1
2025-07-15 14:32:51.398 +03:00 [DBG] Closing data reader to 'main' on server '/Users/sgrancharov/dev/dotnet/JournalApp/JournalApp/JournalApp.Infrastructure/JournalApp.db'.
2025-07-15 14:32:51.398 +03:00 [DBG] A data reader for 'main' on server '/Users/sgrancharov/dev/dotnet/JournalApp/JournalApp/JournalApp.Infrastructure/JournalApp.db' is being disposed after spending 2ms reading results.
2025-07-15 14:32:51.398 +03:00 [DBG] Closing connection to database 'main' on server '/Users/sgrancharov/dev/dotnet/JournalApp/JournalApp/JournalApp.Infrastructure/JournalApp.db'.
2025-07-15 14:32:51.399 +03:00 [DBG] Closed connection to database 'main' on server '/Users/sgrancharov/dev/dotnet/JournalApp/JournalApp/JournalApp.Infrastructure/JournalApp.db' (0ms).
2025-07-15 14:32:54.873 +03:00 [DBG] Compiling query expression: 
'DbSet<User>()
    .FirstOrDefault(u => u.Id == __id_0)'
2025-07-15 14:32:54.877 +03:00 [DBG] Generated query execution expression: 
'queryContext => SingleQueryingEnumerable.Create<User>(
    relationalQueryContext: (RelationalQueryContext)queryContext, 
    relationalCommandResolver: parameters => [LIFTABLE Constant: RelationalCommandCache.QueryExpression(
        Projection Mapping:
            EmptyProjectionMember -> Dictionary<IProperty, int> { [Property: User.Id (int) Required PK AfterSave:Throw ValueGenerated.OnAdd, 0], [Property: User.Password (string) Required, 1], [Property: User.UserName (string) Required, 2] }
        SELECT TOP(1) u.Id, u.Password, u.UserName
        FROM Users AS u
        WHERE u.Id == @__id_0) | Resolver: c => new RelationalCommandCache(
        c.Dependencies.MemoryCache, 
        c.RelationalDependencies.QuerySqlGeneratorFactory, 
        c.RelationalDependencies.RelationalParameterBasedSqlProcessorFactory, 
        Projection Mapping:
            EmptyProjectionMember -> Dictionary<IProperty, int> { [Property: User.Id (int) Required PK AfterSave:Throw ValueGenerated.OnAdd, 0], [Property: User.Password (string) Required, 1], [Property: User.UserName (string) Required, 2] }
        SELECT TOP(1) u.Id, u.Password, u.UserName
        FROM Users AS u
        WHERE u.Id == @__id_0, 
        False, 
        new HashSet<string>(
            new string[]{ }, 
            StringComparer.Ordinal
        )
    )].GetRelationalCommandTemplate(parameters), 
    readerColumns: null, 
    shaper: (queryContext, dataReader, resultContext, resultCoordinator) => 
    {
        User entity;
        entity = 
        {
            MaterializationContext materializationContext1;
            IEntityType entityType1;
            User instance1;
            InternalEntityEntry entry1;
            bool hasNullKey1;
            materializationContext1 = new MaterializationContext(
                [LIFTABLE Constant: ValueBuffer | Resolver: _ => (object)ValueBuffer.Empty], 
                queryContext.Context
            );
            instance1 = default(User);
            entry1 = queryContext.TryGetEntry(
                key: [LIFTABLE Constant: Key: User.Id PK | Resolver: c => c.Dependencies.Model.FindEntityType("JournalApp.Domain.User.User").FindPrimaryKey()], 
                keyValues: new object[]{ (object)dataReader.GetInt32(0) }, 
                throwOnNullKey: True, 
                hasNullKey: hasNullKey1);
            !(hasNullKey1) ? entry1 != default(InternalEntityEntry) ? 
            {
                entityType1 = entry1.EntityType;
                return instance1 = (User)entry1.Entity;
            } : 
            {
                ISnapshot shadowSnapshot1;
                shadowSnapshot1 = [LIFTABLE Constant: Snapshot | Resolver: _ => Snapshot.Empty];
                entityType1 = [LIFTABLE Constant: EntityType: User | Resolver: namelessParameter{0} => namelessParameter{0}.Dependencies.Model.FindEntityType("JournalApp.Domain.User.User")];
                instance1 = switch (entityType1)
                {
                    case [LIFTABLE Constant: EntityType: User | Resolver: namelessParameter{1} => namelessParameter{1}.Dependencies.Model.FindEntityType("JournalApp.Domain.User.User")]: 
                        {
                            return 
                            {
                                User instance;
                                instance = new User();
                                instance.<Id>k__BackingField = dataReader.GetInt32(0);
                                instance.<Password>k__BackingField = dataReader.GetString(1);
                                instance.<UserName>k__BackingField = dataReader.GetString(2);
                                (instance is IInjectableService) ? ((IInjectableService)instance).Injected(
                                    context: materializationContext1.Context, 
                                    entity: instance, 
                                    queryTrackingBehavior: TrackAll, 
                                    structuralType: [LIFTABLE Constant: EntityType: User | Resolver: namelessParameter{2} => namelessParameter{2}.Dependencies.Model.FindEntityType("JournalApp.Domain.User.User")]) : default(void);
                                return instance;
                            }}
                    default: 
                        default(User)
                }
                ;
                entry1 = entityType1 == default(IEntityType) ? default(InternalEntityEntry) : queryContext.StartTracking(
                    entityType: entityType1, 
                    entity: instance1, 
                    snapshot: shadowSnapshot1);
                return instance1;
            } : default(void);
            return instance1;
        };
        return entity;
    }, 
    contextType: JournalApp.Infrastructure.JournalAppDbContext, 
    standAloneStateManager: False, 
    detailedErrorsEnabled: False, 
    threadSafetyChecksEnabled: True)
    .SingleOrDefault()'
2025-07-15 14:32:54.879 +03:00 [DBG] Opening connection to database 'main' on server '/Users/sgrancharov/dev/dotnet/JournalApp/JournalApp/JournalApp.Infrastructure/JournalApp.db'.
2025-07-15 14:32:54.879 +03:00 [DBG] Opened connection to database 'main' on server '/Users/sgrancharov/dev/dotnet/JournalApp/JournalApp/JournalApp.Infrastructure/JournalApp.db'.
2025-07-15 14:32:54.879 +03:00 [DBG] Creating DbCommand for 'ExecuteReader'.
2025-07-15 14:32:54.879 +03:00 [DBG] Created DbCommand for 'ExecuteReader' (0ms).
2025-07-15 14:32:54.879 +03:00 [DBG] Initialized DbCommand for 'ExecuteReader' (0ms).
2025-07-15 14:32:54.879 +03:00 [DBG] Executing DbCommand [Parameters=[@__id_0='?' (DbType = Int32)], CommandType='"Text"', CommandTimeout='30']
SELECT "u"."Id", "u"."Password", "u"."UserName"
FROM "Users" AS "u"
WHERE "u"."Id" = @__id_0
LIMIT 1
2025-07-15 14:32:54.880 +03:00 [INF] Executed DbCommand (1ms) [Parameters=[@__id_0='?' (DbType = Int32)], CommandType='"Text"', CommandTimeout='30']
SELECT "u"."Id", "u"."Password", "u"."UserName"
FROM "Users" AS "u"
WHERE "u"."Id" = @__id_0
LIMIT 1
2025-07-15 14:32:54.880 +03:00 [DBG] Closing data reader to 'main' on server '/Users/sgrancharov/dev/dotnet/JournalApp/JournalApp/JournalApp.Infrastructure/JournalApp.db'.
2025-07-15 14:32:54.881 +03:00 [DBG] A data reader for 'main' on server '/Users/sgrancharov/dev/dotnet/JournalApp/JournalApp/JournalApp.Infrastructure/JournalApp.db' is being disposed after spending 0ms reading results.
2025-07-15 14:32:54.881 +03:00 [DBG] Closing connection to database 'main' on server '/Users/sgrancharov/dev/dotnet/JournalApp/JournalApp/JournalApp.Infrastructure/JournalApp.db'.
2025-07-15 14:32:54.881 +03:00 [DBG] Closed connection to database 'main' on server '/Users/sgrancharov/dev/dotnet/JournalApp/JournalApp/JournalApp.Infrastructure/JournalApp.db' (0ms).
2025-07-15 14:32:54.883 +03:00 [DBG] 'JournalAppDbContext' generated a temporary value for the property 'Journal.Id'. Consider using 'DbContextOptionsBuilder.EnableSensitiveDataLogging' to see key values.
2025-07-15 14:32:54.889 +03:00 [DBG] The navigation 'Journal.User' was detected as changed. Consider using 'DbContextOptionsBuilder.EnableSensitiveDataLogging' to see key values.
2025-07-15 14:32:54.896 +03:00 [DBG] Context 'JournalAppDbContext' started tracking 'Journal' entity. Consider using 'DbContextOptionsBuilder.EnableSensitiveDataLogging' to see key values.
2025-07-15 14:32:54.897 +03:00 [DBG] SaveChanges starting for 'JournalAppDbContext'.
2025-07-15 14:32:54.897 +03:00 [DBG] DetectChanges starting for 'JournalAppDbContext'.
2025-07-15 14:32:54.898 +03:00 [DBG] DetectChanges completed for 'JournalAppDbContext'.
2025-07-15 14:32:54.900 +03:00 [DBG] Opening connection to database 'main' on server '/Users/sgrancharov/dev/dotnet/JournalApp/JournalApp/JournalApp.Infrastructure/JournalApp.db'.
2025-07-15 14:32:54.900 +03:00 [DBG] Opened connection to database 'main' on server '/Users/sgrancharov/dev/dotnet/JournalApp/JournalApp/JournalApp.Infrastructure/JournalApp.db'.
2025-07-15 14:32:54.900 +03:00 [DBG] Creating DbCommand for 'ExecuteReader'.
2025-07-15 14:32:54.900 +03:00 [DBG] Created DbCommand for 'ExecuteReader' (0ms).
2025-07-15 14:32:54.900 +03:00 [DBG] Initialized DbCommand for 'ExecuteReader' (0ms).
2025-07-15 14:32:54.901 +03:00 [DBG] Executing DbCommand [Parameters=[@p0='?' (Size = 29), @p1='?' (DbType = Int32)], CommandType='"Text"', CommandTimeout='30']
INSERT INTO "Journals" ("Content", "UserId")
VALUES (@p0, @p1)
RETURNING "Id";
2025-07-15 14:32:54.901 +03:00 [INF] Executed DbCommand (0ms) [Parameters=[@p0='?' (Size = 29), @p1='?' (DbType = Int32)], CommandType='"Text"', CommandTimeout='30']
INSERT INTO "Journals" ("Content", "UserId")
VALUES (@p0, @p1)
RETURNING "Id";
2025-07-15 14:32:54.902 +03:00 [DBG] The foreign key property 'Journal.Id' was detected as changed. Consider using 'DbContextOptionsBuilder.EnableSensitiveDataLogging' to see property values.
2025-07-15 14:32:54.903 +03:00 [DBG] Closing data reader to 'main' on server '/Users/sgrancharov/dev/dotnet/JournalApp/JournalApp/JournalApp.Infrastructure/JournalApp.db'.
2025-07-15 14:32:54.903 +03:00 [DBG] A data reader for 'main' on server '/Users/sgrancharov/dev/dotnet/JournalApp/JournalApp/JournalApp.Infrastructure/JournalApp.db' is being disposed after spending 1ms reading results.
2025-07-15 14:32:54.903 +03:00 [DBG] Closing connection to database 'main' on server '/Users/sgrancharov/dev/dotnet/JournalApp/JournalApp/JournalApp.Infrastructure/JournalApp.db'.
2025-07-15 14:32:54.903 +03:00 [DBG] Closed connection to database 'main' on server '/Users/sgrancharov/dev/dotnet/JournalApp/JournalApp/JournalApp.Infrastructure/JournalApp.db' (0ms).
2025-07-15 14:32:54.904 +03:00 [DBG] An entity of type 'Journal' tracked by 'JournalAppDbContext' changed state from '"Added"' to '"Unchanged"'. Consider using 'DbContextOptionsBuilder.EnableSensitiveDataLogging' to see key values.
2025-07-15 14:32:54.904 +03:00 [DBG] SaveChanges completed for 'JournalAppDbContext' with 1 entities written to the database.
2025-07-15 15:39:02.137 +03:00 [DBG] An 'IServiceProvider' was created for internal use by Entity Framework.
2025-07-15 15:39:10.720 +03:00 [DBG] Entity Framework Core 9.0.7 initialized 'JournalAppDbContext' using provider 'Microsoft.EntityFrameworkCore.Sqlite:9.0.7' with options: None
2025-07-15 15:39:10.746 +03:00 [DBG] Compiling query expression: 
'DbSet<User>()
    .FirstOrDefault(u => u.UserName == __userName_0)'
2025-07-15 15:39:10.947 +03:00 [DBG] Generated query execution expression: 
'queryContext => SingleQueryingEnumerable.Create<User>(
    relationalQueryContext: (RelationalQueryContext)queryContext, 
    relationalCommandResolver: parameters => [LIFTABLE Constant: RelationalCommandCache.QueryExpression(
        Projection Mapping:
            EmptyProjectionMember -> Dictionary<IProperty, int> { [Property: User.Id (int) Required PK AfterSave:Throw ValueGenerated.OnAdd, 0], [Property: User.Password (string) Required, 1], [Property: User.UserName (string) Required, 2] }
        SELECT TOP(1) u.Id, u.Password, u.UserName
        FROM Users AS u
        WHERE u.UserName == @__userName_0) | Resolver: c => new RelationalCommandCache(
        c.Dependencies.MemoryCache, 
        c.RelationalDependencies.QuerySqlGeneratorFactory, 
        c.RelationalDependencies.RelationalParameterBasedSqlProcessorFactory, 
        Projection Mapping:
            EmptyProjectionMember -> Dictionary<IProperty, int> { [Property: User.Id (int) Required PK AfterSave:Throw ValueGenerated.OnAdd, 0], [Property: User.Password (string) Required, 1], [Property: User.UserName (string) Required, 2] }
        SELECT TOP(1) u.Id, u.Password, u.UserName
        FROM Users AS u
        WHERE u.UserName == @__userName_0, 
        False, 
        new HashSet<string>(
            new string[]{ }, 
            StringComparer.Ordinal
        )
    )].GetRelationalCommandTemplate(parameters), 
    readerColumns: null, 
    shaper: (queryContext, dataReader, resultContext, resultCoordinator) => 
    {
        User entity;
        entity = 
        {
            MaterializationContext materializationContext1;
            IEntityType entityType1;
            User instance1;
            InternalEntityEntry entry1;
            bool hasNullKey1;
            materializationContext1 = new MaterializationContext(
                [LIFTABLE Constant: ValueBuffer | Resolver: _ => (object)ValueBuffer.Empty], 
                queryContext.Context
            );
            instance1 = default(User);
            entry1 = queryContext.TryGetEntry(
                key: [LIFTABLE Constant: Key: User.Id PK | Resolver: c => c.Dependencies.Model.FindEntityType("JournalApp.Domain.User.User").FindPrimaryKey()], 
                keyValues: new object[]{ (object)dataReader.GetInt32(0) }, 
                throwOnNullKey: True, 
                hasNullKey: hasNullKey1);
            !(hasNullKey1) ? entry1 != default(InternalEntityEntry) ? 
            {
                entityType1 = entry1.EntityType;
                return instance1 = (User)entry1.Entity;
            } : 
            {
                ISnapshot shadowSnapshot1;
                shadowSnapshot1 = [LIFTABLE Constant: Snapshot | Resolver: _ => Snapshot.Empty];
                entityType1 = [LIFTABLE Constant: EntityType: User | Resolver: namelessParameter{0} => namelessParameter{0}.Dependencies.Model.FindEntityType("JournalApp.Domain.User.User")];
                instance1 = switch (entityType1)
                {
                    case [LIFTABLE Constant: EntityType: User | Resolver: namelessParameter{1} => namelessParameter{1}.Dependencies.Model.FindEntityType("JournalApp.Domain.User.User")]: 
                        {
                            return 
                            {
                                User instance;
                                instance = new User();
                                instance.<Id>k__BackingField = dataReader.GetInt32(0);
                                instance.<Password>k__BackingField = dataReader.GetString(1);
                                instance.<UserName>k__BackingField = dataReader.GetString(2);
                                (instance is IInjectableService) ? ((IInjectableService)instance).Injected(
                                    context: materializationContext1.Context, 
                                    entity: instance, 
                                    queryTrackingBehavior: TrackAll, 
                                    structuralType: [LIFTABLE Constant: EntityType: User | Resolver: namelessParameter{2} => namelessParameter{2}.Dependencies.Model.FindEntityType("JournalApp.Domain.User.User")]) : default(void);
                                return instance;
                            }}
                    default: 
                        default(User)
                }
                ;
                entry1 = entityType1 == default(IEntityType) ? default(InternalEntityEntry) : queryContext.StartTracking(
                    entityType: entityType1, 
                    entity: instance1, 
                    snapshot: shadowSnapshot1);
                return instance1;
            } : default(void);
            return instance1;
        };
        return entity;
    }, 
    contextType: JournalApp.Infrastructure.JournalAppDbContext, 
    standAloneStateManager: False, 
    detailedErrorsEnabled: False, 
    threadSafetyChecksEnabled: True)
    .SingleOrDefault()'
2025-07-15 15:39:10.970 +03:00 [DBG] Creating DbConnection.
2025-07-15 15:39:10.980 +03:00 [DBG] Created DbConnection. (7ms).
2025-07-15 15:39:10.983 +03:00 [DBG] Opening connection to database 'main' on server '/Users/sgrancharov/dev/dotnet/JournalApp/JournalApp/JournalApp.Infrastructure/JournalApp.db'.
2025-07-15 15:39:10.991 +03:00 [DBG] Opened connection to database 'main' on server '/Users/sgrancharov/dev/dotnet/JournalApp/JournalApp/JournalApp.Infrastructure/JournalApp.db'.
2025-07-15 15:39:10.997 +03:00 [DBG] Creating DbCommand for 'ExecuteReader'.
2025-07-15 15:39:11.001 +03:00 [DBG] Created DbCommand for 'ExecuteReader' (4ms).
2025-07-15 15:39:11.004 +03:00 [DBG] Initialized DbCommand for 'ExecuteReader' (8ms).
2025-07-15 15:39:11.009 +03:00 [DBG] Executing DbCommand [Parameters=[@__userName_0='?' (Size = 3)], CommandType='"Text"', CommandTimeout='30']
SELECT "u"."Id", "u"."Password", "u"."UserName"
FROM "Users" AS "u"
WHERE "u"."UserName" = @__userName_0
LIMIT 1
2025-07-15 15:39:11.026 +03:00 [INF] Executed DbCommand (14ms) [Parameters=[@__userName_0='?' (Size = 3)], CommandType='"Text"', CommandTimeout='30']
SELECT "u"."Id", "u"."Password", "u"."UserName"
FROM "Users" AS "u"
WHERE "u"."UserName" = @__userName_0
LIMIT 1
2025-07-15 15:39:11.051 +03:00 [DBG] Context 'JournalAppDbContext' started tracking 'User' entity. Consider using 'DbContextOptionsBuilder.EnableSensitiveDataLogging' to see key values.
2025-07-15 15:39:11.063 +03:00 [DBG] Closing data reader to 'main' on server '/Users/sgrancharov/dev/dotnet/JournalApp/JournalApp/JournalApp.Infrastructure/JournalApp.db'.
2025-07-15 15:39:11.067 +03:00 [DBG] A data reader for 'main' on server '/Users/sgrancharov/dev/dotnet/JournalApp/JournalApp/JournalApp.Infrastructure/JournalApp.db' is being disposed after spending 35ms reading results.
2025-07-15 15:39:11.069 +03:00 [DBG] Closing connection to database 'main' on server '/Users/sgrancharov/dev/dotnet/JournalApp/JournalApp/JournalApp.Infrastructure/JournalApp.db'.
2025-07-15 15:39:11.071 +03:00 [DBG] Closed connection to database 'main' on server '/Users/sgrancharov/dev/dotnet/JournalApp/JournalApp/JournalApp.Infrastructure/JournalApp.db' (2ms).
2025-07-15 15:40:15.660 +03:00 [DBG] An 'IServiceProvider' was created for internal use by Entity Framework.
2025-07-15 15:40:22.877 +03:00 [DBG] Entity Framework Core 9.0.7 initialized 'JournalAppDbContext' using provider 'Microsoft.EntityFrameworkCore.Sqlite:9.0.7' with options: None
2025-07-15 15:40:22.904 +03:00 [DBG] Compiling query expression: 
'DbSet<User>()
    .FirstOrDefault(u => u.UserName == __userName_0)'
2025-07-15 15:40:23.101 +03:00 [DBG] Generated query execution expression: 
'queryContext => SingleQueryingEnumerable.Create<User>(
    relationalQueryContext: (RelationalQueryContext)queryContext, 
    relationalCommandResolver: parameters => [LIFTABLE Constant: RelationalCommandCache.QueryExpression(
        Projection Mapping:
            EmptyProjectionMember -> Dictionary<IProperty, int> { [Property: User.Id (int) Required PK AfterSave:Throw ValueGenerated.OnAdd, 0], [Property: User.Password (string) Required, 1], [Property: User.UserName (string) Required, 2] }
        SELECT TOP(1) u.Id, u.Password, u.UserName
        FROM Users AS u
        WHERE u.UserName == @__userName_0) | Resolver: c => new RelationalCommandCache(
        c.Dependencies.MemoryCache, 
        c.RelationalDependencies.QuerySqlGeneratorFactory, 
        c.RelationalDependencies.RelationalParameterBasedSqlProcessorFactory, 
        Projection Mapping:
            EmptyProjectionMember -> Dictionary<IProperty, int> { [Property: User.Id (int) Required PK AfterSave:Throw ValueGenerated.OnAdd, 0], [Property: User.Password (string) Required, 1], [Property: User.UserName (string) Required, 2] }
        SELECT TOP(1) u.Id, u.Password, u.UserName
        FROM Users AS u
        WHERE u.UserName == @__userName_0, 
        False, 
        new HashSet<string>(
            new string[]{ }, 
            StringComparer.Ordinal
        )
    )].GetRelationalCommandTemplate(parameters), 
    readerColumns: null, 
    shaper: (queryContext, dataReader, resultContext, resultCoordinator) => 
    {
        User entity;
        entity = 
        {
            MaterializationContext materializationContext1;
            IEntityType entityType1;
            User instance1;
            InternalEntityEntry entry1;
            bool hasNullKey1;
            materializationContext1 = new MaterializationContext(
                [LIFTABLE Constant: ValueBuffer | Resolver: _ => (object)ValueBuffer.Empty], 
                queryContext.Context
            );
            instance1 = default(User);
            entry1 = queryContext.TryGetEntry(
                key: [LIFTABLE Constant: Key: User.Id PK | Resolver: c => c.Dependencies.Model.FindEntityType("JournalApp.Domain.User.User").FindPrimaryKey()], 
                keyValues: new object[]{ (object)dataReader.GetInt32(0) }, 
                throwOnNullKey: True, 
                hasNullKey: hasNullKey1);
            !(hasNullKey1) ? entry1 != default(InternalEntityEntry) ? 
            {
                entityType1 = entry1.EntityType;
                return instance1 = (User)entry1.Entity;
            } : 
            {
                ISnapshot shadowSnapshot1;
                shadowSnapshot1 = [LIFTABLE Constant: Snapshot | Resolver: _ => Snapshot.Empty];
                entityType1 = [LIFTABLE Constant: EntityType: User | Resolver: namelessParameter{0} => namelessParameter{0}.Dependencies.Model.FindEntityType("JournalApp.Domain.User.User")];
                instance1 = switch (entityType1)
                {
                    case [LIFTABLE Constant: EntityType: User | Resolver: namelessParameter{1} => namelessParameter{1}.Dependencies.Model.FindEntityType("JournalApp.Domain.User.User")]: 
                        {
                            return 
                            {
                                User instance;
                                instance = new User();
                                instance.<Id>k__BackingField = dataReader.GetInt32(0);
                                instance.<Password>k__BackingField = dataReader.GetString(1);
                                instance.<UserName>k__BackingField = dataReader.GetString(2);
                                (instance is IInjectableService) ? ((IInjectableService)instance).Injected(
                                    context: materializationContext1.Context, 
                                    entity: instance, 
                                    queryTrackingBehavior: TrackAll, 
                                    structuralType: [LIFTABLE Constant: EntityType: User | Resolver: namelessParameter{2} => namelessParameter{2}.Dependencies.Model.FindEntityType("JournalApp.Domain.User.User")]) : default(void);
                                return instance;
                            }}
                    default: 
                        default(User)
                }
                ;
                entry1 = entityType1 == default(IEntityType) ? default(InternalEntityEntry) : queryContext.StartTracking(
                    entityType: entityType1, 
                    entity: instance1, 
                    snapshot: shadowSnapshot1);
                return instance1;
            } : default(void);
            return instance1;
        };
        return entity;
    }, 
    contextType: JournalApp.Infrastructure.JournalAppDbContext, 
    standAloneStateManager: False, 
    detailedErrorsEnabled: False, 
    threadSafetyChecksEnabled: True)
    .SingleOrDefault()'
2025-07-15 15:40:23.124 +03:00 [DBG] Creating DbConnection.
2025-07-15 15:40:23.134 +03:00 [DBG] Created DbConnection. (7ms).
2025-07-15 15:40:23.137 +03:00 [DBG] Opening connection to database 'main' on server '/Users/sgrancharov/dev/dotnet/JournalApp/JournalApp/JournalApp.Infrastructure/JournalApp.db'.
2025-07-15 15:40:23.148 +03:00 [DBG] Opened connection to database 'main' on server '/Users/sgrancharov/dev/dotnet/JournalApp/JournalApp/JournalApp.Infrastructure/JournalApp.db'.
2025-07-15 15:40:23.155 +03:00 [DBG] Creating DbCommand for 'ExecuteReader'.
2025-07-15 15:40:23.159 +03:00 [DBG] Created DbCommand for 'ExecuteReader' (4ms).
2025-07-15 15:40:23.161 +03:00 [DBG] Initialized DbCommand for 'ExecuteReader' (9ms).
2025-07-15 15:40:23.167 +03:00 [DBG] Executing DbCommand [Parameters=[@__userName_0='?' (Size = 3)], CommandType='"Text"', CommandTimeout='30']
SELECT "u"."Id", "u"."Password", "u"."UserName"
FROM "Users" AS "u"
WHERE "u"."UserName" = @__userName_0
LIMIT 1
2025-07-15 15:40:23.186 +03:00 [INF] Executed DbCommand (16ms) [Parameters=[@__userName_0='?' (Size = 3)], CommandType='"Text"', CommandTimeout='30']
SELECT "u"."Id", "u"."Password", "u"."UserName"
FROM "Users" AS "u"
WHERE "u"."UserName" = @__userName_0
LIMIT 1
2025-07-15 15:40:23.211 +03:00 [DBG] Context 'JournalAppDbContext' started tracking 'User' entity. Consider using 'DbContextOptionsBuilder.EnableSensitiveDataLogging' to see key values.
2025-07-15 15:40:23.223 +03:00 [DBG] Closing data reader to 'main' on server '/Users/sgrancharov/dev/dotnet/JournalApp/JournalApp/JournalApp.Infrastructure/JournalApp.db'.
2025-07-15 15:40:23.227 +03:00 [DBG] A data reader for 'main' on server '/Users/sgrancharov/dev/dotnet/JournalApp/JournalApp/JournalApp.Infrastructure/JournalApp.db' is being disposed after spending 36ms reading results.
2025-07-15 15:40:23.229 +03:00 [DBG] Closing connection to database 'main' on server '/Users/sgrancharov/dev/dotnet/JournalApp/JournalApp/JournalApp.Infrastructure/JournalApp.db'.
2025-07-15 15:40:23.231 +03:00 [DBG] Closed connection to database 'main' on server '/Users/sgrancharov/dev/dotnet/JournalApp/JournalApp/JournalApp.Infrastructure/JournalApp.db' (2ms).
2025-07-15 15:40:29.323 +03:00 [DBG] Compiling query expression: 
'DbSet<User>()
    .FirstOrDefault(u => u.Id == __id_0)'
2025-07-15 15:40:29.327 +03:00 [DBG] Generated query execution expression: 
'queryContext => SingleQueryingEnumerable.Create<User>(
    relationalQueryContext: (RelationalQueryContext)queryContext, 
    relationalCommandResolver: parameters => [LIFTABLE Constant: RelationalCommandCache.QueryExpression(
        Projection Mapping:
            EmptyProjectionMember -> Dictionary<IProperty, int> { [Property: User.Id (int) Required PK AfterSave:Throw ValueGenerated.OnAdd, 0], [Property: User.Password (string) Required, 1], [Property: User.UserName (string) Required, 2] }
        SELECT TOP(1) u.Id, u.Password, u.UserName
        FROM Users AS u
        WHERE u.Id == @__id_0) | Resolver: c => new RelationalCommandCache(
        c.Dependencies.MemoryCache, 
        c.RelationalDependencies.QuerySqlGeneratorFactory, 
        c.RelationalDependencies.RelationalParameterBasedSqlProcessorFactory, 
        Projection Mapping:
            EmptyProjectionMember -> Dictionary<IProperty, int> { [Property: User.Id (int) Required PK AfterSave:Throw ValueGenerated.OnAdd, 0], [Property: User.Password (string) Required, 1], [Property: User.UserName (string) Required, 2] }
        SELECT TOP(1) u.Id, u.Password, u.UserName
        FROM Users AS u
        WHERE u.Id == @__id_0, 
        False, 
        new HashSet<string>(
            new string[]{ }, 
            StringComparer.Ordinal
        )
    )].GetRelationalCommandTemplate(parameters), 
    readerColumns: null, 
    shaper: (queryContext, dataReader, resultContext, resultCoordinator) => 
    {
        User entity;
        entity = 
        {
            MaterializationContext materializationContext1;
            IEntityType entityType1;
            User instance1;
            InternalEntityEntry entry1;
            bool hasNullKey1;
            materializationContext1 = new MaterializationContext(
                [LIFTABLE Constant: ValueBuffer | Resolver: _ => (object)ValueBuffer.Empty], 
                queryContext.Context
            );
            instance1 = default(User);
            entry1 = queryContext.TryGetEntry(
                key: [LIFTABLE Constant: Key: User.Id PK | Resolver: c => c.Dependencies.Model.FindEntityType("JournalApp.Domain.User.User").FindPrimaryKey()], 
                keyValues: new object[]{ (object)dataReader.GetInt32(0) }, 
                throwOnNullKey: True, 
                hasNullKey: hasNullKey1);
            !(hasNullKey1) ? entry1 != default(InternalEntityEntry) ? 
            {
                entityType1 = entry1.EntityType;
                return instance1 = (User)entry1.Entity;
            } : 
            {
                ISnapshot shadowSnapshot1;
                shadowSnapshot1 = [LIFTABLE Constant: Snapshot | Resolver: _ => Snapshot.Empty];
                entityType1 = [LIFTABLE Constant: EntityType: User | Resolver: namelessParameter{0} => namelessParameter{0}.Dependencies.Model.FindEntityType("JournalApp.Domain.User.User")];
                instance1 = switch (entityType1)
                {
                    case [LIFTABLE Constant: EntityType: User | Resolver: namelessParameter{1} => namelessParameter{1}.Dependencies.Model.FindEntityType("JournalApp.Domain.User.User")]: 
                        {
                            return 
                            {
                                User instance;
                                instance = new User();
                                instance.<Id>k__BackingField = dataReader.GetInt32(0);
                                instance.<Password>k__BackingField = dataReader.GetString(1);
                                instance.<UserName>k__BackingField = dataReader.GetString(2);
                                (instance is IInjectableService) ? ((IInjectableService)instance).Injected(
                                    context: materializationContext1.Context, 
                                    entity: instance, 
                                    queryTrackingBehavior: TrackAll, 
                                    structuralType: [LIFTABLE Constant: EntityType: User | Resolver: namelessParameter{2} => namelessParameter{2}.Dependencies.Model.FindEntityType("JournalApp.Domain.User.User")]) : default(void);
                                return instance;
                            }}
                    default: 
                        default(User)
                }
                ;
                entry1 = entityType1 == default(IEntityType) ? default(InternalEntityEntry) : queryContext.StartTracking(
                    entityType: entityType1, 
                    entity: instance1, 
                    snapshot: shadowSnapshot1);
                return instance1;
            } : default(void);
            return instance1;
        };
        return entity;
    }, 
    contextType: JournalApp.Infrastructure.JournalAppDbContext, 
    standAloneStateManager: False, 
    detailedErrorsEnabled: False, 
    threadSafetyChecksEnabled: True)
    .SingleOrDefault()'
2025-07-15 15:40:29.329 +03:00 [DBG] Opening connection to database 'main' on server '/Users/sgrancharov/dev/dotnet/JournalApp/JournalApp/JournalApp.Infrastructure/JournalApp.db'.
2025-07-15 15:40:29.329 +03:00 [DBG] Opened connection to database 'main' on server '/Users/sgrancharov/dev/dotnet/JournalApp/JournalApp/JournalApp.Infrastructure/JournalApp.db'.
2025-07-15 15:40:29.330 +03:00 [DBG] Creating DbCommand for 'ExecuteReader'.
2025-07-15 15:40:29.330 +03:00 [DBG] Created DbCommand for 'ExecuteReader' (0ms).
2025-07-15 15:40:29.330 +03:00 [DBG] Initialized DbCommand for 'ExecuteReader' (0ms).
2025-07-15 15:40:29.330 +03:00 [DBG] Executing DbCommand [Parameters=[@__id_0='?' (DbType = Int32)], CommandType='"Text"', CommandTimeout='30']
SELECT "u"."Id", "u"."Password", "u"."UserName"
FROM "Users" AS "u"
WHERE "u"."Id" = @__id_0
LIMIT 1
2025-07-15 15:40:29.331 +03:00 [INF] Executed DbCommand (1ms) [Parameters=[@__id_0='?' (DbType = Int32)], CommandType='"Text"', CommandTimeout='30']
SELECT "u"."Id", "u"."Password", "u"."UserName"
FROM "Users" AS "u"
WHERE "u"."Id" = @__id_0
LIMIT 1
2025-07-15 15:40:29.332 +03:00 [DBG] Closing data reader to 'main' on server '/Users/sgrancharov/dev/dotnet/JournalApp/JournalApp/JournalApp.Infrastructure/JournalApp.db'.
2025-07-15 15:40:29.332 +03:00 [DBG] A data reader for 'main' on server '/Users/sgrancharov/dev/dotnet/JournalApp/JournalApp/JournalApp.Infrastructure/JournalApp.db' is being disposed after spending 0ms reading results.
2025-07-15 15:40:29.332 +03:00 [DBG] Closing connection to database 'main' on server '/Users/sgrancharov/dev/dotnet/JournalApp/JournalApp/JournalApp.Infrastructure/JournalApp.db'.
2025-07-15 15:40:29.332 +03:00 [DBG] Closed connection to database 'main' on server '/Users/sgrancharov/dev/dotnet/JournalApp/JournalApp/JournalApp.Infrastructure/JournalApp.db' (0ms).
2025-07-15 15:40:29.349 +03:00 [DBG] 'JournalAppDbContext' generated a temporary value for the property 'Journal.Id'. Consider using 'DbContextOptionsBuilder.EnableSensitiveDataLogging' to see key values.
2025-07-15 15:40:29.362 +03:00 [DBG] The navigation 'Journal.User' was detected as changed. Consider using 'DbContextOptionsBuilder.EnableSensitiveDataLogging' to see key values.
2025-07-15 15:40:29.370 +03:00 [DBG] Context 'JournalAppDbContext' started tracking 'Journal' entity. Consider using 'DbContextOptionsBuilder.EnableSensitiveDataLogging' to see key values.
2025-07-15 15:40:29.372 +03:00 [DBG] SaveChanges starting for 'JournalAppDbContext'.
2025-07-15 15:40:29.374 +03:00 [DBG] DetectChanges starting for 'JournalAppDbContext'.
2025-07-15 15:40:29.381 +03:00 [DBG] DetectChanges completed for 'JournalAppDbContext'.
2025-07-15 15:40:29.430 +03:00 [DBG] Opening connection to database 'main' on server '/Users/sgrancharov/dev/dotnet/JournalApp/JournalApp/JournalApp.Infrastructure/JournalApp.db'.
2025-07-15 15:40:29.431 +03:00 [DBG] Opened connection to database 'main' on server '/Users/sgrancharov/dev/dotnet/JournalApp/JournalApp/JournalApp.Infrastructure/JournalApp.db'.
2025-07-15 15:40:29.434 +03:00 [DBG] Creating DbCommand for 'ExecuteReader'.
2025-07-15 15:40:29.434 +03:00 [DBG] Created DbCommand for 'ExecuteReader' (0ms).
2025-07-15 15:40:29.434 +03:00 [DBG] Initialized DbCommand for 'ExecuteReader' (0ms).
2025-07-15 15:40:29.434 +03:00 [DBG] Executing DbCommand [Parameters=[@p0='?' (Size = 44), @p1='?' (DbType = Int32)], CommandType='"Text"', CommandTimeout='30']
INSERT INTO "Journals" ("Content", "UserId")
VALUES (@p0, @p1)
RETURNING "Id";
2025-07-15 15:40:29.436 +03:00 [INF] Executed DbCommand (2ms) [Parameters=[@p0='?' (Size = 44), @p1='?' (DbType = Int32)], CommandType='"Text"', CommandTimeout='30']
INSERT INTO "Journals" ("Content", "UserId")
VALUES (@p0, @p1)
RETURNING "Id";
2025-07-15 15:40:29.444 +03:00 [DBG] The foreign key property 'Journal.Id' was detected as changed. Consider using 'DbContextOptionsBuilder.EnableSensitiveDataLogging' to see property values.
2025-07-15 15:40:29.449 +03:00 [DBG] Closing data reader to 'main' on server '/Users/sgrancharov/dev/dotnet/JournalApp/JournalApp/JournalApp.Infrastructure/JournalApp.db'.
2025-07-15 15:40:29.449 +03:00 [DBG] A data reader for 'main' on server '/Users/sgrancharov/dev/dotnet/JournalApp/JournalApp/JournalApp.Infrastructure/JournalApp.db' is being disposed after spending 13ms reading results.
2025-07-15 15:40:29.451 +03:00 [DBG] Closing connection to database 'main' on server '/Users/sgrancharov/dev/dotnet/JournalApp/JournalApp/JournalApp.Infrastructure/JournalApp.db'.
2025-07-15 15:40:29.451 +03:00 [DBG] Closed connection to database 'main' on server '/Users/sgrancharov/dev/dotnet/JournalApp/JournalApp/JournalApp.Infrastructure/JournalApp.db' (0ms).
2025-07-15 15:40:29.457 +03:00 [DBG] An entity of type 'Journal' tracked by 'JournalAppDbContext' changed state from '"Added"' to '"Unchanged"'. Consider using 'DbContextOptionsBuilder.EnableSensitiveDataLogging' to see key values.
2025-07-15 15:40:29.458 +03:00 [DBG] SaveChanges completed for 'JournalAppDbContext' with 1 entities written to the database.
2025-07-15 15:40:35.277 +03:00 [DBG] Opening connection to database 'main' on server '/Users/sgrancharov/dev/dotnet/JournalApp/JournalApp/JournalApp.Infrastructure/JournalApp.db'.
2025-07-15 15:40:35.277 +03:00 [DBG] Opened connection to database 'main' on server '/Users/sgrancharov/dev/dotnet/JournalApp/JournalApp/JournalApp.Infrastructure/JournalApp.db'.
2025-07-15 15:40:35.278 +03:00 [DBG] Creating DbCommand for 'ExecuteReader'.
2025-07-15 15:40:35.278 +03:00 [DBG] Created DbCommand for 'ExecuteReader' (0ms).
2025-07-15 15:40:35.278 +03:00 [DBG] Initialized DbCommand for 'ExecuteReader' (0ms).
2025-07-15 15:40:35.278 +03:00 [DBG] Executing DbCommand [Parameters=[@__userName_0='?' (Size = 3)], CommandType='"Text"', CommandTimeout='30']
SELECT "u"."Id", "u"."Password", "u"."UserName"
FROM "Users" AS "u"
WHERE "u"."UserName" = @__userName_0
LIMIT 1
2025-07-15 15:40:35.278 +03:00 [INF] Executed DbCommand (0ms) [Parameters=[@__userName_0='?' (Size = 3)], CommandType='"Text"', CommandTimeout='30']
SELECT "u"."Id", "u"."Password", "u"."UserName"
FROM "Users" AS "u"
WHERE "u"."UserName" = @__userName_0
LIMIT 1
2025-07-15 15:40:35.278 +03:00 [DBG] Closing data reader to 'main' on server '/Users/sgrancharov/dev/dotnet/JournalApp/JournalApp/JournalApp.Infrastructure/JournalApp.db'.
2025-07-15 15:40:35.278 +03:00 [DBG] A data reader for 'main' on server '/Users/sgrancharov/dev/dotnet/JournalApp/JournalApp/JournalApp.Infrastructure/JournalApp.db' is being disposed after spending 0ms reading results.
2025-07-15 15:40:35.279 +03:00 [DBG] Closing connection to database 'main' on server '/Users/sgrancharov/dev/dotnet/JournalApp/JournalApp/JournalApp.Infrastructure/JournalApp.db'.
2025-07-15 15:40:35.279 +03:00 [DBG] Closed connection to database 'main' on server '/Users/sgrancharov/dev/dotnet/JournalApp/JournalApp/JournalApp.Infrastructure/JournalApp.db' (0ms).
2025-07-15 15:43:13.705 +03:00 [DBG] An 'IServiceProvider' was created for internal use by Entity Framework.
2025-07-15 15:43:18.698 +03:00 [DBG] Entity Framework Core 9.0.7 initialized 'JournalAppDbContext' using provider 'Microsoft.EntityFrameworkCore.Sqlite:9.0.7' with options: None
2025-07-15 15:43:18.732 +03:00 [DBG] Compiling query expression: 
'DbSet<User>()
    .FirstOrDefault(u => u.UserName == __userName_0)'
2025-07-15 15:43:18.973 +03:00 [DBG] Generated query execution expression: 
'queryContext => SingleQueryingEnumerable.Create<User>(
    relationalQueryContext: (RelationalQueryContext)queryContext, 
    relationalCommandResolver: parameters => [LIFTABLE Constant: RelationalCommandCache.QueryExpression(
        Projection Mapping:
            EmptyProjectionMember -> Dictionary<IProperty, int> { [Property: User.Id (int) Required PK AfterSave:Throw ValueGenerated.OnAdd, 0], [Property: User.Password (string) Required, 1], [Property: User.UserName (string) Required, 2] }
        SELECT TOP(1) u.Id, u.Password, u.UserName
        FROM Users AS u
        WHERE u.UserName == @__userName_0) | Resolver: c => new RelationalCommandCache(
        c.Dependencies.MemoryCache, 
        c.RelationalDependencies.QuerySqlGeneratorFactory, 
        c.RelationalDependencies.RelationalParameterBasedSqlProcessorFactory, 
        Projection Mapping:
            EmptyProjectionMember -> Dictionary<IProperty, int> { [Property: User.Id (int) Required PK AfterSave:Throw ValueGenerated.OnAdd, 0], [Property: User.Password (string) Required, 1], [Property: User.UserName (string) Required, 2] }
        SELECT TOP(1) u.Id, u.Password, u.UserName
        FROM Users AS u
        WHERE u.UserName == @__userName_0, 
        False, 
        new HashSet<string>(
            new string[]{ }, 
            StringComparer.Ordinal
        )
    )].GetRelationalCommandTemplate(parameters), 
    readerColumns: null, 
    shaper: (queryContext, dataReader, resultContext, resultCoordinator) => 
    {
        User entity;
        entity = 
        {
            MaterializationContext materializationContext1;
            IEntityType entityType1;
            User instance1;
            InternalEntityEntry entry1;
            bool hasNullKey1;
            materializationContext1 = new MaterializationContext(
                [LIFTABLE Constant: ValueBuffer | Resolver: _ => (object)ValueBuffer.Empty], 
                queryContext.Context
            );
            instance1 = default(User);
            entry1 = queryContext.TryGetEntry(
                key: [LIFTABLE Constant: Key: User.Id PK | Resolver: c => c.Dependencies.Model.FindEntityType("JournalApp.Domain.User.User").FindPrimaryKey()], 
                keyValues: new object[]{ (object)dataReader.GetInt32(0) }, 
                throwOnNullKey: True, 
                hasNullKey: hasNullKey1);
            !(hasNullKey1) ? entry1 != default(InternalEntityEntry) ? 
            {
                entityType1 = entry1.EntityType;
                return instance1 = (User)entry1.Entity;
            } : 
            {
                ISnapshot shadowSnapshot1;
                shadowSnapshot1 = [LIFTABLE Constant: Snapshot | Resolver: _ => Snapshot.Empty];
                entityType1 = [LIFTABLE Constant: EntityType: User | Resolver: namelessParameter{0} => namelessParameter{0}.Dependencies.Model.FindEntityType("JournalApp.Domain.User.User")];
                instance1 = switch (entityType1)
                {
                    case [LIFTABLE Constant: EntityType: User | Resolver: namelessParameter{1} => namelessParameter{1}.Dependencies.Model.FindEntityType("JournalApp.Domain.User.User")]: 
                        {
                            return 
                            {
                                User instance;
                                instance = new User();
                                instance.<Id>k__BackingField = dataReader.GetInt32(0);
                                instance.<Password>k__BackingField = dataReader.GetString(1);
                                instance.<UserName>k__BackingField = dataReader.GetString(2);
                                (instance is IInjectableService) ? ((IInjectableService)instance).Injected(
                                    context: materializationContext1.Context, 
                                    entity: instance, 
                                    queryTrackingBehavior: TrackAll, 
                                    structuralType: [LIFTABLE Constant: EntityType: User | Resolver: namelessParameter{2} => namelessParameter{2}.Dependencies.Model.FindEntityType("JournalApp.Domain.User.User")]) : default(void);
                                return instance;
                            }}
                    default: 
                        default(User)
                }
                ;
                entry1 = entityType1 == default(IEntityType) ? default(InternalEntityEntry) : queryContext.StartTracking(
                    entityType: entityType1, 
                    entity: instance1, 
                    snapshot: shadowSnapshot1);
                return instance1;
            } : default(void);
            return instance1;
        };
        return entity;
    }, 
    contextType: JournalApp.Infrastructure.JournalAppDbContext, 
    standAloneStateManager: False, 
    detailedErrorsEnabled: False, 
    threadSafetyChecksEnabled: True)
    .SingleOrDefault()'
2025-07-15 15:43:19.000 +03:00 [DBG] Creating DbConnection.
2025-07-15 15:43:19.012 +03:00 [DBG] Created DbConnection. (9ms).
2025-07-15 15:43:19.016 +03:00 [DBG] Opening connection to database 'main' on server '/Users/sgrancharov/dev/dotnet/JournalApp/JournalApp/JournalApp.Infrastructure/JournalApp.db'.
2025-07-15 15:43:19.025 +03:00 [DBG] Opened connection to database 'main' on server '/Users/sgrancharov/dev/dotnet/JournalApp/JournalApp/JournalApp.Infrastructure/JournalApp.db'.
2025-07-15 15:43:19.034 +03:00 [DBG] Creating DbCommand for 'ExecuteReader'.
2025-07-15 15:43:19.039 +03:00 [DBG] Created DbCommand for 'ExecuteReader' (5ms).
2025-07-15 15:43:19.042 +03:00 [DBG] Initialized DbCommand for 'ExecuteReader' (10ms).
2025-07-15 15:43:19.048 +03:00 [DBG] Executing DbCommand [Parameters=[@__userName_0='?' (Size = 3)], CommandType='"Text"', CommandTimeout='30']
SELECT "u"."Id", "u"."Password", "u"."UserName"
FROM "Users" AS "u"
WHERE "u"."UserName" = @__userName_0
LIMIT 1
2025-07-15 15:43:19.066 +03:00 [INF] Executed DbCommand (15ms) [Parameters=[@__userName_0='?' (Size = 3)], CommandType='"Text"', CommandTimeout='30']
SELECT "u"."Id", "u"."Password", "u"."UserName"
FROM "Users" AS "u"
WHERE "u"."UserName" = @__userName_0
LIMIT 1
2025-07-15 15:43:19.097 +03:00 [DBG] Context 'JournalAppDbContext' started tracking 'User' entity. Consider using 'DbContextOptionsBuilder.EnableSensitiveDataLogging' to see key values.
2025-07-15 15:43:19.110 +03:00 [DBG] Closing data reader to 'main' on server '/Users/sgrancharov/dev/dotnet/JournalApp/JournalApp/JournalApp.Infrastructure/JournalApp.db'.
2025-07-15 15:43:19.114 +03:00 [DBG] A data reader for 'main' on server '/Users/sgrancharov/dev/dotnet/JournalApp/JournalApp/JournalApp.Infrastructure/JournalApp.db' is being disposed after spending 42ms reading results.
2025-07-15 15:43:19.117 +03:00 [DBG] Closing connection to database 'main' on server '/Users/sgrancharov/dev/dotnet/JournalApp/JournalApp/JournalApp.Infrastructure/JournalApp.db'.
2025-07-15 15:43:19.119 +03:00 [DBG] Closed connection to database 'main' on server '/Users/sgrancharov/dev/dotnet/JournalApp/JournalApp/JournalApp.Infrastructure/JournalApp.db' (2ms).
2025-07-15 15:43:21.921 +03:00 [DBG] Compiling query expression: 
'DbSet<User>()
    .FirstOrDefault(u => u.Id == __id_0)'
2025-07-15 15:43:21.924 +03:00 [DBG] Generated query execution expression: 
'queryContext => SingleQueryingEnumerable.Create<User>(
    relationalQueryContext: (RelationalQueryContext)queryContext, 
    relationalCommandResolver: parameters => [LIFTABLE Constant: RelationalCommandCache.QueryExpression(
        Projection Mapping:
            EmptyProjectionMember -> Dictionary<IProperty, int> { [Property: User.Id (int) Required PK AfterSave:Throw ValueGenerated.OnAdd, 0], [Property: User.Password (string) Required, 1], [Property: User.UserName (string) Required, 2] }
        SELECT TOP(1) u.Id, u.Password, u.UserName
        FROM Users AS u
        WHERE u.Id == @__id_0) | Resolver: c => new RelationalCommandCache(
        c.Dependencies.MemoryCache, 
        c.RelationalDependencies.QuerySqlGeneratorFactory, 
        c.RelationalDependencies.RelationalParameterBasedSqlProcessorFactory, 
        Projection Mapping:
            EmptyProjectionMember -> Dictionary<IProperty, int> { [Property: User.Id (int) Required PK AfterSave:Throw ValueGenerated.OnAdd, 0], [Property: User.Password (string) Required, 1], [Property: User.UserName (string) Required, 2] }
        SELECT TOP(1) u.Id, u.Password, u.UserName
        FROM Users AS u
        WHERE u.Id == @__id_0, 
        False, 
        new HashSet<string>(
            new string[]{ }, 
            StringComparer.Ordinal
        )
    )].GetRelationalCommandTemplate(parameters), 
    readerColumns: null, 
    shaper: (queryContext, dataReader, resultContext, resultCoordinator) => 
    {
        User entity;
        entity = 
        {
            MaterializationContext materializationContext1;
            IEntityType entityType1;
            User instance1;
            InternalEntityEntry entry1;
            bool hasNullKey1;
            materializationContext1 = new MaterializationContext(
                [LIFTABLE Constant: ValueBuffer | Resolver: _ => (object)ValueBuffer.Empty], 
                queryContext.Context
            );
            instance1 = default(User);
            entry1 = queryContext.TryGetEntry(
                key: [LIFTABLE Constant: Key: User.Id PK | Resolver: c => c.Dependencies.Model.FindEntityType("JournalApp.Domain.User.User").FindPrimaryKey()], 
                keyValues: new object[]{ (object)dataReader.GetInt32(0) }, 
                throwOnNullKey: True, 
                hasNullKey: hasNullKey1);
            !(hasNullKey1) ? entry1 != default(InternalEntityEntry) ? 
            {
                entityType1 = entry1.EntityType;
                return instance1 = (User)entry1.Entity;
            } : 
            {
                ISnapshot shadowSnapshot1;
                shadowSnapshot1 = [LIFTABLE Constant: Snapshot | Resolver: _ => Snapshot.Empty];
                entityType1 = [LIFTABLE Constant: EntityType: User | Resolver: namelessParameter{0} => namelessParameter{0}.Dependencies.Model.FindEntityType("JournalApp.Domain.User.User")];
                instance1 = switch (entityType1)
                {
                    case [LIFTABLE Constant: EntityType: User | Resolver: namelessParameter{1} => namelessParameter{1}.Dependencies.Model.FindEntityType("JournalApp.Domain.User.User")]: 
                        {
                            return 
                            {
                                User instance;
                                instance = new User();
                                instance.<Id>k__BackingField = dataReader.GetInt32(0);
                                instance.<Password>k__BackingField = dataReader.GetString(1);
                                instance.<UserName>k__BackingField = dataReader.GetString(2);
                                (instance is IInjectableService) ? ((IInjectableService)instance).Injected(
                                    context: materializationContext1.Context, 
                                    entity: instance, 
                                    queryTrackingBehavior: TrackAll, 
                                    structuralType: [LIFTABLE Constant: EntityType: User | Resolver: namelessParameter{2} => namelessParameter{2}.Dependencies.Model.FindEntityType("JournalApp.Domain.User.User")]) : default(void);
                                return instance;
                            }}
                    default: 
                        default(User)
                }
                ;
                entry1 = entityType1 == default(IEntityType) ? default(InternalEntityEntry) : queryContext.StartTracking(
                    entityType: entityType1, 
                    entity: instance1, 
                    snapshot: shadowSnapshot1);
                return instance1;
            } : default(void);
            return instance1;
        };
        return entity;
    }, 
    contextType: JournalApp.Infrastructure.JournalAppDbContext, 
    standAloneStateManager: False, 
    detailedErrorsEnabled: False, 
    threadSafetyChecksEnabled: True)
    .SingleOrDefault()'
2025-07-15 15:43:21.926 +03:00 [DBG] Opening connection to database 'main' on server '/Users/sgrancharov/dev/dotnet/JournalApp/JournalApp/JournalApp.Infrastructure/JournalApp.db'.
2025-07-15 15:43:21.926 +03:00 [DBG] Opened connection to database 'main' on server '/Users/sgrancharov/dev/dotnet/JournalApp/JournalApp/JournalApp.Infrastructure/JournalApp.db'.
2025-07-15 15:43:21.926 +03:00 [DBG] Creating DbCommand for 'ExecuteReader'.
2025-07-15 15:43:21.928 +03:00 [DBG] Created DbCommand for 'ExecuteReader' (1ms).
2025-07-15 15:43:21.928 +03:00 [DBG] Initialized DbCommand for 'ExecuteReader' (1ms).
2025-07-15 15:43:21.928 +03:00 [DBG] Executing DbCommand [Parameters=[@__id_0='?' (DbType = Int32)], CommandType='"Text"', CommandTimeout='30']
SELECT "u"."Id", "u"."Password", "u"."UserName"
FROM "Users" AS "u"
WHERE "u"."Id" = @__id_0
LIMIT 1
2025-07-15 15:43:21.929 +03:00 [INF] Executed DbCommand (1ms) [Parameters=[@__id_0='?' (DbType = Int32)], CommandType='"Text"', CommandTimeout='30']
SELECT "u"."Id", "u"."Password", "u"."UserName"
FROM "Users" AS "u"
WHERE "u"."Id" = @__id_0
LIMIT 1
2025-07-15 15:43:21.930 +03:00 [DBG] Closing data reader to 'main' on server '/Users/sgrancharov/dev/dotnet/JournalApp/JournalApp/JournalApp.Infrastructure/JournalApp.db'.
2025-07-15 15:43:21.930 +03:00 [DBG] A data reader for 'main' on server '/Users/sgrancharov/dev/dotnet/JournalApp/JournalApp/JournalApp.Infrastructure/JournalApp.db' is being disposed after spending 0ms reading results.
2025-07-15 15:43:21.930 +03:00 [DBG] Closing connection to database 'main' on server '/Users/sgrancharov/dev/dotnet/JournalApp/JournalApp/JournalApp.Infrastructure/JournalApp.db'.
2025-07-15 15:43:21.930 +03:00 [DBG] Closed connection to database 'main' on server '/Users/sgrancharov/dev/dotnet/JournalApp/JournalApp/JournalApp.Infrastructure/JournalApp.db' (0ms).
2025-07-15 15:44:35.059 +03:00 [DBG] An 'IServiceProvider' was created for internal use by Entity Framework.
2025-07-15 15:44:39.782 +03:00 [DBG] Entity Framework Core 9.0.7 initialized 'JournalAppDbContext' using provider 'Microsoft.EntityFrameworkCore.Sqlite:9.0.7' with options: None
2025-07-15 15:44:39.816 +03:00 [DBG] Compiling query expression: 
'DbSet<User>()
    .FirstOrDefault(u => u.UserName == __userName_0)'
2025-07-15 15:44:40.064 +03:00 [DBG] Generated query execution expression: 
'queryContext => SingleQueryingEnumerable.Create<User>(
    relationalQueryContext: (RelationalQueryContext)queryContext, 
    relationalCommandResolver: parameters => [LIFTABLE Constant: RelationalCommandCache.QueryExpression(
        Projection Mapping:
            EmptyProjectionMember -> Dictionary<IProperty, int> { [Property: User.Id (int) Required PK AfterSave:Throw ValueGenerated.OnAdd, 0], [Property: User.Password (string) Required, 1], [Property: User.UserName (string) Required, 2] }
        SELECT TOP(1) u.Id, u.Password, u.UserName
        FROM Users AS u
        WHERE u.UserName == @__userName_0) | Resolver: c => new RelationalCommandCache(
        c.Dependencies.MemoryCache, 
        c.RelationalDependencies.QuerySqlGeneratorFactory, 
        c.RelationalDependencies.RelationalParameterBasedSqlProcessorFactory, 
        Projection Mapping:
            EmptyProjectionMember -> Dictionary<IProperty, int> { [Property: User.Id (int) Required PK AfterSave:Throw ValueGenerated.OnAdd, 0], [Property: User.Password (string) Required, 1], [Property: User.UserName (string) Required, 2] }
        SELECT TOP(1) u.Id, u.Password, u.UserName
        FROM Users AS u
        WHERE u.UserName == @__userName_0, 
        False, 
        new HashSet<string>(
            new string[]{ }, 
            StringComparer.Ordinal
        )
    )].GetRelationalCommandTemplate(parameters), 
    readerColumns: null, 
    shaper: (queryContext, dataReader, resultContext, resultCoordinator) => 
    {
        User entity;
        entity = 
        {
            MaterializationContext materializationContext1;
            IEntityType entityType1;
            User instance1;
            InternalEntityEntry entry1;
            bool hasNullKey1;
            materializationContext1 = new MaterializationContext(
                [LIFTABLE Constant: ValueBuffer | Resolver: _ => (object)ValueBuffer.Empty], 
                queryContext.Context
            );
            instance1 = default(User);
            entry1 = queryContext.TryGetEntry(
                key: [LIFTABLE Constant: Key: User.Id PK | Resolver: c => c.Dependencies.Model.FindEntityType("JournalApp.Domain.User.User").FindPrimaryKey()], 
                keyValues: new object[]{ (object)dataReader.GetInt32(0) }, 
                throwOnNullKey: True, 
                hasNullKey: hasNullKey1);
            !(hasNullKey1) ? entry1 != default(InternalEntityEntry) ? 
            {
                entityType1 = entry1.EntityType;
                return instance1 = (User)entry1.Entity;
            } : 
            {
                ISnapshot shadowSnapshot1;
                shadowSnapshot1 = [LIFTABLE Constant: Snapshot | Resolver: _ => Snapshot.Empty];
                entityType1 = [LIFTABLE Constant: EntityType: User | Resolver: namelessParameter{0} => namelessParameter{0}.Dependencies.Model.FindEntityType("JournalApp.Domain.User.User")];
                instance1 = switch (entityType1)
                {
                    case [LIFTABLE Constant: EntityType: User | Resolver: namelessParameter{1} => namelessParameter{1}.Dependencies.Model.FindEntityType("JournalApp.Domain.User.User")]: 
                        {
                            return 
                            {
                                User instance;
                                instance = new User();
                                instance.<Id>k__BackingField = dataReader.GetInt32(0);
                                instance.<Password>k__BackingField = dataReader.GetString(1);
                                instance.<UserName>k__BackingField = dataReader.GetString(2);
                                (instance is IInjectableService) ? ((IInjectableService)instance).Injected(
                                    context: materializationContext1.Context, 
                                    entity: instance, 
                                    queryTrackingBehavior: TrackAll, 
                                    structuralType: [LIFTABLE Constant: EntityType: User | Resolver: namelessParameter{2} => namelessParameter{2}.Dependencies.Model.FindEntityType("JournalApp.Domain.User.User")]) : default(void);
                                return instance;
                            }}
                    default: 
                        default(User)
                }
                ;
                entry1 = entityType1 == default(IEntityType) ? default(InternalEntityEntry) : queryContext.StartTracking(
                    entityType: entityType1, 
                    entity: instance1, 
                    snapshot: shadowSnapshot1);
                return instance1;
            } : default(void);
            return instance1;
        };
        return entity;
    }, 
    contextType: JournalApp.Infrastructure.JournalAppDbContext, 
    standAloneStateManager: False, 
    detailedErrorsEnabled: False, 
    threadSafetyChecksEnabled: True)
    .SingleOrDefault()'
2025-07-15 15:44:40.092 +03:00 [DBG] Creating DbConnection.
2025-07-15 15:44:40.104 +03:00 [DBG] Created DbConnection. (10ms).
2025-07-15 15:44:40.108 +03:00 [DBG] Opening connection to database 'main' on server '/Users/sgrancharov/dev/dotnet/JournalApp/JournalApp/JournalApp.Infrastructure/JournalApp.db'.
2025-07-15 15:44:40.121 +03:00 [DBG] Opened connection to database 'main' on server '/Users/sgrancharov/dev/dotnet/JournalApp/JournalApp/JournalApp.Infrastructure/JournalApp.db'.
2025-07-15 15:44:40.129 +03:00 [DBG] Creating DbCommand for 'ExecuteReader'.
2025-07-15 15:44:40.134 +03:00 [DBG] Created DbCommand for 'ExecuteReader' (5ms).
2025-07-15 15:44:40.137 +03:00 [DBG] Initialized DbCommand for 'ExecuteReader' (11ms).
2025-07-15 15:44:40.145 +03:00 [DBG] Executing DbCommand [Parameters=[@__userName_0='?' (Size = 3)], CommandType='"Text"', CommandTimeout='30']
SELECT "u"."Id", "u"."Password", "u"."UserName"
FROM "Users" AS "u"
WHERE "u"."UserName" = @__userName_0
LIMIT 1
2025-07-15 15:44:40.167 +03:00 [INF] Executed DbCommand (19ms) [Parameters=[@__userName_0='?' (Size = 3)], CommandType='"Text"', CommandTimeout='30']
SELECT "u"."Id", "u"."Password", "u"."UserName"
FROM "Users" AS "u"
WHERE "u"."UserName" = @__userName_0
LIMIT 1
2025-07-15 15:44:40.197 +03:00 [DBG] Context 'JournalAppDbContext' started tracking 'User' entity. Consider using 'DbContextOptionsBuilder.EnableSensitiveDataLogging' to see key values.
2025-07-15 15:44:40.211 +03:00 [DBG] Closing data reader to 'main' on server '/Users/sgrancharov/dev/dotnet/JournalApp/JournalApp/JournalApp.Infrastructure/JournalApp.db'.
2025-07-15 15:44:40.216 +03:00 [DBG] A data reader for 'main' on server '/Users/sgrancharov/dev/dotnet/JournalApp/JournalApp/JournalApp.Infrastructure/JournalApp.db' is being disposed after spending 42ms reading results.
2025-07-15 15:44:40.218 +03:00 [DBG] Closing connection to database 'main' on server '/Users/sgrancharov/dev/dotnet/JournalApp/JournalApp/JournalApp.Infrastructure/JournalApp.db'.
2025-07-15 15:44:40.220 +03:00 [DBG] Closed connection to database 'main' on server '/Users/sgrancharov/dev/dotnet/JournalApp/JournalApp/JournalApp.Infrastructure/JournalApp.db' (2ms).
2025-07-15 15:44:42.346 +03:00 [DBG] Compiling query expression: 
'DbSet<User>()
    .Include(u => u.Journals)
    .FirstOrDefault(u => u.Id == __id_0)'
2025-07-15 15:44:42.355 +03:00 [DBG] Including navigation: 'User.Journals'.
2025-07-15 15:44:42.414 +03:00 [DBG] Generated query execution expression: 
'queryContext => SingleQueryingEnumerable.Create<User>(
    relationalQueryContext: (RelationalQueryContext)queryContext, 
    relationalCommandResolver: parameters => [LIFTABLE Constant: RelationalCommandCache.QueryExpression(
        Client Projections:
            0 -> Dictionary<IProperty, int> { [Property: User.Id (int) Required PK AfterSave:Throw ValueGenerated.OnAdd, 0], [Property: User.Password (string) Required, 1], [Property: User.UserName (string) Required, 2] }
            1 -> 0
            2 -> Dictionary<IProperty, int> { [Property: Journal.Id (int) Required PK AfterSave:Throw ValueGenerated.OnAdd, 3], [Property: Journal.Content (string) Required, 4], [Property: Journal.UserId (int) Required FK Index, 5] }
            3 -> 3
        SELECT u0.Id, u0.Password, u0.UserName, j.Id, j.Content, j.UserId
        FROM 
        (
            SELECT TOP(1) u.Id, u.Password, u.UserName
            FROM Users AS u
            WHERE u.Id == @__id_0
        ) AS u0
        LEFT JOIN Journals AS j ON u0.Id == j.UserId
        ORDER BY u0.Id ASC) | Resolver: c => new RelationalCommandCache(
        c.Dependencies.MemoryCache, 
        c.RelationalDependencies.QuerySqlGeneratorFactory, 
        c.RelationalDependencies.RelationalParameterBasedSqlProcessorFactory, 
        Client Projections:
            0 -> Dictionary<IProperty, int> { [Property: User.Id (int) Required PK AfterSave:Throw ValueGenerated.OnAdd, 0], [Property: User.Password (string) Required, 1], [Property: User.UserName (string) Required, 2] }
            1 -> 0
            2 -> Dictionary<IProperty, int> { [Property: Journal.Id (int) Required PK AfterSave:Throw ValueGenerated.OnAdd, 3], [Property: Journal.Content (string) Required, 4], [Property: Journal.UserId (int) Required FK Index, 5] }
            3 -> 3
        SELECT u0.Id, u0.Password, u0.UserName, j.Id, j.Content, j.UserId
        FROM 
        (
            SELECT TOP(1) u.Id, u.Password, u.UserName
            FROM Users AS u
            WHERE u.Id == @__id_0
        ) AS u0
        LEFT JOIN Journals AS j ON u0.Id == j.UserId
        ORDER BY u0.Id ASC, 
        False, 
        new HashSet<string>(
            new string[]{ }, 
            StringComparer.Ordinal
        )
    )].GetRelationalCommandTemplate(parameters), 
    readerColumns: null, 
    shaper: (queryContext, dataReader, resultContext, resultCoordinator) => 
    {
        resultContext.Values == null ? 
        {
            User entity;
            entity = 
            {
                MaterializationContext materializationContext1;
                IEntityType entityType1;
                User instance1;
                InternalEntityEntry entry1;
                bool hasNullKey1;
                materializationContext1 = new MaterializationContext(
                    [LIFTABLE Constant: ValueBuffer | Resolver: _ => (object)ValueBuffer.Empty], 
                    queryContext.Context
                );
                instance1 = default(User);
                entry1 = queryContext.TryGetEntry(
                    key: [LIFTABLE Constant: Key: User.Id PK | Resolver: c => c.Dependencies.Model.FindEntityType("JournalApp.Domain.User.User").FindPrimaryKey()], 
                    keyValues: new object[]{ (object)dataReader.GetInt32(0) }, 
                    throwOnNullKey: True, 
                    hasNullKey: hasNullKey1);
                !(hasNullKey1) ? entry1 != default(InternalEntityEntry) ? 
                {
                    entityType1 = entry1.EntityType;
                    return instance1 = (User)entry1.Entity;
                } : 
                {
                    ISnapshot shadowSnapshot1;
                    shadowSnapshot1 = [LIFTABLE Constant: Snapshot | Resolver: _ => Snapshot.Empty];
                    entityType1 = [LIFTABLE Constant: EntityType: User | Resolver: namelessParameter{0} => namelessParameter{0}.Dependencies.Model.FindEntityType("JournalApp.Domain.User.User")];
                    instance1 = switch (entityType1)
                    {
                        case [LIFTABLE Constant: EntityType: User | Resolver: namelessParameter{1} => namelessParameter{1}.Dependencies.Model.FindEntityType("JournalApp.Domain.User.User")]: 
                            {
                                return 
                                {
                                    User instance;
                                    instance = new User();
                                    instance.<Id>k__BackingField = dataReader.GetInt32(0);
                                    instance.<Password>k__BackingField = dataReader.GetString(1);
                                    instance.<UserName>k__BackingField = dataReader.GetString(2);
                                    (instance is IInjectableService) ? ((IInjectableService)instance).Injected(
                                        context: materializationContext1.Context, 
                                        entity: instance, 
                                        queryTrackingBehavior: TrackAll, 
                                        structuralType: [LIFTABLE Constant: EntityType: User | Resolver: namelessParameter{2} => namelessParameter{2}.Dependencies.Model.FindEntityType("JournalApp.Domain.User.User")]) : default(void);
                                    return instance;
                                }}
                        default: 
                            default(User)
                    }
                    ;
                    entry1 = entityType1 == default(IEntityType) ? default(InternalEntityEntry) : queryContext.StartTracking(
                        entityType: entityType1, 
                        entity: instance1, 
                        snapshot: shadowSnapshot1);
                    return instance1;
                } : default(void);
                return instance1;
            };
            resultContext.Values = new object[]{ entity };
            ShaperProcessingExpressionVisitor.InitializeIncludeCollection<User, User>(
                collectionId: 0, 
                queryContext: queryContext, 
                dbDataReader: dataReader, 
                resultCoordinator: resultCoordinator, 
                entity: (User)(resultContext.Values[0]), 
                parentIdentifier: [LIFTABLE Constant: Func<QueryContext, DbDataReader, object[]> | Resolver: _ => (queryContext, dataReader) => new object[]{ (object)(int?)dataReader.GetInt32(0) }], 
                outerIdentifier: [LIFTABLE Constant: Func<QueryContext, DbDataReader, object[]> | Resolver: _ => (queryContext, dataReader) => new object[]{ (object)(int?)dataReader.GetInt32(0) }], 
                navigation: [LIFTABLE Constant: Navigation: User.Journals (List<Journal>) Collection ToDependent Journal Inverse: User | Resolver: namelessParameter{3} => namelessParameter{3}.Dependencies.Model.FindEntityType("JournalApp.Domain.User.User").FindNavigation("Journals")], 
                clrCollectionAccessor: [LIFTABLE Constant: ClrICollectionAccessor<User, List<Journal>, Journal> | Resolver: namelessParameter{4} => namelessParameter{4}.Dependencies.Model.FindEntityType("JournalApp.Domain.User.User").FindNavigation("Journals").GetCollectionAccessor()], 
                trackingQuery: True, 
                setLoaded: True);
        } : default(void);
        ShaperProcessingExpressionVisitor.PopulateIncludeCollection<User, Journal>(
            collectionId: 0, 
            queryContext: queryContext, 
            dbDataReader: dataReader, 
            resultCoordinator: resultCoordinator, 
            parentIdentifier: [LIFTABLE Constant: Func<QueryContext, DbDataReader, object[]> | Resolver: _ => (queryContext, dataReader) => new object[]{ (object)(int?)dataReader.GetInt32(0) }], 
            outerIdentifier: [LIFTABLE Constant: Func<QueryContext, DbDataReader, object[]> | Resolver: _ => (queryContext, dataReader) => new object[]{ (object)(int?)dataReader.GetInt32(0) }], 
            selfIdentifier: [LIFTABLE Constant: Func<QueryContext, DbDataReader, object[]> | Resolver: _ => (queryContext, dataReader) => new object[]{ (object)dataReader.IsDBNull(3) ? default(int?) : (int?)dataReader.GetInt32(3) }], 
            parentIdentifierValueComparers: [LIFTABLE Constant: Func<object, object, bool>[] { Func<object, object, bool> } | Resolver: _ => new Func<object, object, bool>[]{ (left, right) => left == null ? right == null : right != null && (int)left == (int)right }], 
            outerIdentifierValueComparers: [LIFTABLE Constant: Func<object, object, bool>[] { Func<object, object, bool> } | Resolver: _ => new Func<object, object, bool>[]{ (left, right) => left == null ? right == null : right != null && (int)left == (int)right }], 
            selfIdentifierValueComparers: [LIFTABLE Constant: Func<object, object, bool>[] { Func<object, object, bool> } | Resolver: _ => new Func<object, object, bool>[]{ (left, right) => left == null ? right == null : right != null && (int)left == (int)right }], 
            innerShaper: (queryContext, dataReader, resultContext, resultCoordinator) => 
            {
                Journal entity;
                entity = 
                {
                    MaterializationContext materializationContext2;
                    IEntityType entityType2;
                    Journal instance2;
                    InternalEntityEntry entry2;
                    bool hasNullKey2;
                    materializationContext2 = new MaterializationContext(
                        [LIFTABLE Constant: ValueBuffer | Resolver: _ => (object)ValueBuffer.Empty], 
                        queryContext.Context
                    );
                    instance2 = default(Journal);
                    entry2 = queryContext.TryGetEntry(
                        key: [LIFTABLE Constant: Key: Journal.Id PK | Resolver: c => c.Dependencies.Model.FindEntityType("JournalApp.Domain.Journal.Journal").FindPrimaryKey()], 
                        keyValues: new object[]{ dataReader.IsDBNull(3) ? default(object) : (object)dataReader.GetInt32(3) }, 
                        throwOnNullKey: False, 
                        hasNullKey: hasNullKey2);
                    !(hasNullKey2) ? entry2 != default(InternalEntityEntry) ? 
                    {
                        entityType2 = entry2.EntityType;
                        return instance2 = (Journal)entry2.Entity;
                    } : 
                    {
                        ISnapshot shadowSnapshot2;
                        shadowSnapshot2 = [LIFTABLE Constant: Snapshot | Resolver: _ => Snapshot.Empty];
                        entityType2 = [LIFTABLE Constant: EntityType: Journal | Resolver: namelessParameter{5} => namelessParameter{5}.Dependencies.Model.FindEntityType("JournalApp.Domain.Journal.Journal")];
                        instance2 = switch (entityType2)
                        {
                            case [LIFTABLE Constant: EntityType: Journal | Resolver: namelessParameter{6} => namelessParameter{6}.Dependencies.Model.FindEntityType("JournalApp.Domain.Journal.Journal")]: 
                                {
                                    return 
                                    {
                                        Journal instance;
                                        instance = new Journal();
                                        instance.<Id>k__BackingField = dataReader.IsDBNull(3) ? default(int) : dataReader.GetInt32(3);
                                        instance.<Content>k__BackingField = dataReader.IsDBNull(4) ? default(string) : dataReader.GetString(4);
                                        instance.<UserId>k__BackingField = dataReader.IsDBNull(5) ? default(int) : dataReader.GetInt32(5);
                                        (instance is IInjectableService) ? ((IInjectableService)instance).Injected(
                                            context: materializationContext2.Context, 
                                            entity: instance, 
                                            queryTrackingBehavior: TrackAll, 
                                            structuralType: [LIFTABLE Constant: EntityType: Journal | Resolver: namelessParameter{7} => namelessParameter{7}.Dependencies.Model.FindEntityType("JournalApp.Domain.Journal.Journal")]) : default(void);
                                        return instance;
                                    }}
                            default: 
                                default(Journal)
                        }
                        ;
                        entry2 = entityType2 == default(IEntityType) ? default(InternalEntityEntry) : queryContext.StartTracking(
                            entityType: entityType2, 
                            entity: instance2, 
                            snapshot: shadowSnapshot2);
                        return instance2;
                    } : default(void);
                    return instance2;
                };
                return entity;
            }, 
            inverseNavigation: [LIFTABLE Constant: Navigation: Journal.User (User) ToPrincipal User Inverse: Journals | Resolver: namelessParameter{8} => namelessParameter{8}.Dependencies.Model.FindEntityType("JournalApp.Domain.Journal.Journal").FindNavigation("User")], 
            fixup: (namelessParameter{9}, namelessParameter{10}) => 
            {
                [LIFTABLE Constant: ClrICollectionAccessor<User, List<Journal>, Journal> | Resolver: namelessParameter{11} => namelessParameter{11}.Dependencies.Model.FindEntityType("JournalApp.Domain.User.User").FindNavigation("Journals").GetCollectionAccessor()].Add(
                    entity: namelessParameter{9}, 
                    value: namelessParameter{10}, 
                    forMaterialization: True);
                return namelessParameter{10}.<User>k__BackingField = namelessParameter{9};
            }, 
            trackingQuery: True);
        return IsTrue(resultCoordinator.ResultReady)
         ? (User)(resultContext.Values[0]) : default(User);
    }, 
    contextType: JournalApp.Infrastructure.JournalAppDbContext, 
    standAloneStateManager: False, 
    detailedErrorsEnabled: False, 
    threadSafetyChecksEnabled: True)
    .SingleOrDefault()'
2025-07-15 15:44:42.418 +03:00 [DBG] Opening connection to database 'main' on server '/Users/sgrancharov/dev/dotnet/JournalApp/JournalApp/JournalApp.Infrastructure/JournalApp.db'.
2025-07-15 15:44:42.418 +03:00 [DBG] Opened connection to database 'main' on server '/Users/sgrancharov/dev/dotnet/JournalApp/JournalApp/JournalApp.Infrastructure/JournalApp.db'.
2025-07-15 15:44:42.419 +03:00 [DBG] Creating DbCommand for 'ExecuteReader'.
2025-07-15 15:44:42.419 +03:00 [DBG] Created DbCommand for 'ExecuteReader' (0ms).
2025-07-15 15:44:42.419 +03:00 [DBG] Initialized DbCommand for 'ExecuteReader' (0ms).
2025-07-15 15:44:42.419 +03:00 [DBG] Executing DbCommand [Parameters=[@__id_0='?' (DbType = Int32)], CommandType='"Text"', CommandTimeout='30']
SELECT "u0"."Id", "u0"."Password", "u0"."UserName", "j"."Id", "j"."Content", "j"."UserId"
FROM (
    SELECT "u"."Id", "u"."Password", "u"."UserName"
    FROM "Users" AS "u"
    WHERE "u"."Id" = @__id_0
    LIMIT 1
) AS "u0"
LEFT JOIN "Journals" AS "j" ON "u0"."Id" = "j"."UserId"
ORDER BY "u0"."Id"
2025-07-15 15:44:42.420 +03:00 [INF] Executed DbCommand (1ms) [Parameters=[@__id_0='?' (DbType = Int32)], CommandType='"Text"', CommandTimeout='30']
SELECT "u0"."Id", "u0"."Password", "u0"."UserName", "j"."Id", "j"."Content", "j"."UserId"
FROM (
    SELECT "u"."Id", "u"."Password", "u"."UserName"
    FROM "Users" AS "u"
    WHERE "u"."Id" = @__id_0
    LIMIT 1
) AS "u0"
LEFT JOIN "Journals" AS "j" ON "u0"."Id" = "j"."UserId"
ORDER BY "u0"."Id"
2025-07-15 15:44:42.435 +03:00 [DBG] Context 'JournalAppDbContext' started tracking 'Journal' entity. Consider using 'DbContextOptionsBuilder.EnableSensitiveDataLogging' to see key values.
2025-07-15 15:44:42.436 +03:00 [DBG] Context 'JournalAppDbContext' started tracking 'Journal' entity. Consider using 'DbContextOptionsBuilder.EnableSensitiveDataLogging' to see key values.
2025-07-15 15:44:42.436 +03:00 [DBG] Closing data reader to 'main' on server '/Users/sgrancharov/dev/dotnet/JournalApp/JournalApp/JournalApp.Infrastructure/JournalApp.db'.
2025-07-15 15:44:42.436 +03:00 [DBG] A data reader for 'main' on server '/Users/sgrancharov/dev/dotnet/JournalApp/JournalApp/JournalApp.Infrastructure/JournalApp.db' is being disposed after spending 16ms reading results.
2025-07-15 15:44:42.437 +03:00 [DBG] Closing connection to database 'main' on server '/Users/sgrancharov/dev/dotnet/JournalApp/JournalApp/JournalApp.Infrastructure/JournalApp.db'.
2025-07-15 15:44:42.437 +03:00 [DBG] Closed connection to database 'main' on server '/Users/sgrancharov/dev/dotnet/JournalApp/JournalApp/JournalApp.Infrastructure/JournalApp.db' (0ms).
2025-07-15 15:44:50.229 +03:00 [DBG] An entity of type 'Journal' tracked by 'JournalAppDbContext' changed state from '"Unchanged"' to '"Modified"'. Consider using 'DbContextOptionsBuilder.EnableSensitiveDataLogging' to see key values.
2025-07-15 15:44:50.231 +03:00 [DBG] SaveChanges starting for 'JournalAppDbContext'.
2025-07-15 15:44:50.234 +03:00 [DBG] DetectChanges starting for 'JournalAppDbContext'.
2025-07-15 15:44:50.244 +03:00 [DBG] DetectChanges completed for 'JournalAppDbContext'.
2025-07-15 15:44:50.301 +03:00 [DBG] Opening connection to database 'main' on server '/Users/sgrancharov/dev/dotnet/JournalApp/JournalApp/JournalApp.Infrastructure/JournalApp.db'.
2025-07-15 15:44:50.303 +03:00 [DBG] Opened connection to database 'main' on server '/Users/sgrancharov/dev/dotnet/JournalApp/JournalApp/JournalApp.Infrastructure/JournalApp.db'.
2025-07-15 15:44:50.306 +03:00 [DBG] Creating DbCommand for 'ExecuteReader'.
2025-07-15 15:44:50.306 +03:00 [DBG] Created DbCommand for 'ExecuteReader' (0ms).
2025-07-15 15:44:50.306 +03:00 [DBG] Initialized DbCommand for 'ExecuteReader' (0ms).
2025-07-15 15:44:50.307 +03:00 [DBG] Executing DbCommand [Parameters=[@p2='?' (DbType = Int32), @p0='?' (Size = 29), @p1='?' (DbType = Int32)], CommandType='"Text"', CommandTimeout='30']
UPDATE "Journals" SET "Content" = @p0, "UserId" = @p1
WHERE "Id" = @p2
RETURNING 1;
2025-07-15 15:44:50.309 +03:00 [INF] Executed DbCommand (2ms) [Parameters=[@p2='?' (DbType = Int32), @p0='?' (Size = 29), @p1='?' (DbType = Int32)], CommandType='"Text"', CommandTimeout='30']
UPDATE "Journals" SET "Content" = @p0, "UserId" = @p1
WHERE "Id" = @p2
RETURNING 1;
2025-07-15 15:44:50.313 +03:00 [DBG] Closing data reader to 'main' on server '/Users/sgrancharov/dev/dotnet/JournalApp/JournalApp/JournalApp.Infrastructure/JournalApp.db'.
2025-07-15 15:44:50.314 +03:00 [DBG] A data reader for 'main' on server '/Users/sgrancharov/dev/dotnet/JournalApp/JournalApp/JournalApp.Infrastructure/JournalApp.db' is being disposed after spending 5ms reading results.
2025-07-15 15:44:50.316 +03:00 [DBG] Closing connection to database 'main' on server '/Users/sgrancharov/dev/dotnet/JournalApp/JournalApp/JournalApp.Infrastructure/JournalApp.db'.
2025-07-15 15:44:50.317 +03:00 [DBG] Closed connection to database 'main' on server '/Users/sgrancharov/dev/dotnet/JournalApp/JournalApp/JournalApp.Infrastructure/JournalApp.db' (0ms).
2025-07-15 15:44:50.318 +03:00 [DBG] An entity of type 'Journal' tracked by 'JournalAppDbContext' changed state from '"Modified"' to '"Unchanged"'. Consider using 'DbContextOptionsBuilder.EnableSensitiveDataLogging' to see key values.
2025-07-15 15:44:50.319 +03:00 [DBG] SaveChanges completed for 'JournalAppDbContext' with 1 entities written to the database.
2025-07-15 15:44:55.194 +03:00 [DBG] Opening connection to database 'main' on server '/Users/sgrancharov/dev/dotnet/JournalApp/JournalApp/JournalApp.Infrastructure/JournalApp.db'.
2025-07-15 15:44:55.194 +03:00 [DBG] Opened connection to database 'main' on server '/Users/sgrancharov/dev/dotnet/JournalApp/JournalApp/JournalApp.Infrastructure/JournalApp.db'.
2025-07-15 15:44:55.194 +03:00 [DBG] Creating DbCommand for 'ExecuteReader'.
2025-07-15 15:44:55.194 +03:00 [DBG] Created DbCommand for 'ExecuteReader' (0ms).
2025-07-15 15:44:55.195 +03:00 [DBG] Initialized DbCommand for 'ExecuteReader' (0ms).
2025-07-15 15:44:55.195 +03:00 [DBG] Executing DbCommand [Parameters=[@__id_0='?' (DbType = Int32)], CommandType='"Text"', CommandTimeout='30']
SELECT "u0"."Id", "u0"."Password", "u0"."UserName", "j"."Id", "j"."Content", "j"."UserId"
FROM (
    SELECT "u"."Id", "u"."Password", "u"."UserName"
    FROM "Users" AS "u"
    WHERE "u"."Id" = @__id_0
    LIMIT 1
) AS "u0"
LEFT JOIN "Journals" AS "j" ON "u0"."Id" = "j"."UserId"
ORDER BY "u0"."Id"
2025-07-15 15:44:55.195 +03:00 [INF] Executed DbCommand (0ms) [Parameters=[@__id_0='?' (DbType = Int32)], CommandType='"Text"', CommandTimeout='30']
SELECT "u0"."Id", "u0"."Password", "u0"."UserName", "j"."Id", "j"."Content", "j"."UserId"
FROM (
    SELECT "u"."Id", "u"."Password", "u"."UserName"
    FROM "Users" AS "u"
    WHERE "u"."Id" = @__id_0
    LIMIT 1
) AS "u0"
LEFT JOIN "Journals" AS "j" ON "u0"."Id" = "j"."UserId"
ORDER BY "u0"."Id"
2025-07-15 15:44:55.195 +03:00 [DBG] Closing data reader to 'main' on server '/Users/sgrancharov/dev/dotnet/JournalApp/JournalApp/JournalApp.Infrastructure/JournalApp.db'.
2025-07-15 15:44:55.195 +03:00 [DBG] A data reader for 'main' on server '/Users/sgrancharov/dev/dotnet/JournalApp/JournalApp/JournalApp.Infrastructure/JournalApp.db' is being disposed after spending 0ms reading results.
2025-07-15 15:44:55.195 +03:00 [DBG] Closing connection to database 'main' on server '/Users/sgrancharov/dev/dotnet/JournalApp/JournalApp/JournalApp.Infrastructure/JournalApp.db'.
2025-07-15 15:44:55.195 +03:00 [DBG] Closed connection to database 'main' on server '/Users/sgrancharov/dev/dotnet/JournalApp/JournalApp/JournalApp.Infrastructure/JournalApp.db' (0ms).
2025-07-15 15:44:57.422 +03:00 [DBG] An entity of type 'Journal' tracked by 'JournalAppDbContext' changed state from '"Unchanged"' to '"Modified"'. Consider using 'DbContextOptionsBuilder.EnableSensitiveDataLogging' to see key values.
2025-07-15 15:44:57.422 +03:00 [DBG] SaveChanges starting for 'JournalAppDbContext'.
2025-07-15 15:44:57.422 +03:00 [DBG] DetectChanges starting for 'JournalAppDbContext'.
2025-07-15 15:44:57.422 +03:00 [DBG] DetectChanges completed for 'JournalAppDbContext'.
2025-07-15 15:44:57.423 +03:00 [DBG] Opening connection to database 'main' on server '/Users/sgrancharov/dev/dotnet/JournalApp/JournalApp/JournalApp.Infrastructure/JournalApp.db'.
2025-07-15 15:44:57.423 +03:00 [DBG] Opened connection to database 'main' on server '/Users/sgrancharov/dev/dotnet/JournalApp/JournalApp/JournalApp.Infrastructure/JournalApp.db'.
2025-07-15 15:44:57.423 +03:00 [DBG] Creating DbCommand for 'ExecuteReader'.
2025-07-15 15:44:57.423 +03:00 [DBG] Created DbCommand for 'ExecuteReader' (0ms).
2025-07-15 15:44:57.423 +03:00 [DBG] Initialized DbCommand for 'ExecuteReader' (0ms).
2025-07-15 15:44:57.423 +03:00 [DBG] Executing DbCommand [Parameters=[@p2='?' (DbType = Int32), @p0='?' (Size = 34), @p1='?' (DbType = Int32)], CommandType='"Text"', CommandTimeout='30']
UPDATE "Journals" SET "Content" = @p0, "UserId" = @p1
WHERE "Id" = @p2
RETURNING 1;
2025-07-15 15:44:57.424 +03:00 [INF] Executed DbCommand (0ms) [Parameters=[@p2='?' (DbType = Int32), @p0='?' (Size = 34), @p1='?' (DbType = Int32)], CommandType='"Text"', CommandTimeout='30']
UPDATE "Journals" SET "Content" = @p0, "UserId" = @p1
WHERE "Id" = @p2
RETURNING 1;
2025-07-15 15:44:57.424 +03:00 [DBG] Closing data reader to 'main' on server '/Users/sgrancharov/dev/dotnet/JournalApp/JournalApp/JournalApp.Infrastructure/JournalApp.db'.
2025-07-15 15:44:57.424 +03:00 [DBG] A data reader for 'main' on server '/Users/sgrancharov/dev/dotnet/JournalApp/JournalApp/JournalApp.Infrastructure/JournalApp.db' is being disposed after spending 0ms reading results.
2025-07-15 15:44:57.424 +03:00 [DBG] Closing connection to database 'main' on server '/Users/sgrancharov/dev/dotnet/JournalApp/JournalApp/JournalApp.Infrastructure/JournalApp.db'.
2025-07-15 15:44:57.424 +03:00 [DBG] Closed connection to database 'main' on server '/Users/sgrancharov/dev/dotnet/JournalApp/JournalApp/JournalApp.Infrastructure/JournalApp.db' (0ms).
2025-07-15 15:44:57.424 +03:00 [DBG] An entity of type 'Journal' tracked by 'JournalAppDbContext' changed state from '"Modified"' to '"Unchanged"'. Consider using 'DbContextOptionsBuilder.EnableSensitiveDataLogging' to see key values.
2025-07-15 15:44:57.425 +03:00 [DBG] SaveChanges completed for 'JournalAppDbContext' with 1 entities written to the database.
2025-07-15 15:45:02.130 +03:00 [DBG] Opening connection to database 'main' on server '/Users/sgrancharov/dev/dotnet/JournalApp/JournalApp/JournalApp.Infrastructure/JournalApp.db'.
2025-07-15 15:45:02.131 +03:00 [DBG] Opened connection to database 'main' on server '/Users/sgrancharov/dev/dotnet/JournalApp/JournalApp/JournalApp.Infrastructure/JournalApp.db'.
2025-07-15 15:45:02.131 +03:00 [DBG] Creating DbCommand for 'ExecuteReader'.
2025-07-15 15:45:02.131 +03:00 [DBG] Created DbCommand for 'ExecuteReader' (0ms).
2025-07-15 15:45:02.131 +03:00 [DBG] Initialized DbCommand for 'ExecuteReader' (0ms).
2025-07-15 15:45:02.131 +03:00 [DBG] Executing DbCommand [Parameters=[@__userName_0='?' (Size = 3)], CommandType='"Text"', CommandTimeout='30']
SELECT "u"."Id", "u"."Password", "u"."UserName"
FROM "Users" AS "u"
WHERE "u"."UserName" = @__userName_0
LIMIT 1
2025-07-15 15:45:02.131 +03:00 [INF] Executed DbCommand (0ms) [Parameters=[@__userName_0='?' (Size = 3)], CommandType='"Text"', CommandTimeout='30']
SELECT "u"."Id", "u"."Password", "u"."UserName"
FROM "Users" AS "u"
WHERE "u"."UserName" = @__userName_0
LIMIT 1
2025-07-15 15:45:02.131 +03:00 [DBG] Closing data reader to 'main' on server '/Users/sgrancharov/dev/dotnet/JournalApp/JournalApp/JournalApp.Infrastructure/JournalApp.db'.
2025-07-15 15:45:02.131 +03:00 [DBG] A data reader for 'main' on server '/Users/sgrancharov/dev/dotnet/JournalApp/JournalApp/JournalApp.Infrastructure/JournalApp.db' is being disposed after spending 0ms reading results.
2025-07-15 15:45:02.132 +03:00 [DBG] Closing connection to database 'main' on server '/Users/sgrancharov/dev/dotnet/JournalApp/JournalApp/JournalApp.Infrastructure/JournalApp.db'.
2025-07-15 15:45:02.132 +03:00 [DBG] Closed connection to database 'main' on server '/Users/sgrancharov/dev/dotnet/JournalApp/JournalApp/JournalApp.Infrastructure/JournalApp.db' (0ms).
2025-07-15 15:49:38.195 +03:00 [DBG] An 'IServiceProvider' was created for internal use by Entity Framework.
2025-07-15 15:50:24.880 +03:00 [DBG] Entity Framework Core 9.0.7 initialized 'JournalAppDbContext' using provider 'Microsoft.EntityFrameworkCore.Sqlite:9.0.7' with options: None
2025-07-15 15:50:24.907 +03:00 [DBG] Compiling query expression: 
'DbSet<User>()
    .FirstOrDefault(u => u.UserName == __userName_0)'
2025-07-15 15:50:25.105 +03:00 [DBG] Generated query execution expression: 
'queryContext => SingleQueryingEnumerable.Create<User>(
    relationalQueryContext: (RelationalQueryContext)queryContext, 
    relationalCommandResolver: parameters => [LIFTABLE Constant: RelationalCommandCache.QueryExpression(
        Projection Mapping:
            EmptyProjectionMember -> Dictionary<IProperty, int> { [Property: User.Id (int) Required PK AfterSave:Throw ValueGenerated.OnAdd, 0], [Property: User.Password (string) Required, 1], [Property: User.UserName (string) Required, 2] }
        SELECT TOP(1) u.Id, u.Password, u.UserName
        FROM Users AS u
        WHERE u.UserName == @__userName_0) | Resolver: c => new RelationalCommandCache(
        c.Dependencies.MemoryCache, 
        c.RelationalDependencies.QuerySqlGeneratorFactory, 
        c.RelationalDependencies.RelationalParameterBasedSqlProcessorFactory, 
        Projection Mapping:
            EmptyProjectionMember -> Dictionary<IProperty, int> { [Property: User.Id (int) Required PK AfterSave:Throw ValueGenerated.OnAdd, 0], [Property: User.Password (string) Required, 1], [Property: User.UserName (string) Required, 2] }
        SELECT TOP(1) u.Id, u.Password, u.UserName
        FROM Users AS u
        WHERE u.UserName == @__userName_0, 
        False, 
        new HashSet<string>(
            new string[]{ }, 
            StringComparer.Ordinal
        )
    )].GetRelationalCommandTemplate(parameters), 
    readerColumns: null, 
    shaper: (queryContext, dataReader, resultContext, resultCoordinator) => 
    {
        User entity;
        entity = 
        {
            MaterializationContext materializationContext1;
            IEntityType entityType1;
            User instance1;
            InternalEntityEntry entry1;
            bool hasNullKey1;
            materializationContext1 = new MaterializationContext(
                [LIFTABLE Constant: ValueBuffer | Resolver: _ => (object)ValueBuffer.Empty], 
                queryContext.Context
            );
            instance1 = default(User);
            entry1 = queryContext.TryGetEntry(
                key: [LIFTABLE Constant: Key: User.Id PK | Resolver: c => c.Dependencies.Model.FindEntityType("JournalApp.Domain.User.User").FindPrimaryKey()], 
                keyValues: new object[]{ (object)dataReader.GetInt32(0) }, 
                throwOnNullKey: True, 
                hasNullKey: hasNullKey1);
            !(hasNullKey1) ? entry1 != default(InternalEntityEntry) ? 
            {
                entityType1 = entry1.EntityType;
                return instance1 = (User)entry1.Entity;
            } : 
            {
                ISnapshot shadowSnapshot1;
                shadowSnapshot1 = [LIFTABLE Constant: Snapshot | Resolver: _ => Snapshot.Empty];
                entityType1 = [LIFTABLE Constant: EntityType: User | Resolver: namelessParameter{0} => namelessParameter{0}.Dependencies.Model.FindEntityType("JournalApp.Domain.User.User")];
                instance1 = switch (entityType1)
                {
                    case [LIFTABLE Constant: EntityType: User | Resolver: namelessParameter{1} => namelessParameter{1}.Dependencies.Model.FindEntityType("JournalApp.Domain.User.User")]: 
                        {
                            return 
                            {
                                User instance;
                                instance = new User();
                                instance.<Id>k__BackingField = dataReader.GetInt32(0);
                                instance.<Password>k__BackingField = dataReader.GetString(1);
                                instance.<UserName>k__BackingField = dataReader.GetString(2);
                                (instance is IInjectableService) ? ((IInjectableService)instance).Injected(
                                    context: materializationContext1.Context, 
                                    entity: instance, 
                                    queryTrackingBehavior: TrackAll, 
                                    structuralType: [LIFTABLE Constant: EntityType: User | Resolver: namelessParameter{2} => namelessParameter{2}.Dependencies.Model.FindEntityType("JournalApp.Domain.User.User")]) : default(void);
                                return instance;
                            }}
                    default: 
                        default(User)
                }
                ;
                entry1 = entityType1 == default(IEntityType) ? default(InternalEntityEntry) : queryContext.StartTracking(
                    entityType: entityType1, 
                    entity: instance1, 
                    snapshot: shadowSnapshot1);
                return instance1;
            } : default(void);
            return instance1;
        };
        return entity;
    }, 
    contextType: JournalApp.Infrastructure.JournalAppDbContext, 
    standAloneStateManager: False, 
    detailedErrorsEnabled: False, 
    threadSafetyChecksEnabled: True)
    .SingleOrDefault()'
2025-07-15 15:50:25.128 +03:00 [DBG] Creating DbConnection.
2025-07-15 15:50:25.138 +03:00 [DBG] Created DbConnection. (8ms).
2025-07-15 15:50:25.141 +03:00 [DBG] Opening connection to database 'main' on server '/Users/sgrancharov/dev/dotnet/JournalApp/JournalApp/JournalApp.Infrastructure/JournalApp.db'.
2025-07-15 15:50:25.153 +03:00 [DBG] Opened connection to database 'main' on server '/Users/sgrancharov/dev/dotnet/JournalApp/JournalApp/JournalApp.Infrastructure/JournalApp.db'.
2025-07-15 15:50:25.159 +03:00 [DBG] Creating DbCommand for 'ExecuteReader'.
2025-07-15 15:50:25.163 +03:00 [DBG] Created DbCommand for 'ExecuteReader' (4ms).
2025-07-15 15:50:25.165 +03:00 [DBG] Initialized DbCommand for 'ExecuteReader' (9ms).
2025-07-15 15:50:25.171 +03:00 [DBG] Executing DbCommand [Parameters=[@__userName_0='?' (Size = 3)], CommandType='"Text"', CommandTimeout='30']
SELECT "u"."Id", "u"."Password", "u"."UserName"
FROM "Users" AS "u"
WHERE "u"."UserName" = @__userName_0
LIMIT 1
2025-07-15 15:50:25.190 +03:00 [INF] Executed DbCommand (15ms) [Parameters=[@__userName_0='?' (Size = 3)], CommandType='"Text"', CommandTimeout='30']
SELECT "u"."Id", "u"."Password", "u"."UserName"
FROM "Users" AS "u"
WHERE "u"."UserName" = @__userName_0
LIMIT 1
2025-07-15 15:50:25.216 +03:00 [DBG] Context 'JournalAppDbContext' started tracking 'User' entity. Consider using 'DbContextOptionsBuilder.EnableSensitiveDataLogging' to see key values.
2025-07-15 15:50:25.227 +03:00 [DBG] Closing data reader to 'main' on server '/Users/sgrancharov/dev/dotnet/JournalApp/JournalApp/JournalApp.Infrastructure/JournalApp.db'.
2025-07-15 15:50:25.232 +03:00 [DBG] A data reader for 'main' on server '/Users/sgrancharov/dev/dotnet/JournalApp/JournalApp/JournalApp.Infrastructure/JournalApp.db' is being disposed after spending 36ms reading results.
2025-07-15 15:50:25.234 +03:00 [DBG] Closing connection to database 'main' on server '/Users/sgrancharov/dev/dotnet/JournalApp/JournalApp/JournalApp.Infrastructure/JournalApp.db'.
2025-07-15 15:50:25.236 +03:00 [DBG] Closed connection to database 'main' on server '/Users/sgrancharov/dev/dotnet/JournalApp/JournalApp/JournalApp.Infrastructure/JournalApp.db' (2ms).
2025-07-15 15:50:30.630 +03:00 [DBG] Compiling query expression: 
'DbSet<User>()
    .Include(u => u.Journals)
    .FirstOrDefault(u => u.Id == __id_0)'
2025-07-15 15:50:30.637 +03:00 [DBG] Including navigation: 'User.Journals'.
2025-07-15 15:50:30.689 +03:00 [DBG] Generated query execution expression: 
'queryContext => SingleQueryingEnumerable.Create<User>(
    relationalQueryContext: (RelationalQueryContext)queryContext, 
    relationalCommandResolver: parameters => [LIFTABLE Constant: RelationalCommandCache.QueryExpression(
        Client Projections:
            0 -> Dictionary<IProperty, int> { [Property: User.Id (int) Required PK AfterSave:Throw ValueGenerated.OnAdd, 0], [Property: User.Password (string) Required, 1], [Property: User.UserName (string) Required, 2] }
            1 -> 0
            2 -> Dictionary<IProperty, int> { [Property: Journal.Id (int) Required PK AfterSave:Throw ValueGenerated.OnAdd, 3], [Property: Journal.Content (string) Required, 4], [Property: Journal.UserId (int) Required FK Index, 5] }
            3 -> 3
        SELECT u0.Id, u0.Password, u0.UserName, j.Id, j.Content, j.UserId
        FROM 
        (
            SELECT TOP(1) u.Id, u.Password, u.UserName
            FROM Users AS u
            WHERE u.Id == @__id_0
        ) AS u0
        LEFT JOIN Journals AS j ON u0.Id == j.UserId
        ORDER BY u0.Id ASC) | Resolver: c => new RelationalCommandCache(
        c.Dependencies.MemoryCache, 
        c.RelationalDependencies.QuerySqlGeneratorFactory, 
        c.RelationalDependencies.RelationalParameterBasedSqlProcessorFactory, 
        Client Projections:
            0 -> Dictionary<IProperty, int> { [Property: User.Id (int) Required PK AfterSave:Throw ValueGenerated.OnAdd, 0], [Property: User.Password (string) Required, 1], [Property: User.UserName (string) Required, 2] }
            1 -> 0
            2 -> Dictionary<IProperty, int> { [Property: Journal.Id (int) Required PK AfterSave:Throw ValueGenerated.OnAdd, 3], [Property: Journal.Content (string) Required, 4], [Property: Journal.UserId (int) Required FK Index, 5] }
            3 -> 3
        SELECT u0.Id, u0.Password, u0.UserName, j.Id, j.Content, j.UserId
        FROM 
        (
            SELECT TOP(1) u.Id, u.Password, u.UserName
            FROM Users AS u
            WHERE u.Id == @__id_0
        ) AS u0
        LEFT JOIN Journals AS j ON u0.Id == j.UserId
        ORDER BY u0.Id ASC, 
        False, 
        new HashSet<string>(
            new string[]{ }, 
            StringComparer.Ordinal
        )
    )].GetRelationalCommandTemplate(parameters), 
    readerColumns: null, 
    shaper: (queryContext, dataReader, resultContext, resultCoordinator) => 
    {
        resultContext.Values == null ? 
        {
            User entity;
            entity = 
            {
                MaterializationContext materializationContext1;
                IEntityType entityType1;
                User instance1;
                InternalEntityEntry entry1;
                bool hasNullKey1;
                materializationContext1 = new MaterializationContext(
                    [LIFTABLE Constant: ValueBuffer | Resolver: _ => (object)ValueBuffer.Empty], 
                    queryContext.Context
                );
                instance1 = default(User);
                entry1 = queryContext.TryGetEntry(
                    key: [LIFTABLE Constant: Key: User.Id PK | Resolver: c => c.Dependencies.Model.FindEntityType("JournalApp.Domain.User.User").FindPrimaryKey()], 
                    keyValues: new object[]{ (object)dataReader.GetInt32(0) }, 
                    throwOnNullKey: True, 
                    hasNullKey: hasNullKey1);
                !(hasNullKey1) ? entry1 != default(InternalEntityEntry) ? 
                {
                    entityType1 = entry1.EntityType;
                    return instance1 = (User)entry1.Entity;
                } : 
                {
                    ISnapshot shadowSnapshot1;
                    shadowSnapshot1 = [LIFTABLE Constant: Snapshot | Resolver: _ => Snapshot.Empty];
                    entityType1 = [LIFTABLE Constant: EntityType: User | Resolver: namelessParameter{0} => namelessParameter{0}.Dependencies.Model.FindEntityType("JournalApp.Domain.User.User")];
                    instance1 = switch (entityType1)
                    {
                        case [LIFTABLE Constant: EntityType: User | Resolver: namelessParameter{1} => namelessParameter{1}.Dependencies.Model.FindEntityType("JournalApp.Domain.User.User")]: 
                            {
                                return 
                                {
                                    User instance;
                                    instance = new User();
                                    instance.<Id>k__BackingField = dataReader.GetInt32(0);
                                    instance.<Password>k__BackingField = dataReader.GetString(1);
                                    instance.<UserName>k__BackingField = dataReader.GetString(2);
                                    (instance is IInjectableService) ? ((IInjectableService)instance).Injected(
                                        context: materializationContext1.Context, 
                                        entity: instance, 
                                        queryTrackingBehavior: TrackAll, 
                                        structuralType: [LIFTABLE Constant: EntityType: User | Resolver: namelessParameter{2} => namelessParameter{2}.Dependencies.Model.FindEntityType("JournalApp.Domain.User.User")]) : default(void);
                                    return instance;
                                }}
                        default: 
                            default(User)
                    }
                    ;
                    entry1 = entityType1 == default(IEntityType) ? default(InternalEntityEntry) : queryContext.StartTracking(
                        entityType: entityType1, 
                        entity: instance1, 
                        snapshot: shadowSnapshot1);
                    return instance1;
                } : default(void);
                return instance1;
            };
            resultContext.Values = new object[]{ entity };
            ShaperProcessingExpressionVisitor.InitializeIncludeCollection<User, User>(
                collectionId: 0, 
                queryContext: queryContext, 
                dbDataReader: dataReader, 
                resultCoordinator: resultCoordinator, 
                entity: (User)(resultContext.Values[0]), 
                parentIdentifier: [LIFTABLE Constant: Func<QueryContext, DbDataReader, object[]> | Resolver: _ => (queryContext, dataReader) => new object[]{ (object)(int?)dataReader.GetInt32(0) }], 
                outerIdentifier: [LIFTABLE Constant: Func<QueryContext, DbDataReader, object[]> | Resolver: _ => (queryContext, dataReader) => new object[]{ (object)(int?)dataReader.GetInt32(0) }], 
                navigation: [LIFTABLE Constant: Navigation: User.Journals (List<Journal>) Collection ToDependent Journal Inverse: User | Resolver: namelessParameter{3} => namelessParameter{3}.Dependencies.Model.FindEntityType("JournalApp.Domain.User.User").FindNavigation("Journals")], 
                clrCollectionAccessor: [LIFTABLE Constant: ClrICollectionAccessor<User, List<Journal>, Journal> | Resolver: namelessParameter{4} => namelessParameter{4}.Dependencies.Model.FindEntityType("JournalApp.Domain.User.User").FindNavigation("Journals").GetCollectionAccessor()], 
                trackingQuery: True, 
                setLoaded: True);
        } : default(void);
        ShaperProcessingExpressionVisitor.PopulateIncludeCollection<User, Journal>(
            collectionId: 0, 
            queryContext: queryContext, 
            dbDataReader: dataReader, 
            resultCoordinator: resultCoordinator, 
            parentIdentifier: [LIFTABLE Constant: Func<QueryContext, DbDataReader, object[]> | Resolver: _ => (queryContext, dataReader) => new object[]{ (object)(int?)dataReader.GetInt32(0) }], 
            outerIdentifier: [LIFTABLE Constant: Func<QueryContext, DbDataReader, object[]> | Resolver: _ => (queryContext, dataReader) => new object[]{ (object)(int?)dataReader.GetInt32(0) }], 
            selfIdentifier: [LIFTABLE Constant: Func<QueryContext, DbDataReader, object[]> | Resolver: _ => (queryContext, dataReader) => new object[]{ (object)dataReader.IsDBNull(3) ? default(int?) : (int?)dataReader.GetInt32(3) }], 
            parentIdentifierValueComparers: [LIFTABLE Constant: Func<object, object, bool>[] { Func<object, object, bool> } | Resolver: _ => new Func<object, object, bool>[]{ (left, right) => left == null ? right == null : right != null && (int)left == (int)right }], 
            outerIdentifierValueComparers: [LIFTABLE Constant: Func<object, object, bool>[] { Func<object, object, bool> } | Resolver: _ => new Func<object, object, bool>[]{ (left, right) => left == null ? right == null : right != null && (int)left == (int)right }], 
            selfIdentifierValueComparers: [LIFTABLE Constant: Func<object, object, bool>[] { Func<object, object, bool> } | Resolver: _ => new Func<object, object, bool>[]{ (left, right) => left == null ? right == null : right != null && (int)left == (int)right }], 
            innerShaper: (queryContext, dataReader, resultContext, resultCoordinator) => 
            {
                Journal entity;
                entity = 
                {
                    MaterializationContext materializationContext2;
                    IEntityType entityType2;
                    Journal instance2;
                    InternalEntityEntry entry2;
                    bool hasNullKey2;
                    materializationContext2 = new MaterializationContext(
                        [LIFTABLE Constant: ValueBuffer | Resolver: _ => (object)ValueBuffer.Empty], 
                        queryContext.Context
                    );
                    instance2 = default(Journal);
                    entry2 = queryContext.TryGetEntry(
                        key: [LIFTABLE Constant: Key: Journal.Id PK | Resolver: c => c.Dependencies.Model.FindEntityType("JournalApp.Domain.Journal.Journal").FindPrimaryKey()], 
                        keyValues: new object[]{ dataReader.IsDBNull(3) ? default(object) : (object)dataReader.GetInt32(3) }, 
                        throwOnNullKey: False, 
                        hasNullKey: hasNullKey2);
                    !(hasNullKey2) ? entry2 != default(InternalEntityEntry) ? 
                    {
                        entityType2 = entry2.EntityType;
                        return instance2 = (Journal)entry2.Entity;
                    } : 
                    {
                        ISnapshot shadowSnapshot2;
                        shadowSnapshot2 = [LIFTABLE Constant: Snapshot | Resolver: _ => Snapshot.Empty];
                        entityType2 = [LIFTABLE Constant: EntityType: Journal | Resolver: namelessParameter{5} => namelessParameter{5}.Dependencies.Model.FindEntityType("JournalApp.Domain.Journal.Journal")];
                        instance2 = switch (entityType2)
                        {
                            case [LIFTABLE Constant: EntityType: Journal | Resolver: namelessParameter{6} => namelessParameter{6}.Dependencies.Model.FindEntityType("JournalApp.Domain.Journal.Journal")]: 
                                {
                                    return 
                                    {
                                        Journal instance;
                                        instance = new Journal();
                                        instance.<Id>k__BackingField = dataReader.IsDBNull(3) ? default(int) : dataReader.GetInt32(3);
                                        instance.<Content>k__BackingField = dataReader.IsDBNull(4) ? default(string) : dataReader.GetString(4);
                                        instance.<UserId>k__BackingField = dataReader.IsDBNull(5) ? default(int) : dataReader.GetInt32(5);
                                        (instance is IInjectableService) ? ((IInjectableService)instance).Injected(
                                            context: materializationContext2.Context, 
                                            entity: instance, 
                                            queryTrackingBehavior: TrackAll, 
                                            structuralType: [LIFTABLE Constant: EntityType: Journal | Resolver: namelessParameter{7} => namelessParameter{7}.Dependencies.Model.FindEntityType("JournalApp.Domain.Journal.Journal")]) : default(void);
                                        return instance;
                                    }}
                            default: 
                                default(Journal)
                        }
                        ;
                        entry2 = entityType2 == default(IEntityType) ? default(InternalEntityEntry) : queryContext.StartTracking(
                            entityType: entityType2, 
                            entity: instance2, 
                            snapshot: shadowSnapshot2);
                        return instance2;
                    } : default(void);
                    return instance2;
                };
                return entity;
            }, 
            inverseNavigation: [LIFTABLE Constant: Navigation: Journal.User (User) ToPrincipal User Inverse: Journals | Resolver: namelessParameter{8} => namelessParameter{8}.Dependencies.Model.FindEntityType("JournalApp.Domain.Journal.Journal").FindNavigation("User")], 
            fixup: (namelessParameter{9}, namelessParameter{10}) => 
            {
                [LIFTABLE Constant: ClrICollectionAccessor<User, List<Journal>, Journal> | Resolver: namelessParameter{11} => namelessParameter{11}.Dependencies.Model.FindEntityType("JournalApp.Domain.User.User").FindNavigation("Journals").GetCollectionAccessor()].Add(
                    entity: namelessParameter{9}, 
                    value: namelessParameter{10}, 
                    forMaterialization: True);
                return namelessParameter{10}.<User>k__BackingField = namelessParameter{9};
            }, 
            trackingQuery: True);
        return IsTrue(resultCoordinator.ResultReady)
         ? (User)(resultContext.Values[0]) : default(User);
    }, 
    contextType: JournalApp.Infrastructure.JournalAppDbContext, 
    standAloneStateManager: False, 
    detailedErrorsEnabled: False, 
    threadSafetyChecksEnabled: True)
    .SingleOrDefault()'
2025-07-15 15:50:30.695 +03:00 [DBG] Opening connection to database 'main' on server '/Users/sgrancharov/dev/dotnet/JournalApp/JournalApp/JournalApp.Infrastructure/JournalApp.db'.
2025-07-15 15:50:30.695 +03:00 [DBG] Opened connection to database 'main' on server '/Users/sgrancharov/dev/dotnet/JournalApp/JournalApp/JournalApp.Infrastructure/JournalApp.db'.
2025-07-15 15:50:30.695 +03:00 [DBG] Creating DbCommand for 'ExecuteReader'.
2025-07-15 15:50:30.695 +03:00 [DBG] Created DbCommand for 'ExecuteReader' (0ms).
2025-07-15 15:50:30.695 +03:00 [DBG] Initialized DbCommand for 'ExecuteReader' (0ms).
2025-07-15 15:50:30.695 +03:00 [DBG] Executing DbCommand [Parameters=[@__id_0='?' (DbType = Int32)], CommandType='"Text"', CommandTimeout='30']
SELECT "u0"."Id", "u0"."Password", "u0"."UserName", "j"."Id", "j"."Content", "j"."UserId"
FROM (
    SELECT "u"."Id", "u"."Password", "u"."UserName"
    FROM "Users" AS "u"
    WHERE "u"."Id" = @__id_0
    LIMIT 1
) AS "u0"
LEFT JOIN "Journals" AS "j" ON "u0"."Id" = "j"."UserId"
ORDER BY "u0"."Id"
2025-07-15 15:50:30.697 +03:00 [INF] Executed DbCommand (2ms) [Parameters=[@__id_0='?' (DbType = Int32)], CommandType='"Text"', CommandTimeout='30']
SELECT "u0"."Id", "u0"."Password", "u0"."UserName", "j"."Id", "j"."Content", "j"."UserId"
FROM (
    SELECT "u"."Id", "u"."Password", "u"."UserName"
    FROM "Users" AS "u"
    WHERE "u"."Id" = @__id_0
    LIMIT 1
) AS "u0"
LEFT JOIN "Journals" AS "j" ON "u0"."Id" = "j"."UserId"
ORDER BY "u0"."Id"
2025-07-15 15:50:30.712 +03:00 [DBG] Context 'JournalAppDbContext' started tracking 'Journal' entity. Consider using 'DbContextOptionsBuilder.EnableSensitiveDataLogging' to see key values.
2025-07-15 15:50:30.714 +03:00 [DBG] Context 'JournalAppDbContext' started tracking 'Journal' entity. Consider using 'DbContextOptionsBuilder.EnableSensitiveDataLogging' to see key values.
2025-07-15 15:50:30.714 +03:00 [DBG] Closing data reader to 'main' on server '/Users/sgrancharov/dev/dotnet/JournalApp/JournalApp/JournalApp.Infrastructure/JournalApp.db'.
2025-07-15 15:50:30.714 +03:00 [DBG] A data reader for 'main' on server '/Users/sgrancharov/dev/dotnet/JournalApp/JournalApp/JournalApp.Infrastructure/JournalApp.db' is being disposed after spending 17ms reading results.
2025-07-15 15:50:30.715 +03:00 [DBG] Closing connection to database 'main' on server '/Users/sgrancharov/dev/dotnet/JournalApp/JournalApp/JournalApp.Infrastructure/JournalApp.db'.
2025-07-15 15:50:30.715 +03:00 [DBG] Closed connection to database 'main' on server '/Users/sgrancharov/dev/dotnet/JournalApp/JournalApp/JournalApp.Infrastructure/JournalApp.db' (0ms).
2025-07-15 15:50:30.722 +03:00 [DBG] An entity of type 'Journal' tracked by 'JournalAppDbContext' changed state from '"Unchanged"' to '"Modified"'. Consider using 'DbContextOptionsBuilder.EnableSensitiveDataLogging' to see key values.
2025-07-15 15:50:30.724 +03:00 [DBG] SaveChanges starting for 'JournalAppDbContext'.
2025-07-15 15:50:30.726 +03:00 [DBG] DetectChanges starting for 'JournalAppDbContext'.
2025-07-15 15:50:30.734 +03:00 [DBG] DetectChanges completed for 'JournalAppDbContext'.
2025-07-15 15:50:30.781 +03:00 [DBG] Opening connection to database 'main' on server '/Users/sgrancharov/dev/dotnet/JournalApp/JournalApp/JournalApp.Infrastructure/JournalApp.db'.
2025-07-15 15:50:30.782 +03:00 [DBG] Opened connection to database 'main' on server '/Users/sgrancharov/dev/dotnet/JournalApp/JournalApp/JournalApp.Infrastructure/JournalApp.db'.
2025-07-15 15:50:30.785 +03:00 [DBG] Creating DbCommand for 'ExecuteReader'.
2025-07-15 15:50:30.785 +03:00 [DBG] Created DbCommand for 'ExecuteReader' (0ms).
2025-07-15 15:50:30.785 +03:00 [DBG] Initialized DbCommand for 'ExecuteReader' (0ms).
2025-07-15 15:50:30.785 +03:00 [DBG] Executing DbCommand [Parameters=[@p2='?' (DbType = Int32), @p0='?' (Size = 4), @p1='?' (DbType = Int32)], CommandType='"Text"', CommandTimeout='30']
UPDATE "Journals" SET "Content" = @p0, "UserId" = @p1
WHERE "Id" = @p2
RETURNING 1;
2025-07-15 15:50:30.787 +03:00 [INF] Executed DbCommand (2ms) [Parameters=[@p2='?' (DbType = Int32), @p0='?' (Size = 4), @p1='?' (DbType = Int32)], CommandType='"Text"', CommandTimeout='30']
UPDATE "Journals" SET "Content" = @p0, "UserId" = @p1
WHERE "Id" = @p2
RETURNING 1;
2025-07-15 15:50:30.792 +03:00 [DBG] Closing data reader to 'main' on server '/Users/sgrancharov/dev/dotnet/JournalApp/JournalApp/JournalApp.Infrastructure/JournalApp.db'.
2025-07-15 15:50:30.793 +03:00 [DBG] A data reader for 'main' on server '/Users/sgrancharov/dev/dotnet/JournalApp/JournalApp/JournalApp.Infrastructure/JournalApp.db' is being disposed after spending 5ms reading results.
2025-07-15 15:50:30.794 +03:00 [DBG] Closing connection to database 'main' on server '/Users/sgrancharov/dev/dotnet/JournalApp/JournalApp/JournalApp.Infrastructure/JournalApp.db'.
2025-07-15 15:50:30.795 +03:00 [DBG] Closed connection to database 'main' on server '/Users/sgrancharov/dev/dotnet/JournalApp/JournalApp/JournalApp.Infrastructure/JournalApp.db' (0ms).
2025-07-15 15:50:30.796 +03:00 [DBG] An entity of type 'Journal' tracked by 'JournalAppDbContext' changed state from '"Modified"' to '"Unchanged"'. Consider using 'DbContextOptionsBuilder.EnableSensitiveDataLogging' to see key values.
2025-07-15 15:50:30.797 +03:00 [DBG] SaveChanges completed for 'JournalAppDbContext' with 1 entities written to the database.
2025-07-15 15:50:35.591 +03:00 [DBG] Opening connection to database 'main' on server '/Users/sgrancharov/dev/dotnet/JournalApp/JournalApp/JournalApp.Infrastructure/JournalApp.db'.
2025-07-15 15:50:35.592 +03:00 [DBG] Opened connection to database 'main' on server '/Users/sgrancharov/dev/dotnet/JournalApp/JournalApp/JournalApp.Infrastructure/JournalApp.db'.
2025-07-15 15:50:35.592 +03:00 [DBG] Creating DbCommand for 'ExecuteReader'.
2025-07-15 15:50:35.592 +03:00 [DBG] Created DbCommand for 'ExecuteReader' (0ms).
2025-07-15 15:50:35.592 +03:00 [DBG] Initialized DbCommand for 'ExecuteReader' (0ms).
2025-07-15 15:50:35.592 +03:00 [DBG] Executing DbCommand [Parameters=[@__userName_0='?' (Size = 3)], CommandType='"Text"', CommandTimeout='30']
SELECT "u"."Id", "u"."Password", "u"."UserName"
FROM "Users" AS "u"
WHERE "u"."UserName" = @__userName_0
LIMIT 1
2025-07-15 15:50:35.593 +03:00 [INF] Executed DbCommand (0ms) [Parameters=[@__userName_0='?' (Size = 3)], CommandType='"Text"', CommandTimeout='30']
SELECT "u"."Id", "u"."Password", "u"."UserName"
FROM "Users" AS "u"
WHERE "u"."UserName" = @__userName_0
LIMIT 1
2025-07-15 15:50:35.593 +03:00 [DBG] Closing data reader to 'main' on server '/Users/sgrancharov/dev/dotnet/JournalApp/JournalApp/JournalApp.Infrastructure/JournalApp.db'.
2025-07-15 15:50:35.593 +03:00 [DBG] A data reader for 'main' on server '/Users/sgrancharov/dev/dotnet/JournalApp/JournalApp/JournalApp.Infrastructure/JournalApp.db' is being disposed after spending 0ms reading results.
2025-07-15 15:50:35.593 +03:00 [DBG] Closing connection to database 'main' on server '/Users/sgrancharov/dev/dotnet/JournalApp/JournalApp/JournalApp.Infrastructure/JournalApp.db'.
2025-07-15 15:50:35.593 +03:00 [DBG] Closed connection to database 'main' on server '/Users/sgrancharov/dev/dotnet/JournalApp/JournalApp/JournalApp.Infrastructure/JournalApp.db' (0ms).
2025-07-15 15:51:17.351 +03:00 [DBG] An 'IServiceProvider' was created for internal use by Entity Framework.
2025-07-15 15:51:21.951 +03:00 [DBG] Entity Framework Core 9.0.7 initialized 'JournalAppDbContext' using provider 'Microsoft.EntityFrameworkCore.Sqlite:9.0.7' with options: None
2025-07-15 15:51:21.985 +03:00 [DBG] Compiling query expression: 
'DbSet<User>()
    .FirstOrDefault(u => u.UserName == __userName_0)'
2025-07-15 15:51:22.227 +03:00 [DBG] Generated query execution expression: 
'queryContext => SingleQueryingEnumerable.Create<User>(
    relationalQueryContext: (RelationalQueryContext)queryContext, 
    relationalCommandResolver: parameters => [LIFTABLE Constant: RelationalCommandCache.QueryExpression(
        Projection Mapping:
            EmptyProjectionMember -> Dictionary<IProperty, int> { [Property: User.Id (int) Required PK AfterSave:Throw ValueGenerated.OnAdd, 0], [Property: User.Password (string) Required, 1], [Property: User.UserName (string) Required, 2] }
        SELECT TOP(1) u.Id, u.Password, u.UserName
        FROM Users AS u
        WHERE u.UserName == @__userName_0) | Resolver: c => new RelationalCommandCache(
        c.Dependencies.MemoryCache, 
        c.RelationalDependencies.QuerySqlGeneratorFactory, 
        c.RelationalDependencies.RelationalParameterBasedSqlProcessorFactory, 
        Projection Mapping:
            EmptyProjectionMember -> Dictionary<IProperty, int> { [Property: User.Id (int) Required PK AfterSave:Throw ValueGenerated.OnAdd, 0], [Property: User.Password (string) Required, 1], [Property: User.UserName (string) Required, 2] }
        SELECT TOP(1) u.Id, u.Password, u.UserName
        FROM Users AS u
        WHERE u.UserName == @__userName_0, 
        False, 
        new HashSet<string>(
            new string[]{ }, 
            StringComparer.Ordinal
        )
    )].GetRelationalCommandTemplate(parameters), 
    readerColumns: null, 
    shaper: (queryContext, dataReader, resultContext, resultCoordinator) => 
    {
        User entity;
        entity = 
        {
            MaterializationContext materializationContext1;
            IEntityType entityType1;
            User instance1;
            InternalEntityEntry entry1;
            bool hasNullKey1;
            materializationContext1 = new MaterializationContext(
                [LIFTABLE Constant: ValueBuffer | Resolver: _ => (object)ValueBuffer.Empty], 
                queryContext.Context
            );
            instance1 = default(User);
            entry1 = queryContext.TryGetEntry(
                key: [LIFTABLE Constant: Key: User.Id PK | Resolver: c => c.Dependencies.Model.FindEntityType("JournalApp.Domain.User.User").FindPrimaryKey()], 
                keyValues: new object[]{ (object)dataReader.GetInt32(0) }, 
                throwOnNullKey: True, 
                hasNullKey: hasNullKey1);
            !(hasNullKey1) ? entry1 != default(InternalEntityEntry) ? 
            {
                entityType1 = entry1.EntityType;
                return instance1 = (User)entry1.Entity;
            } : 
            {
                ISnapshot shadowSnapshot1;
                shadowSnapshot1 = [LIFTABLE Constant: Snapshot | Resolver: _ => Snapshot.Empty];
                entityType1 = [LIFTABLE Constant: EntityType: User | Resolver: namelessParameter{0} => namelessParameter{0}.Dependencies.Model.FindEntityType("JournalApp.Domain.User.User")];
                instance1 = switch (entityType1)
                {
                    case [LIFTABLE Constant: EntityType: User | Resolver: namelessParameter{1} => namelessParameter{1}.Dependencies.Model.FindEntityType("JournalApp.Domain.User.User")]: 
                        {
                            return 
                            {
                                User instance;
                                instance = new User();
                                instance.<Id>k__BackingField = dataReader.GetInt32(0);
                                instance.<Password>k__BackingField = dataReader.GetString(1);
                                instance.<UserName>k__BackingField = dataReader.GetString(2);
                                (instance is IInjectableService) ? ((IInjectableService)instance).Injected(
                                    context: materializationContext1.Context, 
                                    entity: instance, 
                                    queryTrackingBehavior: TrackAll, 
                                    structuralType: [LIFTABLE Constant: EntityType: User | Resolver: namelessParameter{2} => namelessParameter{2}.Dependencies.Model.FindEntityType("JournalApp.Domain.User.User")]) : default(void);
                                return instance;
                            }}
                    default: 
                        default(User)
                }
                ;
                entry1 = entityType1 == default(IEntityType) ? default(InternalEntityEntry) : queryContext.StartTracking(
                    entityType: entityType1, 
                    entity: instance1, 
                    snapshot: shadowSnapshot1);
                return instance1;
            } : default(void);
            return instance1;
        };
        return entity;
    }, 
    contextType: JournalApp.Infrastructure.JournalAppDbContext, 
    standAloneStateManager: False, 
    detailedErrorsEnabled: False, 
    threadSafetyChecksEnabled: True)
    .SingleOrDefault()'
2025-07-15 15:51:22.254 +03:00 [DBG] Creating DbConnection.
2025-07-15 15:51:22.266 +03:00 [DBG] Created DbConnection. (9ms).
2025-07-15 15:51:22.270 +03:00 [DBG] Opening connection to database 'main' on server '/Users/sgrancharov/dev/dotnet/JournalApp/JournalApp/JournalApp.Infrastructure/JournalApp.db'.
2025-07-15 15:51:22.282 +03:00 [DBG] Opened connection to database 'main' on server '/Users/sgrancharov/dev/dotnet/JournalApp/JournalApp/JournalApp.Infrastructure/JournalApp.db'.
2025-07-15 15:51:22.291 +03:00 [DBG] Creating DbCommand for 'ExecuteReader'.
2025-07-15 15:51:22.296 +03:00 [DBG] Created DbCommand for 'ExecuteReader' (4ms).
2025-07-15 15:51:22.298 +03:00 [DBG] Initialized DbCommand for 'ExecuteReader' (10ms).
2025-07-15 15:51:22.305 +03:00 [DBG] Executing DbCommand [Parameters=[@__userName_0='?' (Size = 3)], CommandType='"Text"', CommandTimeout='30']
SELECT "u"."Id", "u"."Password", "u"."UserName"
FROM "Users" AS "u"
WHERE "u"."UserName" = @__userName_0
LIMIT 1
2025-07-15 15:51:22.325 +03:00 [INF] Executed DbCommand (17ms) [Parameters=[@__userName_0='?' (Size = 3)], CommandType='"Text"', CommandTimeout='30']
SELECT "u"."Id", "u"."Password", "u"."UserName"
FROM "Users" AS "u"
WHERE "u"."UserName" = @__userName_0
LIMIT 1
2025-07-15 15:51:22.354 +03:00 [DBG] Context 'JournalAppDbContext' started tracking 'User' entity. Consider using 'DbContextOptionsBuilder.EnableSensitiveDataLogging' to see key values.
2025-07-15 15:51:22.367 +03:00 [DBG] Closing data reader to 'main' on server '/Users/sgrancharov/dev/dotnet/JournalApp/JournalApp/JournalApp.Infrastructure/JournalApp.db'.
2025-07-15 15:51:22.372 +03:00 [DBG] A data reader for 'main' on server '/Users/sgrancharov/dev/dotnet/JournalApp/JournalApp/JournalApp.Infrastructure/JournalApp.db' is being disposed after spending 41ms reading results.
2025-07-15 15:51:22.374 +03:00 [DBG] Closing connection to database 'main' on server '/Users/sgrancharov/dev/dotnet/JournalApp/JournalApp/JournalApp.Infrastructure/JournalApp.db'.
2025-07-15 15:51:22.377 +03:00 [DBG] Closed connection to database 'main' on server '/Users/sgrancharov/dev/dotnet/JournalApp/JournalApp/JournalApp.Infrastructure/JournalApp.db' (2ms).
2025-07-15 15:52:38.702 +03:00 [DBG] An 'IServiceProvider' was created for internal use by Entity Framework.
2025-07-15 15:52:46.362 +03:00 [DBG] An 'IServiceProvider' was created for internal use by Entity Framework.
2025-07-15 15:52:53.049 +03:00 [DBG] Entity Framework Core 9.0.7 initialized 'JournalAppDbContext' using provider 'Microsoft.EntityFrameworkCore.Sqlite:9.0.7' with options: None
2025-07-15 15:52:53.085 +03:00 [DBG] Compiling query expression: 
'DbSet<User>()
    .Include(u => u.Journals)
    .FirstOrDefault(u => u.UserName == __userName_0)'
2025-07-15 15:52:53.161 +03:00 [DBG] Including navigation: 'User.Journals'.
2025-07-15 15:52:53.393 +03:00 [DBG] Generated query execution expression: 
'queryContext => SingleQueryingEnumerable.Create<User>(
    relationalQueryContext: (RelationalQueryContext)queryContext, 
    relationalCommandResolver: parameters => [LIFTABLE Constant: RelationalCommandCache.QueryExpression(
        Client Projections:
            0 -> Dictionary<IProperty, int> { [Property: User.Id (int) Required PK AfterSave:Throw ValueGenerated.OnAdd, 0], [Property: User.Password (string) Required, 1], [Property: User.UserName (string) Required, 2] }
            1 -> 0
            2 -> Dictionary<IProperty, int> { [Property: Journal.Id (int) Required PK AfterSave:Throw ValueGenerated.OnAdd, 3], [Property: Journal.Content (string) Required, 4], [Property: Journal.UserId (int) Required FK Index, 5] }
            3 -> 3
        SELECT u0.Id, u0.Password, u0.UserName, j.Id, j.Content, j.UserId
        FROM 
        (
            SELECT TOP(1) u.Id, u.Password, u.UserName
            FROM Users AS u
            WHERE u.UserName == @__userName_0
        ) AS u0
        LEFT JOIN Journals AS j ON u0.Id == j.UserId
        ORDER BY u0.Id ASC) | Resolver: c => new RelationalCommandCache(
        c.Dependencies.MemoryCache, 
        c.RelationalDependencies.QuerySqlGeneratorFactory, 
        c.RelationalDependencies.RelationalParameterBasedSqlProcessorFactory, 
        Client Projections:
            0 -> Dictionary<IProperty, int> { [Property: User.Id (int) Required PK AfterSave:Throw ValueGenerated.OnAdd, 0], [Property: User.Password (string) Required, 1], [Property: User.UserName (string) Required, 2] }
            1 -> 0
            2 -> Dictionary<IProperty, int> { [Property: Journal.Id (int) Required PK AfterSave:Throw ValueGenerated.OnAdd, 3], [Property: Journal.Content (string) Required, 4], [Property: Journal.UserId (int) Required FK Index, 5] }
            3 -> 3
        SELECT u0.Id, u0.Password, u0.UserName, j.Id, j.Content, j.UserId
        FROM 
        (
            SELECT TOP(1) u.Id, u.Password, u.UserName
            FROM Users AS u
            WHERE u.UserName == @__userName_0
        ) AS u0
        LEFT JOIN Journals AS j ON u0.Id == j.UserId
        ORDER BY u0.Id ASC, 
        False, 
        new HashSet<string>(
            new string[]{ }, 
            StringComparer.Ordinal
        )
    )].GetRelationalCommandTemplate(parameters), 
    readerColumns: null, 
    shaper: (queryContext, dataReader, resultContext, resultCoordinator) => 
    {
        resultContext.Values == null ? 
        {
            User entity;
            entity = 
            {
                MaterializationContext materializationContext1;
                IEntityType entityType1;
                User instance1;
                InternalEntityEntry entry1;
                bool hasNullKey1;
                materializationContext1 = new MaterializationContext(
                    [LIFTABLE Constant: ValueBuffer | Resolver: _ => (object)ValueBuffer.Empty], 
                    queryContext.Context
                );
                instance1 = default(User);
                entry1 = queryContext.TryGetEntry(
                    key: [LIFTABLE Constant: Key: User.Id PK | Resolver: c => c.Dependencies.Model.FindEntityType("JournalApp.Domain.User.User").FindPrimaryKey()], 
                    keyValues: new object[]{ (object)dataReader.GetInt32(0) }, 
                    throwOnNullKey: True, 
                    hasNullKey: hasNullKey1);
                !(hasNullKey1) ? entry1 != default(InternalEntityEntry) ? 
                {
                    entityType1 = entry1.EntityType;
                    return instance1 = (User)entry1.Entity;
                } : 
                {
                    ISnapshot shadowSnapshot1;
                    shadowSnapshot1 = [LIFTABLE Constant: Snapshot | Resolver: _ => Snapshot.Empty];
                    entityType1 = [LIFTABLE Constant: EntityType: User | Resolver: namelessParameter{0} => namelessParameter{0}.Dependencies.Model.FindEntityType("JournalApp.Domain.User.User")];
                    instance1 = switch (entityType1)
                    {
                        case [LIFTABLE Constant: EntityType: User | Resolver: namelessParameter{1} => namelessParameter{1}.Dependencies.Model.FindEntityType("JournalApp.Domain.User.User")]: 
                            {
                                return 
                                {
                                    User instance;
                                    instance = new User();
                                    instance.<Id>k__BackingField = dataReader.GetInt32(0);
                                    instance.<Password>k__BackingField = dataReader.GetString(1);
                                    instance.<UserName>k__BackingField = dataReader.GetString(2);
                                    (instance is IInjectableService) ? ((IInjectableService)instance).Injected(
                                        context: materializationContext1.Context, 
                                        entity: instance, 
                                        queryTrackingBehavior: TrackAll, 
                                        structuralType: [LIFTABLE Constant: EntityType: User | Resolver: namelessParameter{2} => namelessParameter{2}.Dependencies.Model.FindEntityType("JournalApp.Domain.User.User")]) : default(void);
                                    return instance;
                                }}
                        default: 
                            default(User)
                    }
                    ;
                    entry1 = entityType1 == default(IEntityType) ? default(InternalEntityEntry) : queryContext.StartTracking(
                        entityType: entityType1, 
                        entity: instance1, 
                        snapshot: shadowSnapshot1);
                    return instance1;
                } : default(void);
                return instance1;
            };
            resultContext.Values = new object[]{ entity };
            ShaperProcessingExpressionVisitor.InitializeIncludeCollection<User, User>(
                collectionId: 0, 
                queryContext: queryContext, 
                dbDataReader: dataReader, 
                resultCoordinator: resultCoordinator, 
                entity: (User)(resultContext.Values[0]), 
                parentIdentifier: [LIFTABLE Constant: Func<QueryContext, DbDataReader, object[]> | Resolver: _ => (queryContext, dataReader) => new object[]{ (object)(int?)dataReader.GetInt32(0) }], 
                outerIdentifier: [LIFTABLE Constant: Func<QueryContext, DbDataReader, object[]> | Resolver: _ => (queryContext, dataReader) => new object[]{ (object)(int?)dataReader.GetInt32(0) }], 
                navigation: [LIFTABLE Constant: Navigation: User.Journals (List<Journal>) Collection ToDependent Journal Inverse: User | Resolver: namelessParameter{3} => namelessParameter{3}.Dependencies.Model.FindEntityType("JournalApp.Domain.User.User").FindNavigation("Journals")], 
                clrCollectionAccessor: [LIFTABLE Constant: ClrICollectionAccessor<User, List<Journal>, Journal> | Resolver: namelessParameter{4} => namelessParameter{4}.Dependencies.Model.FindEntityType("JournalApp.Domain.User.User").FindNavigation("Journals").GetCollectionAccessor()], 
                trackingQuery: True, 
                setLoaded: True);
        } : default(void);
        ShaperProcessingExpressionVisitor.PopulateIncludeCollection<User, Journal>(
            collectionId: 0, 
            queryContext: queryContext, 
            dbDataReader: dataReader, 
            resultCoordinator: resultCoordinator, 
            parentIdentifier: [LIFTABLE Constant: Func<QueryContext, DbDataReader, object[]> | Resolver: _ => (queryContext, dataReader) => new object[]{ (object)(int?)dataReader.GetInt32(0) }], 
            outerIdentifier: [LIFTABLE Constant: Func<QueryContext, DbDataReader, object[]> | Resolver: _ => (queryContext, dataReader) => new object[]{ (object)(int?)dataReader.GetInt32(0) }], 
            selfIdentifier: [LIFTABLE Constant: Func<QueryContext, DbDataReader, object[]> | Resolver: _ => (queryContext, dataReader) => new object[]{ (object)dataReader.IsDBNull(3) ? default(int?) : (int?)dataReader.GetInt32(3) }], 
            parentIdentifierValueComparers: [LIFTABLE Constant: Func<object, object, bool>[] { Func<object, object, bool> } | Resolver: _ => new Func<object, object, bool>[]{ (left, right) => left == null ? right == null : right != null && (int)left == (int)right }], 
            outerIdentifierValueComparers: [LIFTABLE Constant: Func<object, object, bool>[] { Func<object, object, bool> } | Resolver: _ => new Func<object, object, bool>[]{ (left, right) => left == null ? right == null : right != null && (int)left == (int)right }], 
            selfIdentifierValueComparers: [LIFTABLE Constant: Func<object, object, bool>[] { Func<object, object, bool> } | Resolver: _ => new Func<object, object, bool>[]{ (left, right) => left == null ? right == null : right != null && (int)left == (int)right }], 
            innerShaper: (queryContext, dataReader, resultContext, resultCoordinator) => 
            {
                Journal entity;
                entity = 
                {
                    MaterializationContext materializationContext2;
                    IEntityType entityType2;
                    Journal instance2;
                    InternalEntityEntry entry2;
                    bool hasNullKey2;
                    materializationContext2 = new MaterializationContext(
                        [LIFTABLE Constant: ValueBuffer | Resolver: _ => (object)ValueBuffer.Empty], 
                        queryContext.Context
                    );
                    instance2 = default(Journal);
                    entry2 = queryContext.TryGetEntry(
                        key: [LIFTABLE Constant: Key: Journal.Id PK | Resolver: c => c.Dependencies.Model.FindEntityType("JournalApp.Domain.Journal.Journal").FindPrimaryKey()], 
                        keyValues: new object[]{ dataReader.IsDBNull(3) ? default(object) : (object)dataReader.GetInt32(3) }, 
                        throwOnNullKey: False, 
                        hasNullKey: hasNullKey2);
                    !(hasNullKey2) ? entry2 != default(InternalEntityEntry) ? 
                    {
                        entityType2 = entry2.EntityType;
                        return instance2 = (Journal)entry2.Entity;
                    } : 
                    {
                        ISnapshot shadowSnapshot2;
                        shadowSnapshot2 = [LIFTABLE Constant: Snapshot | Resolver: _ => Snapshot.Empty];
                        entityType2 = [LIFTABLE Constant: EntityType: Journal | Resolver: namelessParameter{5} => namelessParameter{5}.Dependencies.Model.FindEntityType("JournalApp.Domain.Journal.Journal")];
                        instance2 = switch (entityType2)
                        {
                            case [LIFTABLE Constant: EntityType: Journal | Resolver: namelessParameter{6} => namelessParameter{6}.Dependencies.Model.FindEntityType("JournalApp.Domain.Journal.Journal")]: 
                                {
                                    return 
                                    {
                                        Journal instance;
                                        instance = new Journal();
                                        instance.<Id>k__BackingField = dataReader.IsDBNull(3) ? default(int) : dataReader.GetInt32(3);
                                        instance.<Content>k__BackingField = dataReader.IsDBNull(4) ? default(string) : dataReader.GetString(4);
                                        instance.<UserId>k__BackingField = dataReader.IsDBNull(5) ? default(int) : dataReader.GetInt32(5);
                                        (instance is IInjectableService) ? ((IInjectableService)instance).Injected(
                                            context: materializationContext2.Context, 
                                            entity: instance, 
                                            queryTrackingBehavior: TrackAll, 
                                            structuralType: [LIFTABLE Constant: EntityType: Journal | Resolver: namelessParameter{7} => namelessParameter{7}.Dependencies.Model.FindEntityType("JournalApp.Domain.Journal.Journal")]) : default(void);
                                        return instance;
                                    }}
                            default: 
                                default(Journal)
                        }
                        ;
                        entry2 = entityType2 == default(IEntityType) ? default(InternalEntityEntry) : queryContext.StartTracking(
                            entityType: entityType2, 
                            entity: instance2, 
                            snapshot: shadowSnapshot2);
                        return instance2;
                    } : default(void);
                    return instance2;
                };
                return entity;
            }, 
            inverseNavigation: [LIFTABLE Constant: Navigation: Journal.User (User) ToPrincipal User Inverse: Journals | Resolver: namelessParameter{8} => namelessParameter{8}.Dependencies.Model.FindEntityType("JournalApp.Domain.Journal.Journal").FindNavigation("User")], 
            fixup: (namelessParameter{9}, namelessParameter{10}) => 
            {
                [LIFTABLE Constant: ClrICollectionAccessor<User, List<Journal>, Journal> | Resolver: namelessParameter{11} => namelessParameter{11}.Dependencies.Model.FindEntityType("JournalApp.Domain.User.User").FindNavigation("Journals").GetCollectionAccessor()].Add(
                    entity: namelessParameter{9}, 
                    value: namelessParameter{10}, 
                    forMaterialization: True);
                return namelessParameter{10}.<User>k__BackingField = namelessParameter{9};
            }, 
            trackingQuery: True);
        return IsTrue(resultCoordinator.ResultReady)
         ? (User)(resultContext.Values[0]) : default(User);
    }, 
    contextType: JournalApp.Infrastructure.JournalAppDbContext, 
    standAloneStateManager: False, 
    detailedErrorsEnabled: False, 
    threadSafetyChecksEnabled: True)
    .SingleOrDefault()'
2025-07-15 15:52:53.425 +03:00 [DBG] Creating DbConnection.
2025-07-15 15:52:53.437 +03:00 [DBG] Created DbConnection. (10ms).
2025-07-15 15:52:53.440 +03:00 [DBG] Opening connection to database 'main' on server '/Users/sgrancharov/dev/dotnet/JournalApp/JournalApp/JournalApp.Infrastructure/JournalApp.db'.
2025-07-15 15:52:53.453 +03:00 [DBG] Opened connection to database 'main' on server '/Users/sgrancharov/dev/dotnet/JournalApp/JournalApp/JournalApp.Infrastructure/JournalApp.db'.
2025-07-15 15:52:53.459 +03:00 [DBG] Creating DbCommand for 'ExecuteReader'.
2025-07-15 15:52:53.463 +03:00 [DBG] Created DbCommand for 'ExecuteReader' (1ms).
2025-07-15 15:52:53.466 +03:00 [DBG] Initialized DbCommand for 'ExecuteReader' (7ms).
2025-07-15 15:52:53.474 +03:00 [DBG] Executing DbCommand [Parameters=[@__userName_0='?' (Size = 3)], CommandType='"Text"', CommandTimeout='30']
SELECT "u0"."Id", "u0"."Password", "u0"."UserName", "j"."Id", "j"."Content", "j"."UserId"
FROM (
    SELECT "u"."Id", "u"."Password", "u"."UserName"
    FROM "Users" AS "u"
    WHERE "u"."UserName" = @__userName_0
    LIMIT 1
) AS "u0"
LEFT JOIN "Journals" AS "j" ON "u0"."Id" = "j"."UserId"
ORDER BY "u0"."Id"
2025-07-15 15:52:53.496 +03:00 [INF] Executed DbCommand (20ms) [Parameters=[@__userName_0='?' (Size = 3)], CommandType='"Text"', CommandTimeout='30']
SELECT "u0"."Id", "u0"."Password", "u0"."UserName", "j"."Id", "j"."Content", "j"."UserId"
FROM (
    SELECT "u"."Id", "u"."Password", "u"."UserName"
    FROM "Users" AS "u"
    WHERE "u"."UserName" = @__userName_0
    LIMIT 1
) AS "u0"
LEFT JOIN "Journals" AS "j" ON "u0"."Id" = "j"."UserId"
ORDER BY "u0"."Id"
2025-07-15 15:52:53.525 +03:00 [DBG] Context 'JournalAppDbContext' started tracking 'User' entity. Consider using 'DbContextOptionsBuilder.EnableSensitiveDataLogging' to see key values.
2025-07-15 15:52:53.550 +03:00 [DBG] Context 'JournalAppDbContext' started tracking 'Journal' entity. Consider using 'DbContextOptionsBuilder.EnableSensitiveDataLogging' to see key values.
2025-07-15 15:52:53.551 +03:00 [DBG] Context 'JournalAppDbContext' started tracking 'Journal' entity. Consider using 'DbContextOptionsBuilder.EnableSensitiveDataLogging' to see key values.
2025-07-15 15:52:53.553 +03:00 [DBG] Closing data reader to 'main' on server '/Users/sgrancharov/dev/dotnet/JournalApp/JournalApp/JournalApp.Infrastructure/JournalApp.db'.
2025-07-15 15:52:53.557 +03:00 [DBG] A data reader for 'main' on server '/Users/sgrancharov/dev/dotnet/JournalApp/JournalApp/JournalApp.Infrastructure/JournalApp.db' is being disposed after spending 55ms reading results.
2025-07-15 15:52:53.560 +03:00 [DBG] Closing connection to database 'main' on server '/Users/sgrancharov/dev/dotnet/JournalApp/JournalApp/JournalApp.Infrastructure/JournalApp.db'.
2025-07-15 15:52:53.562 +03:00 [DBG] Closed connection to database 'main' on server '/Users/sgrancharov/dev/dotnet/JournalApp/JournalApp/JournalApp.Infrastructure/JournalApp.db' (2ms).
2025-07-15 15:53:23.368 +03:00 [DBG] An 'IServiceProvider' was created for internal use by Entity Framework.
2025-07-15 15:53:27.702 +03:00 [DBG] Entity Framework Core 9.0.7 initialized 'JournalAppDbContext' using provider 'Microsoft.EntityFrameworkCore.Sqlite:9.0.7' with options: None
2025-07-15 15:53:27.738 +03:00 [DBG] Compiling query expression: 
'DbSet<User>()
    .Include(u => u.Journals)
    .FirstOrDefault(u => u.UserName == __userName_0)'
2025-07-15 15:53:27.813 +03:00 [DBG] Including navigation: 'User.Journals'.
2025-07-15 15:53:28.051 +03:00 [DBG] Generated query execution expression: 
'queryContext => SingleQueryingEnumerable.Create<User>(
    relationalQueryContext: (RelationalQueryContext)queryContext, 
    relationalCommandResolver: parameters => [LIFTABLE Constant: RelationalCommandCache.QueryExpression(
        Client Projections:
            0 -> Dictionary<IProperty, int> { [Property: User.Id (int) Required PK AfterSave:Throw ValueGenerated.OnAdd, 0], [Property: User.Password (string) Required, 1], [Property: User.UserName (string) Required, 2] }
            1 -> 0
            2 -> Dictionary<IProperty, int> { [Property: Journal.Id (int) Required PK AfterSave:Throw ValueGenerated.OnAdd, 3], [Property: Journal.Content (string) Required, 4], [Property: Journal.UserId (int) Required FK Index, 5] }
            3 -> 3
        SELECT u0.Id, u0.Password, u0.UserName, j.Id, j.Content, j.UserId
        FROM 
        (
            SELECT TOP(1) u.Id, u.Password, u.UserName
            FROM Users AS u
            WHERE u.UserName == @__userName_0
        ) AS u0
        LEFT JOIN Journals AS j ON u0.Id == j.UserId
        ORDER BY u0.Id ASC) | Resolver: c => new RelationalCommandCache(
        c.Dependencies.MemoryCache, 
        c.RelationalDependencies.QuerySqlGeneratorFactory, 
        c.RelationalDependencies.RelationalParameterBasedSqlProcessorFactory, 
        Client Projections:
            0 -> Dictionary<IProperty, int> { [Property: User.Id (int) Required PK AfterSave:Throw ValueGenerated.OnAdd, 0], [Property: User.Password (string) Required, 1], [Property: User.UserName (string) Required, 2] }
            1 -> 0
            2 -> Dictionary<IProperty, int> { [Property: Journal.Id (int) Required PK AfterSave:Throw ValueGenerated.OnAdd, 3], [Property: Journal.Content (string) Required, 4], [Property: Journal.UserId (int) Required FK Index, 5] }
            3 -> 3
        SELECT u0.Id, u0.Password, u0.UserName, j.Id, j.Content, j.UserId
        FROM 
        (
            SELECT TOP(1) u.Id, u.Password, u.UserName
            FROM Users AS u
            WHERE u.UserName == @__userName_0
        ) AS u0
        LEFT JOIN Journals AS j ON u0.Id == j.UserId
        ORDER BY u0.Id ASC, 
        False, 
        new HashSet<string>(
            new string[]{ }, 
            StringComparer.Ordinal
        )
    )].GetRelationalCommandTemplate(parameters), 
    readerColumns: null, 
    shaper: (queryContext, dataReader, resultContext, resultCoordinator) => 
    {
        resultContext.Values == null ? 
        {
            User entity;
            entity = 
            {
                MaterializationContext materializationContext1;
                IEntityType entityType1;
                User instance1;
                InternalEntityEntry entry1;
                bool hasNullKey1;
                materializationContext1 = new MaterializationContext(
                    [LIFTABLE Constant: ValueBuffer | Resolver: _ => (object)ValueBuffer.Empty], 
                    queryContext.Context
                );
                instance1 = default(User);
                entry1 = queryContext.TryGetEntry(
                    key: [LIFTABLE Constant: Key: User.Id PK | Resolver: c => c.Dependencies.Model.FindEntityType("JournalApp.Domain.User.User").FindPrimaryKey()], 
                    keyValues: new object[]{ (object)dataReader.GetInt32(0) }, 
                    throwOnNullKey: True, 
                    hasNullKey: hasNullKey1);
                !(hasNullKey1) ? entry1 != default(InternalEntityEntry) ? 
                {
                    entityType1 = entry1.EntityType;
                    return instance1 = (User)entry1.Entity;
                } : 
                {
                    ISnapshot shadowSnapshot1;
                    shadowSnapshot1 = [LIFTABLE Constant: Snapshot | Resolver: _ => Snapshot.Empty];
                    entityType1 = [LIFTABLE Constant: EntityType: User | Resolver: namelessParameter{0} => namelessParameter{0}.Dependencies.Model.FindEntityType("JournalApp.Domain.User.User")];
                    instance1 = switch (entityType1)
                    {
                        case [LIFTABLE Constant: EntityType: User | Resolver: namelessParameter{1} => namelessParameter{1}.Dependencies.Model.FindEntityType("JournalApp.Domain.User.User")]: 
                            {
                                return 
                                {
                                    User instance;
                                    instance = new User();
                                    instance.<Id>k__BackingField = dataReader.GetInt32(0);
                                    instance.<Password>k__BackingField = dataReader.GetString(1);
                                    instance.<UserName>k__BackingField = dataReader.GetString(2);
                                    (instance is IInjectableService) ? ((IInjectableService)instance).Injected(
                                        context: materializationContext1.Context, 
                                        entity: instance, 
                                        queryTrackingBehavior: TrackAll, 
                                        structuralType: [LIFTABLE Constant: EntityType: User | Resolver: namelessParameter{2} => namelessParameter{2}.Dependencies.Model.FindEntityType("JournalApp.Domain.User.User")]) : default(void);
                                    return instance;
                                }}
                        default: 
                            default(User)
                    }
                    ;
                    entry1 = entityType1 == default(IEntityType) ? default(InternalEntityEntry) : queryContext.StartTracking(
                        entityType: entityType1, 
                        entity: instance1, 
                        snapshot: shadowSnapshot1);
                    return instance1;
                } : default(void);
                return instance1;
            };
            resultContext.Values = new object[]{ entity };
            ShaperProcessingExpressionVisitor.InitializeIncludeCollection<User, User>(
                collectionId: 0, 
                queryContext: queryContext, 
                dbDataReader: dataReader, 
                resultCoordinator: resultCoordinator, 
                entity: (User)(resultContext.Values[0]), 
                parentIdentifier: [LIFTABLE Constant: Func<QueryContext, DbDataReader, object[]> | Resolver: _ => (queryContext, dataReader) => new object[]{ (object)(int?)dataReader.GetInt32(0) }], 
                outerIdentifier: [LIFTABLE Constant: Func<QueryContext, DbDataReader, object[]> | Resolver: _ => (queryContext, dataReader) => new object[]{ (object)(int?)dataReader.GetInt32(0) }], 
                navigation: [LIFTABLE Constant: Navigation: User.Journals (List<Journal>) Collection ToDependent Journal Inverse: User | Resolver: namelessParameter{3} => namelessParameter{3}.Dependencies.Model.FindEntityType("JournalApp.Domain.User.User").FindNavigation("Journals")], 
                clrCollectionAccessor: [LIFTABLE Constant: ClrICollectionAccessor<User, List<Journal>, Journal> | Resolver: namelessParameter{4} => namelessParameter{4}.Dependencies.Model.FindEntityType("JournalApp.Domain.User.User").FindNavigation("Journals").GetCollectionAccessor()], 
                trackingQuery: True, 
                setLoaded: True);
        } : default(void);
        ShaperProcessingExpressionVisitor.PopulateIncludeCollection<User, Journal>(
            collectionId: 0, 
            queryContext: queryContext, 
            dbDataReader: dataReader, 
            resultCoordinator: resultCoordinator, 
            parentIdentifier: [LIFTABLE Constant: Func<QueryContext, DbDataReader, object[]> | Resolver: _ => (queryContext, dataReader) => new object[]{ (object)(int?)dataReader.GetInt32(0) }], 
            outerIdentifier: [LIFTABLE Constant: Func<QueryContext, DbDataReader, object[]> | Resolver: _ => (queryContext, dataReader) => new object[]{ (object)(int?)dataReader.GetInt32(0) }], 
            selfIdentifier: [LIFTABLE Constant: Func<QueryContext, DbDataReader, object[]> | Resolver: _ => (queryContext, dataReader) => new object[]{ (object)dataReader.IsDBNull(3) ? default(int?) : (int?)dataReader.GetInt32(3) }], 
            parentIdentifierValueComparers: [LIFTABLE Constant: Func<object, object, bool>[] { Func<object, object, bool> } | Resolver: _ => new Func<object, object, bool>[]{ (left, right) => left == null ? right == null : right != null && (int)left == (int)right }], 
            outerIdentifierValueComparers: [LIFTABLE Constant: Func<object, object, bool>[] { Func<object, object, bool> } | Resolver: _ => new Func<object, object, bool>[]{ (left, right) => left == null ? right == null : right != null && (int)left == (int)right }], 
            selfIdentifierValueComparers: [LIFTABLE Constant: Func<object, object, bool>[] { Func<object, object, bool> } | Resolver: _ => new Func<object, object, bool>[]{ (left, right) => left == null ? right == null : right != null && (int)left == (int)right }], 
            innerShaper: (queryContext, dataReader, resultContext, resultCoordinator) => 
            {
                Journal entity;
                entity = 
                {
                    MaterializationContext materializationContext2;
                    IEntityType entityType2;
                    Journal instance2;
                    InternalEntityEntry entry2;
                    bool hasNullKey2;
                    materializationContext2 = new MaterializationContext(
                        [LIFTABLE Constant: ValueBuffer | Resolver: _ => (object)ValueBuffer.Empty], 
                        queryContext.Context
                    );
                    instance2 = default(Journal);
                    entry2 = queryContext.TryGetEntry(
                        key: [LIFTABLE Constant: Key: Journal.Id PK | Resolver: c => c.Dependencies.Model.FindEntityType("JournalApp.Domain.Journal.Journal").FindPrimaryKey()], 
                        keyValues: new object[]{ dataReader.IsDBNull(3) ? default(object) : (object)dataReader.GetInt32(3) }, 
                        throwOnNullKey: False, 
                        hasNullKey: hasNullKey2);
                    !(hasNullKey2) ? entry2 != default(InternalEntityEntry) ? 
                    {
                        entityType2 = entry2.EntityType;
                        return instance2 = (Journal)entry2.Entity;
                    } : 
                    {
                        ISnapshot shadowSnapshot2;
                        shadowSnapshot2 = [LIFTABLE Constant: Snapshot | Resolver: _ => Snapshot.Empty];
                        entityType2 = [LIFTABLE Constant: EntityType: Journal | Resolver: namelessParameter{5} => namelessParameter{5}.Dependencies.Model.FindEntityType("JournalApp.Domain.Journal.Journal")];
                        instance2 = switch (entityType2)
                        {
                            case [LIFTABLE Constant: EntityType: Journal | Resolver: namelessParameter{6} => namelessParameter{6}.Dependencies.Model.FindEntityType("JournalApp.Domain.Journal.Journal")]: 
                                {
                                    return 
                                    {
                                        Journal instance;
                                        instance = new Journal();
                                        instance.<Id>k__BackingField = dataReader.IsDBNull(3) ? default(int) : dataReader.GetInt32(3);
                                        instance.<Content>k__BackingField = dataReader.IsDBNull(4) ? default(string) : dataReader.GetString(4);
                                        instance.<UserId>k__BackingField = dataReader.IsDBNull(5) ? default(int) : dataReader.GetInt32(5);
                                        (instance is IInjectableService) ? ((IInjectableService)instance).Injected(
                                            context: materializationContext2.Context, 
                                            entity: instance, 
                                            queryTrackingBehavior: TrackAll, 
                                            structuralType: [LIFTABLE Constant: EntityType: Journal | Resolver: namelessParameter{7} => namelessParameter{7}.Dependencies.Model.FindEntityType("JournalApp.Domain.Journal.Journal")]) : default(void);
                                        return instance;
                                    }}
                            default: 
                                default(Journal)
                        }
                        ;
                        entry2 = entityType2 == default(IEntityType) ? default(InternalEntityEntry) : queryContext.StartTracking(
                            entityType: entityType2, 
                            entity: instance2, 
                            snapshot: shadowSnapshot2);
                        return instance2;
                    } : default(void);
                    return instance2;
                };
                return entity;
            }, 
            inverseNavigation: [LIFTABLE Constant: Navigation: Journal.User (User) ToPrincipal User Inverse: Journals | Resolver: namelessParameter{8} => namelessParameter{8}.Dependencies.Model.FindEntityType("JournalApp.Domain.Journal.Journal").FindNavigation("User")], 
            fixup: (namelessParameter{9}, namelessParameter{10}) => 
            {
                [LIFTABLE Constant: ClrICollectionAccessor<User, List<Journal>, Journal> | Resolver: namelessParameter{11} => namelessParameter{11}.Dependencies.Model.FindEntityType("JournalApp.Domain.User.User").FindNavigation("Journals").GetCollectionAccessor()].Add(
                    entity: namelessParameter{9}, 
                    value: namelessParameter{10}, 
                    forMaterialization: True);
                return namelessParameter{10}.<User>k__BackingField = namelessParameter{9};
            }, 
            trackingQuery: True);
        return IsTrue(resultCoordinator.ResultReady)
         ? (User)(resultContext.Values[0]) : default(User);
    }, 
    contextType: JournalApp.Infrastructure.JournalAppDbContext, 
    standAloneStateManager: False, 
    detailedErrorsEnabled: False, 
    threadSafetyChecksEnabled: True)
    .SingleOrDefault()'
2025-07-15 15:53:28.082 +03:00 [DBG] Creating DbConnection.
2025-07-15 15:53:28.093 +03:00 [DBG] Created DbConnection. (9ms).
2025-07-15 15:53:28.097 +03:00 [DBG] Opening connection to database 'main' on server '/Users/sgrancharov/dev/dotnet/JournalApp/JournalApp/JournalApp.Infrastructure/JournalApp.db'.
2025-07-15 15:53:28.107 +03:00 [DBG] Opened connection to database 'main' on server '/Users/sgrancharov/dev/dotnet/JournalApp/JournalApp/JournalApp.Infrastructure/JournalApp.db'.
2025-07-15 15:53:28.112 +03:00 [DBG] Creating DbCommand for 'ExecuteReader'.
2025-07-15 15:53:28.118 +03:00 [DBG] Created DbCommand for 'ExecuteReader' (2ms).
2025-07-15 15:53:28.121 +03:00 [DBG] Initialized DbCommand for 'ExecuteReader' (9ms).
2025-07-15 15:53:28.129 +03:00 [DBG] Executing DbCommand [Parameters=[@__userName_0='?' (Size = 3)], CommandType='"Text"', CommandTimeout='30']
SELECT "u0"."Id", "u0"."Password", "u0"."UserName", "j"."Id", "j"."Content", "j"."UserId"
FROM (
    SELECT "u"."Id", "u"."Password", "u"."UserName"
    FROM "Users" AS "u"
    WHERE "u"."UserName" = @__userName_0
    LIMIT 1
) AS "u0"
LEFT JOIN "Journals" AS "j" ON "u0"."Id" = "j"."UserId"
ORDER BY "u0"."Id"
2025-07-15 15:53:28.147 +03:00 [INF] Executed DbCommand (16ms) [Parameters=[@__userName_0='?' (Size = 3)], CommandType='"Text"', CommandTimeout='30']
SELECT "u0"."Id", "u0"."Password", "u0"."UserName", "j"."Id", "j"."Content", "j"."UserId"
FROM (
    SELECT "u"."Id", "u"."Password", "u"."UserName"
    FROM "Users" AS "u"
    WHERE "u"."UserName" = @__userName_0
    LIMIT 1
) AS "u0"
LEFT JOIN "Journals" AS "j" ON "u0"."Id" = "j"."UserId"
ORDER BY "u0"."Id"
2025-07-15 15:53:28.176 +03:00 [DBG] Context 'JournalAppDbContext' started tracking 'User' entity. Consider using 'DbContextOptionsBuilder.EnableSensitiveDataLogging' to see key values.
2025-07-15 15:53:28.201 +03:00 [DBG] Context 'JournalAppDbContext' started tracking 'Journal' entity. Consider using 'DbContextOptionsBuilder.EnableSensitiveDataLogging' to see key values.
2025-07-15 15:53:28.202 +03:00 [DBG] Context 'JournalAppDbContext' started tracking 'Journal' entity. Consider using 'DbContextOptionsBuilder.EnableSensitiveDataLogging' to see key values.
2025-07-15 15:53:28.204 +03:00 [DBG] Closing data reader to 'main' on server '/Users/sgrancharov/dev/dotnet/JournalApp/JournalApp/JournalApp.Infrastructure/JournalApp.db'.
2025-07-15 15:53:28.209 +03:00 [DBG] A data reader for 'main' on server '/Users/sgrancharov/dev/dotnet/JournalApp/JournalApp/JournalApp.Infrastructure/JournalApp.db' is being disposed after spending 55ms reading results.
2025-07-15 15:53:28.211 +03:00 [DBG] Closing connection to database 'main' on server '/Users/sgrancharov/dev/dotnet/JournalApp/JournalApp/JournalApp.Infrastructure/JournalApp.db'.
2025-07-15 15:53:28.214 +03:00 [DBG] Closed connection to database 'main' on server '/Users/sgrancharov/dev/dotnet/JournalApp/JournalApp/JournalApp.Infrastructure/JournalApp.db' (2ms).
