2026-09-27 17:06:12.909 +03:00 [WRN] You do not have a valid license key for the Lucky Penny software AutoMapper. This is allowed for development and testing scenarios. If you are running in production you are required to have a licensed version. Please visit https://luckypennysoftware.com to obtain a valid license.
2026-09-27 17:06:20.967 +03:00 [DBG] An 'IServiceProvider' was created for internal use by Entity Framework.
2026-09-27 17:06:21.263 +03:00 [DBG] Entity Framework Core 9.0.7 initialized 'JournalAppDbContext' using provider 'Microsoft.EntityFrameworkCore.Sqlite:9.0.7' with options: None
2026-09-27 17:06:21.289 +03:00 [DBG] Compiling query expression: 
'DbSet<User>()
    .Include(u => u.Journals)
    .FirstOrDefault(u => u.UserName == __userName_0)'
2026-09-27 17:06:21.319 +03:00 [DBG] Including navigation: 'User.Journals'.
2026-09-27 17:06:21.430 +03:00 [DBG] Generated query execution expression: 
'queryContext => ShapedQueryCompilingExpressionVisitor.SingleOrDefaultAsync<User>(
    asyncEnumerable: SingleQueryingEnumerable.Create<User>(
        relationalQueryContext: (RelationalQueryContext)queryContext, 
        relationalCommandResolver: parameters => [LIFTABLE Constant: RelationalCommandCache.QueryExpression(
            Client Projections:
                0 -> Dictionary<IProperty, int> { [Property: User.Id (int) Required PK AfterSave:Throw ValueGenerated.OnAdd, 0], [Property: User.Password (string) Required, 1], [Property: User.UserName (string) Required, 2] }
                1 -> 0
                2 -> Dictionary<IProperty, int> { [Property: Journal.Id (int) Required PK AfterSave:Throw ValueGenerated.OnAdd, 3], [Property: Journal.Content (string) Required, 4], [Property: Journal.Images (List<string>) Required Element type: string Required, 5], [Property: Journal.Title (string) Required, 6], [Property: Journal.UserId (int) Required FK Index, 7] }
                3 -> 3
            SELECT u0.Id, u0.Password, u0.UserName, j.Id, j.Content, j.Images, j.Title, j.UserId
            FROM 
            (
                SELECT TOP(1) u.Id, u.Password, u.UserName
                FROM Users AS u
                WHERE u.UserName == @__userName_0
            ) AS u0
            LEFT JOIN Journals AS j ON u0.Id == j.UserId
            ORDER BY u0.Id ASC) | Resolver: c => new RelationalCommandCache(
            c.Dependencies.MemoryCache, 
            c.RelationalDependencies.QuerySqlGeneratorFactory, 
            c.RelationalDependencies.RelationalParameterBasedSqlProcessorFactory, 
            Client Projections:
                0 -> Dictionary<IProperty, int> { [Property: User.Id (int) Required PK AfterSave:Throw ValueGenerated.OnAdd, 0], [Property: User.Password (string) Required, 1], [Property: User.UserName (string) Required, 2] }
                1 -> 0
                2 -> Dictionary<IProperty, int> { [Property: Journal.Id (int) Required PK AfterSave:Throw ValueGenerated.OnAdd, 3], [Property: Journal.Content (string) Required, 4], [Property: Journal.Images (List<string>) Required Element type: string Required, 5], [Property: Journal.Title (string) Required, 6], [Property: Journal.UserId (int) Required FK Index, 7] }
                3 -> 3
            SELECT u0.Id, u0.Password, u0.UserName, j.Id, j.Content, j.Images, j.Title, j.UserId
            FROM 
            (
                SELECT TOP(1) u.Id, u.Password, u.UserName
                FROM Users AS u
                WHERE u.UserName == @__userName_0
            ) AS u0
            LEFT JOIN Journals AS j ON u0.Id == j.UserId
            ORDER BY u0.Id ASC, 
            False, 
            new HashSet<string>(
                new string[]{ }, 
                StringComparer.Ordinal
            )
        )].GetRelationalCommandTemplate(parameters), 
        readerColumns: null, 
        shaper: (queryContext, dataReader, resultContext, resultCoordinator) => 
        {
            resultContext.Values == null ? 
            {
                User entity;
                entity = 
                {
                    MaterializationContext materializationContext1;
                    IEntityType entityType1;
                    User instance1;
                    InternalEntityEntry entry1;
                    bool hasNullKey1;
                    materializationContext1 = new MaterializationContext(
                        [LIFTABLE Constant: ValueBuffer | Resolver: _ => (object)ValueBuffer.Empty], 
                        queryContext.Context
                    );
                    instance1 = default(User);
                    entry1 = queryContext.TryGetEntry(
                        key: [LIFTABLE Constant: Key: User.Id PK | Resolver: c => c.Dependencies.Model.FindEntityType("JournalApp.Domain.User.User").FindPrimaryKey()], 
                        keyValues: new object[]{ (object)dataReader.GetInt32(0) }, 
                        throwOnNullKey: True, 
                        hasNullKey: hasNullKey1);
                    !(hasNullKey1) ? entry1 != default(InternalEntityEntry) ? 
                    {
                        entityType1 = entry1.EntityType;
                        return instance1 = (User)entry1.Entity;
                    } : 
                    {
                        ISnapshot shadowSnapshot1;
                        shadowSnapshot1 = [LIFTABLE Constant: Snapshot | Resolver: _ => Snapshot.Empty];
                        entityType1 = [LIFTABLE Constant: EntityType: User | Resolver: namelessParameter{0} => namelessParameter{0}.Dependencies.Model.FindEntityType("JournalApp.Domain.User.User")];
                        instance1 = switch (entityType1)
                        {
                            case [LIFTABLE Constant: EntityType: User | Resolver: namelessParameter{1} => namelessParameter{1}.Dependencies.Model.FindEntityType("JournalApp.Domain.User.User")]: 
                                {
                                    return 
                                    {
                                        User instance;
                                        instance = new User();
                                        instance.<Id>k__BackingField = dataReader.GetInt32(0);
                                        instance.<Password>k__BackingField = dataReader.GetString(1);
                                        instance.<UserName>k__BackingField = dataReader.GetString(2);
                                        (instance is IInjectableService) ? ((IInjectableService)instance).Injected(
                                            context: materializationContext1.Context, 
                                            entity: instance, 
                                            queryTrackingBehavior: TrackAll, 
                                            structuralType: [LIFTABLE Constant: EntityType: User | Resolver: namelessParameter{2} => namelessParameter{2}.Dependencies.Model.FindEntityType("JournalApp.Domain.User.User")]) : default(void);
                                        return instance;
                                    }}
                            default: 
                                default(User)
                        }
                        ;
                        entry1 = entityType1 == default(IEntityType) ? default(InternalEntityEntry) : queryContext.StartTracking(
                            entityType: entityType1, 
                            entity: instance1, 
                            snapshot: shadowSnapshot1);
                        return instance1;
                    } : default(void);
                    return instance1;
                };
                resultContext.Values = new object[]{ entity };
                ShaperProcessingExpressionVisitor.InitializeIncludeCollection<User, User>(
                    collectionId: 0, 
                    queryContext: queryContext, 
                    dbDataReader: dataReader, 
                    resultCoordinator: resultCoordinator, 
                    entity: (User)(resultContext.Values[0]), 
                    parentIdentifier: [LIFTABLE Constant: Func<QueryContext, DbDataReader, object[]> | Resolver: _ => (queryContext, dataReader) => new object[]{ (object)(int?)dataReader.GetInt32(0) }], 
                    outerIdentifier: [LIFTABLE Constant: Func<QueryContext, DbDataReader, object[]> | Resolver: _ => (queryContext, dataReader) => new object[]{ (object)(int?)dataReader.GetInt32(0) }], 
                    navigation: [LIFTABLE Constant: Navigation: User.Journals (List<Journal>) Collection ToDependent Journal Inverse: User | Resolver: namelessParameter{3} => namelessParameter{3}.Dependencies.Model.FindEntityType("JournalApp.Domain.User.User").FindNavigation("Journals")], 
                    clrCollectionAccessor: [LIFTABLE Constant: ClrICollectionAccessor<User, List<Journal>, Journal> | Resolver: namelessParameter{4} => namelessParameter{4}.Dependencies.Model.FindEntityType("JournalApp.Domain.User.User").FindNavigation("Journals").GetCollectionAccessor()], 
                    trackingQuery: True, 
                    setLoaded: True);
            } : default(void);
            ShaperProcessingExpressionVisitor.PopulateIncludeCollection<User, Journal>(
                collectionId: 0, 
                queryContext: queryContext, 
                dbDataReader: dataReader, 
                resultCoordinator: resultCoordinator, 
                parentIdentifier: [LIFTABLE Constant: Func<QueryContext, DbDataReader, object[]> | Resolver: _ => (queryContext, dataReader) => new object[]{ (object)(int?)dataReader.GetInt32(0) }], 
                outerIdentifier: [LIFTABLE Constant: Func<QueryContext, DbDataReader, object[]> | Resolver: _ => (queryContext, dataReader) => new object[]{ (object)(int?)dataReader.GetInt32(0) }], 
                selfIdentifier: [LIFTABLE Constant: Func<QueryContext, DbDataReader, object[]> | Resolver: _ => (queryContext, dataReader) => new object[]{ (object)dataReader.IsDBNull(3) ? default(int?) : (int?)dataReader.GetInt32(3) }], 
                parentIdentifierValueComparers: [LIFTABLE Constant: Func<object, object, bool>[] { Func<object, object, bool> } | Resolver: _ => new Func<object, object, bool>[]{ (left, right) => left == null ? right == null : right != null && (int)left == (int)right }], 
                outerIdentifierValueComparers: [LIFTABLE Constant: Func<object, object, bool>[] { Func<object, object, bool> } | Resolver: _ => new Func<object, object, bool>[]{ (left, right) => left == null ? right == null : right != null && (int)left == (int)right }], 
                selfIdentifierValueComparers: [LIFTABLE Constant: Func<object, object, bool>[] { Func<object, object, bool> } | Resolver: _ => new Func<object, object, bool>[]{ (left, right) => left == null ? right == null : right != null && (int)left == (int)right }], 
                innerShaper: (queryContext, dataReader, resultContext, resultCoordinator) => 
                {
                    Journal entity;
                    entity = 
                    {
                        MaterializationContext materializationContext2;
                        IEntityType entityType2;
                        Journal instance2;
                        InternalEntityEntry entry2;
                        bool hasNullKey2;
                        materializationContext2 = new MaterializationContext(
                            [LIFTABLE Constant: ValueBuffer | Resolver: _ => (object)ValueBuffer.Empty], 
                            queryContext.Context
                        );
                        instance2 = default(Journal);
                        entry2 = queryContext.TryGetEntry(
                            key: [LIFTABLE Constant: Key: Journal.Id PK | Resolver: c => c.Dependencies.Model.FindEntityType("JournalApp.Domain.Journal.Journal").FindPrimaryKey()], 
                            keyValues: new object[]{ dataReader.IsDBNull(3) ? default(object) : (object)dataReader.GetInt32(3) }, 
                            throwOnNullKey: False, 
                            hasNullKey: hasNullKey2);
                        !(hasNullKey2) ? entry2 != default(InternalEntityEntry) ? 
                        {
                            entityType2 = entry2.EntityType;
                            return instance2 = (Journal)entry2.Entity;
                        } : 
                        {
                            ISnapshot shadowSnapshot2;
                            shadowSnapshot2 = [LIFTABLE Constant: Snapshot | Resolver: _ => Snapshot.Empty];
                            entityType2 = [LIFTABLE Constant: EntityType: Journal | Resolver: namelessParameter{5} => namelessParameter{5}.Dependencies.Model.FindEntityType("JournalApp.Domain.Journal.Journal")];
                            instance2 = switch (entityType2)
                            {
                                case [LIFTABLE Constant: EntityType: Journal | Resolver: namelessParameter{6} => namelessParameter{6}.Dependencies.Model.FindEntityType("JournalApp.Domain.Journal.Journal")]: 
                                    {
                                        return 
                                        {
                                            Journal instance;
                                            instance = new Journal();
                                            instance.<Id>k__BackingField = dataReader.IsDBNull(3) ? default(int) : dataReader.GetInt32(3);
                                            instance.<Content>k__BackingField = dataReader.IsDBNull(4) ? default(string) : dataReader.GetString(4);
                                            {
                                                List<string> namelessParameter{7};
                                                namelessParameter{7} = instance.<Images>k__BackingField;
                                                namelessParameter{7} == null || dataReader.IsDBNull(5) ? default(List<string>) : (List<string>)Invoke(((CollectionToJsonStringConverter<string>)((IReadOnlyProperty)[LIFTABLE Constant: Property: Journal.Images (List<string>) Required Element type: string Required | Resolver: namelessParameter{8} => namelessParameter{8}.Dependencies.Model.FindEntityType("JournalApp.Domain.Journal.Journal").FindProperty("Images")]).GetTypeMapping().Converter).ConvertFromProviderTyped, dataReader.GetString(5)) == null || namelessParameter{7}.IsReadOnly ? instance.<Images>k__BackingField = dataReader.IsDBNull(5) ? default(List<string>) : (List<string>)Invoke(((CollectionToJsonStringConverter<string>)((IReadOnlyProperty)[LIFTABLE Constant: Property: Journal.Images (List<string>) Required Element type: string Required | Resolver: namelessParameter{9} => namelessParameter{9}.Dependencies.Model.FindEntityType("JournalApp.Domain.Journal.Journal").FindProperty("Images")]).GetTypeMapping().Converter).ConvertFromProviderTyped, dataReader.GetString(5)) : EntityMaterializerSource.PopulateList<string>(
                                                    buffer: dataReader.IsDBNull(5) ? default(List<string>) : (List<string>)Invoke(((CollectionToJsonStringConverter<string>)((IReadOnlyProperty)[LIFTABLE Constant: Property: Journal.Images (List<string>) Required Element type: string Required | Resolver: namelessParameter{10} => namelessParameter{10}.Dependencies.Model.FindEntityType("JournalApp.Domain.Journal.Journal").FindProperty("Images")]).GetTypeMapping().Converter).ConvertFromProviderTyped, dataReader.GetString(5)), 
                                                    target: namelessParameter{7});
                                            }instance.<Title>k__BackingField = dataReader.IsDBNull(6) ? default(string) : dataReader.GetString(6);
                                            instance.<UserId>k__BackingField = dataReader.IsDBNull(7) ? default(int) : dataReader.GetInt32(7);
                                            (instance is IInjectableService) ? ((IInjectableService)instance).Injected(
                                                context: materializationContext2.Context, 
                                                entity: instance, 
                                                queryTrackingBehavior: TrackAll, 
                                                structuralType: [LIFTABLE Constant: EntityType: Journal | Resolver: namelessParameter{11} => namelessParameter{11}.Dependencies.Model.FindEntityType("JournalApp.Domain.Journal.Journal")]) : default(void);
                                            return instance;
                                        }}
                                default: 
                                    default(Journal)
                            }
                            ;
                            entry2 = entityType2 == default(IEntityType) ? default(InternalEntityEntry) : queryContext.StartTracking(
                                entityType: entityType2, 
                                entity: instance2, 
                                snapshot: shadowSnapshot2);
                            return instance2;
                        } : default(void);
                        return instance2;
                    };
                    return entity;
                }, 
                inverseNavigation: [LIFTABLE Constant: Navigation: Journal.User (User) ToPrincipal User Inverse: Journals | Resolver: namelessParameter{12} => namelessParameter{12}.Dependencies.Model.FindEntityType("JournalApp.Domain.Journal.Journal").FindNavigation("User")], 
                fixup: (namelessParameter{13}, namelessParameter{14}) => 
                {
                    [LIFTABLE Constant: ClrICollectionAccessor<User, List<Journal>, Journal> | Resolver: namelessParameter{15} => namelessParameter{15}.Dependencies.Model.FindEntityType("JournalApp.Domain.User.User").FindNavigation("Journals").GetCollectionAccessor()].Add(
                        entity: namelessParameter{13}, 
                        value: namelessParameter{14}, 
                        forMaterialization: True);
                    return namelessParameter{14}.<User>k__BackingField = namelessParameter{13};
                }, 
                trackingQuery: True);
            return IsTrue(resultCoordinator.ResultReady)
             ? (User)(resultContext.Values[0]) : default(User);
        }, 
        contextType: JournalApp.Infrastructure.JournalAppDbContext, 
        standAloneStateManager: False, 
        detailedErrorsEnabled: False, 
        threadSafetyChecksEnabled: True), 
    cancellationToken: queryContext.CancellationToken)'
2026-09-27 17:06:21.445 +03:00 [DBG] Creating DbConnection.
2026-09-27 17:06:21.450 +03:00 [DBG] Created DbConnection. (4ms).
2026-09-27 17:06:21.453 +03:00 [DBG] Opening connection to database 'main' on server '/Users/sgrancharov/dev/dotnet/JournalApp/JournalApp/JournalApp.Infrastructure/JournalApp.db'.
2026-09-27 17:06:21.458 +03:00 [DBG] Opened connection to database 'main' on server '/Users/sgrancharov/dev/dotnet/JournalApp/JournalApp/JournalApp.Infrastructure/JournalApp.db'.
2026-09-27 17:06:21.460 +03:00 [DBG] Creating DbCommand for 'ExecuteReader'.
2026-09-27 17:06:21.462 +03:00 [DBG] Created DbCommand for 'ExecuteReader' (0ms).
2026-09-27 17:06:21.463 +03:00 [DBG] Initialized DbCommand for 'ExecuteReader' (3ms).
2026-09-27 17:06:21.466 +03:00 [DBG] Executing DbCommand [Parameters=[@__userName_0='?' (Size = 7)], CommandType='"Text"', CommandTimeout='30']
SELECT "u0"."Id", "u0"."Password", "u0"."UserName", "j"."Id", "j"."Content", "j"."Images", "j"."Title", "j"."UserId"
FROM (
    SELECT "u"."Id", "u"."Password", "u"."UserName"
    FROM "Users" AS "u"
    WHERE "u"."UserName" = @__userName_0
    LIMIT 1
) AS "u0"
LEFT JOIN "Journals" AS "j" ON "u0"."Id" = "j"."UserId"
ORDER BY "u0"."Id"
2026-09-27 17:06:21.478 +03:00 [INF] Executed DbCommand (8ms) [Parameters=[@__userName_0='?' (Size = 7)], CommandType='"Text"', CommandTimeout='30']
SELECT "u0"."Id", "u0"."Password", "u0"."UserName", "j"."Id", "j"."Content", "j"."Images", "j"."Title", "j"."UserId"
FROM (
    SELECT "u"."Id", "u"."Password", "u"."UserName"
    FROM "Users" AS "u"
    WHERE "u"."UserName" = @__userName_0
    LIMIT 1
) AS "u0"
LEFT JOIN "Journals" AS "j" ON "u0"."Id" = "j"."UserId"
ORDER BY "u0"."Id"
2026-09-27 17:06:21.491 +03:00 [DBG] Context 'JournalAppDbContext' started tracking 'User' entity. Consider using 'DbContextOptionsBuilder.EnableSensitiveDataLogging' to see key values.
2026-09-27 17:06:21.500 +03:00 [DBG] Closing data reader to 'main' on server '/Users/sgrancharov/dev/dotnet/JournalApp/JournalApp/JournalApp.Infrastructure/JournalApp.db'.
2026-09-27 17:06:21.502 +03:00 [DBG] A data reader for 'main' on server '/Users/sgrancharov/dev/dotnet/JournalApp/JournalApp/JournalApp.Infrastructure/JournalApp.db' is being disposed after spending 22ms reading results.
2026-09-27 17:06:21.503 +03:00 [DBG] Closing connection to database 'main' on server '/Users/sgrancharov/dev/dotnet/JournalApp/JournalApp/JournalApp.Infrastructure/JournalApp.db'.
2026-09-27 17:06:21.504 +03:00 [DBG] Closed connection to database 'main' on server '/Users/sgrancharov/dev/dotnet/JournalApp/JournalApp/JournalApp.Infrastructure/JournalApp.db' (1ms).
2026-09-27 17:09:25.204 +03:00 [WRN] You do not have a valid license key for the Lucky Penny software AutoMapper. This is allowed for development and testing scenarios. If you are running in production you are required to have a licensed version. Please visit https://luckypennysoftware.com to obtain a valid license.
2026-09-27 17:09:32.962 +03:00 [DBG] An 'IServiceProvider' was created for internal use by Entity Framework.
2026-09-27 17:09:33.163 +03:00 [DBG] Entity Framework Core 9.0.7 initialized 'JournalAppDbContext' using provider 'Microsoft.EntityFrameworkCore.Sqlite:9.0.7' with options: None
2026-09-27 17:09:33.183 +03:00 [DBG] Compiling query expression: 
'DbSet<User>()
    .Include(u => u.Journals)
    .FirstOrDefault(u => u.UserName == __userName_0)'
2026-09-27 17:09:33.205 +03:00 [DBG] Including navigation: 'User.Journals'.
2026-09-27 17:09:33.317 +03:00 [DBG] Generated query execution expression: 
'queryContext => ShapedQueryCompilingExpressionVisitor.SingleOrDefaultAsync<User>(
    asyncEnumerable: SingleQueryingEnumerable.Create<User>(
        relationalQueryContext: (RelationalQueryContext)queryContext, 
        relationalCommandResolver: parameters => [LIFTABLE Constant: RelationalCommandCache.QueryExpression(
            Client Projections:
                0 -> Dictionary<IProperty, int> { [Property: User.Id (int) Required PK AfterSave:Throw ValueGenerated.OnAdd, 0], [Property: User.Password (string) Required, 1], [Property: User.UserName (string) Required, 2] }
                1 -> 0
                2 -> Dictionary<IProperty, int> { [Property: Journal.Id (int) Required PK AfterSave:Throw ValueGenerated.OnAdd, 3], [Property: Journal.Content (string) Required, 4], [Property: Journal.Images (List<string>) Required Element type: string Required, 5], [Property: Journal.Title (string) Required, 6], [Property: Journal.UserId (int) Required FK Index, 7] }
                3 -> 3
            SELECT u0.Id, u0.Password, u0.UserName, j.Id, j.Content, j.Images, j.Title, j.UserId
            FROM 
            (
                SELECT TOP(1) u.Id, u.Password, u.UserName
                FROM Users AS u
                WHERE u.UserName == @__userName_0
            ) AS u0
            LEFT JOIN Journals AS j ON u0.Id == j.UserId
            ORDER BY u0.Id ASC) | Resolver: c => new RelationalCommandCache(
            c.Dependencies.MemoryCache, 
            c.RelationalDependencies.QuerySqlGeneratorFactory, 
            c.RelationalDependencies.RelationalParameterBasedSqlProcessorFactory, 
            Client Projections:
                0 -> Dictionary<IProperty, int> { [Property: User.Id (int) Required PK AfterSave:Throw ValueGenerated.OnAdd, 0], [Property: User.Password (string) Required, 1], [Property: User.UserName (string) Required, 2] }
                1 -> 0
                2 -> Dictionary<IProperty, int> { [Property: Journal.Id (int) Required PK AfterSave:Throw ValueGenerated.OnAdd, 3], [Property: Journal.Content (string) Required, 4], [Property: Journal.Images (List<string>) Required Element type: string Required, 5], [Property: Journal.Title (string) Required, 6], [Property: Journal.UserId (int) Required FK Index, 7] }
                3 -> 3
            SELECT u0.Id, u0.Password, u0.UserName, j.Id, j.Content, j.Images, j.Title, j.UserId
            FROM 
            (
                SELECT TOP(1) u.Id, u.Password, u.UserName
                FROM Users AS u
                WHERE u.UserName == @__userName_0
            ) AS u0
            LEFT JOIN Journals AS j ON u0.Id == j.UserId
            ORDER BY u0.Id ASC, 
            False, 
            new HashSet<string>(
                new string[]{ }, 
                StringComparer.Ordinal
            )
        )].GetRelationalCommandTemplate(parameters), 
        readerColumns: null, 
        shaper: (queryContext, dataReader, resultContext, resultCoordinator) => 
        {
            resultContext.Values == null ? 
            {
                User entity;
                entity = 
                {
                    MaterializationContext materializationContext1;
                    IEntityType entityType1;
                    User instance1;
                    InternalEntityEntry entry1;
                    bool hasNullKey1;
                    materializationContext1 = new MaterializationContext(
                        [LIFTABLE Constant: ValueBuffer | Resolver: _ => (object)ValueBuffer.Empty], 
                        queryContext.Context
                    );
                    instance1 = default(User);
                    entry1 = queryContext.TryGetEntry(
                        key: [LIFTABLE Constant: Key: User.Id PK | Resolver: c => c.Dependencies.Model.FindEntityType("JournalApp.Domain.User.User").FindPrimaryKey()], 
                        keyValues: new object[]{ (object)dataReader.GetInt32(0) }, 
                        throwOnNullKey: True, 
                        hasNullKey: hasNullKey1);
                    !(hasNullKey1) ? entry1 != default(InternalEntityEntry) ? 
                    {
                        entityType1 = entry1.EntityType;
                        return instance1 = (User)entry1.Entity;
                    } : 
                    {
                        ISnapshot shadowSnapshot1;
                        shadowSnapshot1 = [LIFTABLE Constant: Snapshot | Resolver: _ => Snapshot.Empty];
                        entityType1 = [LIFTABLE Constant: EntityType: User | Resolver: namelessParameter{0} => namelessParameter{0}.Dependencies.Model.FindEntityType("JournalApp.Domain.User.User")];
                        instance1 = switch (entityType1)
                        {
                            case [LIFTABLE Constant: EntityType: User | Resolver: namelessParameter{1} => namelessParameter{1}.Dependencies.Model.FindEntityType("JournalApp.Domain.User.User")]: 
                                {
                                    return 
                                    {
                                        User instance;
                                        instance = new User();
                                        instance.<Id>k__BackingField = dataReader.GetInt32(0);
                                        instance.<Password>k__BackingField = dataReader.GetString(1);
                                        instance.<UserName>k__BackingField = dataReader.GetString(2);
                                        (instance is IInjectableService) ? ((IInjectableService)instance).Injected(
                                            context: materializationContext1.Context, 
                                            entity: instance, 
                                            queryTrackingBehavior: TrackAll, 
                                            structuralType: [LIFTABLE Constant: EntityType: User | Resolver: namelessParameter{2} => namelessParameter{2}.Dependencies.Model.FindEntityType("JournalApp.Domain.User.User")]) : default(void);
                                        return instance;
                                    }}
                            default: 
                                default(User)
                        }
                        ;
                        entry1 = entityType1 == default(IEntityType) ? default(InternalEntityEntry) : queryContext.StartTracking(
                            entityType: entityType1, 
                            entity: instance1, 
                            snapshot: shadowSnapshot1);
                        return instance1;
                    } : default(void);
                    return instance1;
                };
                resultContext.Values = new object[]{ entity };
                ShaperProcessingExpressionVisitor.InitializeIncludeCollection<User, User>(
                    collectionId: 0, 
                    queryContext: queryContext, 
                    dbDataReader: dataReader, 
                    resultCoordinator: resultCoordinator, 
                    entity: (User)(resultContext.Values[0]), 
                    parentIdentifier: [LIFTABLE Constant: Func<QueryContext, DbDataReader, object[]> | Resolver: _ => (queryContext, dataReader) => new object[]{ (object)(int?)dataReader.GetInt32(0) }], 
                    outerIdentifier: [LIFTABLE Constant: Func<QueryContext, DbDataReader, object[]> | Resolver: _ => (queryContext, dataReader) => new object[]{ (object)(int?)dataReader.GetInt32(0) }], 
                    navigation: [LIFTABLE Constant: Navigation: User.Journals (List<Journal>) Collection ToDependent Journal Inverse: User | Resolver: namelessParameter{3} => namelessParameter{3}.Dependencies.Model.FindEntityType("JournalApp.Domain.User.User").FindNavigation("Journals")], 
                    clrCollectionAccessor: [LIFTABLE Constant: ClrICollectionAccessor<User, List<Journal>, Journal> | Resolver: namelessParameter{4} => namelessParameter{4}.Dependencies.Model.FindEntityType("JournalApp.Domain.User.User").FindNavigation("Journals").GetCollectionAccessor()], 
                    trackingQuery: True, 
                    setLoaded: True);
            } : default(void);
            ShaperProcessingExpressionVisitor.PopulateIncludeCollection<User, Journal>(
                collectionId: 0, 
                queryContext: queryContext, 
                dbDataReader: dataReader, 
                resultCoordinator: resultCoordinator, 
                parentIdentifier: [LIFTABLE Constant: Func<QueryContext, DbDataReader, object[]> | Resolver: _ => (queryContext, dataReader) => new object[]{ (object)(int?)dataReader.GetInt32(0) }], 
                outerIdentifier: [LIFTABLE Constant: Func<QueryContext, DbDataReader, object[]> | Resolver: _ => (queryContext, dataReader) => new object[]{ (object)(int?)dataReader.GetInt32(0) }], 
                selfIdentifier: [LIFTABLE Constant: Func<QueryContext, DbDataReader, object[]> | Resolver: _ => (queryContext, dataReader) => new object[]{ (object)dataReader.IsDBNull(3) ? default(int?) : (int?)dataReader.GetInt32(3) }], 
                parentIdentifierValueComparers: [LIFTABLE Constant: Func<object, object, bool>[] { Func<object, object, bool> } | Resolver: _ => new Func<object, object, bool>[]{ (left, right) => left == null ? right == null : right != null && (int)left == (int)right }], 
                outerIdentifierValueComparers: [LIFTABLE Constant: Func<object, object, bool>[] { Func<object, object, bool> } | Resolver: _ => new Func<object, object, bool>[]{ (left, right) => left == null ? right == null : right != null && (int)left == (int)right }], 
                selfIdentifierValueComparers: [LIFTABLE Constant: Func<object, object, bool>[] { Func<object, object, bool> } | Resolver: _ => new Func<object, object, bool>[]{ (left, right) => left == null ? right == null : right != null && (int)left == (int)right }], 
                innerShaper: (queryContext, dataReader, resultContext, resultCoordinator) => 
                {
                    Journal entity;
                    entity = 
                    {
                        MaterializationContext materializationContext2;
                        IEntityType entityType2;
                        Journal instance2;
                        InternalEntityEntry entry2;
                        bool hasNullKey2;
                        materializationContext2 = new MaterializationContext(
                            [LIFTABLE Constant: ValueBuffer | Resolver: _ => (object)ValueBuffer.Empty], 
                            queryContext.Context
                        );
                        instance2 = default(Journal);
                        entry2 = queryContext.TryGetEntry(
                            key: [LIFTABLE Constant: Key: Journal.Id PK | Resolver: c => c.Dependencies.Model.FindEntityType("JournalApp.Domain.Journal.Journal").FindPrimaryKey()], 
                            keyValues: new object[]{ dataReader.IsDBNull(3) ? default(object) : (object)dataReader.GetInt32(3) }, 
                            throwOnNullKey: False, 
                            hasNullKey: hasNullKey2);
                        !(hasNullKey2) ? entry2 != default(InternalEntityEntry) ? 
                        {
                            entityType2 = entry2.EntityType;
                            return instance2 = (Journal)entry2.Entity;
                        } : 
                        {
                            ISnapshot shadowSnapshot2;
                            shadowSnapshot2 = [LIFTABLE Constant: Snapshot | Resolver: _ => Snapshot.Empty];
                            entityType2 = [LIFTABLE Constant: EntityType: Journal | Resolver: namelessParameter{5} => namelessParameter{5}.Dependencies.Model.FindEntityType("JournalApp.Domain.Journal.Journal")];
                            instance2 = switch (entityType2)
                            {
                                case [LIFTABLE Constant: EntityType: Journal | Resolver: namelessParameter{6} => namelessParameter{6}.Dependencies.Model.FindEntityType("JournalApp.Domain.Journal.Journal")]: 
                                    {
                                        return 
                                        {
                                            Journal instance;
                                            instance = new Journal();
                                            instance.<Id>k__BackingField = dataReader.IsDBNull(3) ? default(int) : dataReader.GetInt32(3);
                                            instance.<Content>k__BackingField = dataReader.IsDBNull(4) ? default(string) : dataReader.GetString(4);
                                            {
                                                List<string> namelessParameter{7};
                                                namelessParameter{7} = instance.<Images>k__BackingField;
                                                namelessParameter{7} == null || dataReader.IsDBNull(5) ? default(List<string>) : (List<string>)Invoke(((CollectionToJsonStringConverter<string>)((IReadOnlyProperty)[LIFTABLE Constant: Property: Journal.Images (List<string>) Required Element type: string Required | Resolver: namelessParameter{8} => namelessParameter{8}.Dependencies.Model.FindEntityType("JournalApp.Domain.Journal.Journal").FindProperty("Images")]).GetTypeMapping().Converter).ConvertFromProviderTyped, dataReader.GetString(5)) == null || namelessParameter{7}.IsReadOnly ? instance.<Images>k__BackingField = dataReader.IsDBNull(5) ? default(List<string>) : (List<string>)Invoke(((CollectionToJsonStringConverter<string>)((IReadOnlyProperty)[LIFTABLE Constant: Property: Journal.Images (List<string>) Required Element type: string Required | Resolver: namelessParameter{9} => namelessParameter{9}.Dependencies.Model.FindEntityType("JournalApp.Domain.Journal.Journal").FindProperty("Images")]).GetTypeMapping().Converter).ConvertFromProviderTyped, dataReader.GetString(5)) : EntityMaterializerSource.PopulateList<string>(
                                                    buffer: dataReader.IsDBNull(5) ? default(List<string>) : (List<string>)Invoke(((CollectionToJsonStringConverter<string>)((IReadOnlyProperty)[LIFTABLE Constant: Property: Journal.Images (List<string>) Required Element type: string Required | Resolver: namelessParameter{10} => namelessParameter{10}.Dependencies.Model.FindEntityType("JournalApp.Domain.Journal.Journal").FindProperty("Images")]).GetTypeMapping().Converter).ConvertFromProviderTyped, dataReader.GetString(5)), 
                                                    target: namelessParameter{7});
                                            }instance.<Title>k__BackingField = dataReader.IsDBNull(6) ? default(string) : dataReader.GetString(6);
                                            instance.<UserId>k__BackingField = dataReader.IsDBNull(7) ? default(int) : dataReader.GetInt32(7);
                                            (instance is IInjectableService) ? ((IInjectableService)instance).Injected(
                                                context: materializationContext2.Context, 
                                                entity: instance, 
                                                queryTrackingBehavior: TrackAll, 
                                                structuralType: [LIFTABLE Constant: EntityType: Journal | Resolver: namelessParameter{11} => namelessParameter{11}.Dependencies.Model.FindEntityType("JournalApp.Domain.Journal.Journal")]) : default(void);
                                            return instance;
                                        }}
                                default: 
                                    default(Journal)
                            }
                            ;
                            entry2 = entityType2 == default(IEntityType) ? default(InternalEntityEntry) : queryContext.StartTracking(
                                entityType: entityType2, 
                                entity: instance2, 
                                snapshot: shadowSnapshot2);
                            return instance2;
                        } : default(void);
                        return instance2;
                    };
                    return entity;
                }, 
                inverseNavigation: [LIFTABLE Constant: Navigation: Journal.User (User) ToPrincipal User Inverse: Journals | Resolver: namelessParameter{12} => namelessParameter{12}.Dependencies.Model.FindEntityType("JournalApp.Domain.Journal.Journal").FindNavigation("User")], 
                fixup: (namelessParameter{13}, namelessParameter{14}) => 
                {
                    [LIFTABLE Constant: ClrICollectionAccessor<User, List<Journal>, Journal> | Resolver: namelessParameter{15} => namelessParameter{15}.Dependencies.Model.FindEntityType("JournalApp.Domain.User.User").FindNavigation("Journals").GetCollectionAccessor()].Add(
                        entity: namelessParameter{13}, 
                        value: namelessParameter{14}, 
                        forMaterialization: True);
                    return namelessParameter{14}.<User>k__BackingField = namelessParameter{13};
                }, 
                trackingQuery: True);
            return IsTrue(resultCoordinator.ResultReady)
             ? (User)(resultContext.Values[0]) : default(User);
        }, 
        contextType: JournalApp.Infrastructure.JournalAppDbContext, 
        standAloneStateManager: False, 
        detailedErrorsEnabled: False, 
        threadSafetyChecksEnabled: True), 
    cancellationToken: queryContext.CancellationToken)'
2026-09-27 17:09:33.333 +03:00 [DBG] Creating DbConnection.
2026-09-27 17:09:33.338 +03:00 [DBG] Created DbConnection. (4ms).
2026-09-27 17:09:33.340 +03:00 [DBG] Opening connection to database 'main' on server '/Users/sgrancharov/dev/dotnet/JournalApp/JournalApp/JournalApp.Infrastructure/JournalApp.db'.
2026-09-27 17:09:33.345 +03:00 [DBG] Opened connection to database 'main' on server '/Users/sgrancharov/dev/dotnet/JournalApp/JournalApp/JournalApp.Infrastructure/JournalApp.db'.
2026-09-27 17:09:33.346 +03:00 [DBG] Creating DbCommand for 'ExecuteReader'.
2026-09-27 17:09:33.348 +03:00 [DBG] Created DbCommand for 'ExecuteReader' (0ms).
2026-09-27 17:09:33.349 +03:00 [DBG] Initialized DbCommand for 'ExecuteReader' (3ms).
2026-09-27 17:09:33.352 +03:00 [DBG] Executing DbCommand [Parameters=[@__userName_0='?' (Size = 7)], CommandType='"Text"', CommandTimeout='30']
SELECT "u0"."Id", "u0"."Password", "u0"."UserName", "j"."Id", "j"."Content", "j"."Images", "j"."Title", "j"."UserId"
FROM (
    SELECT "u"."Id", "u"."Password", "u"."UserName"
    FROM "Users" AS "u"
    WHERE "u"."UserName" = @__userName_0
    LIMIT 1
) AS "u0"
LEFT JOIN "Journals" AS "j" ON "u0"."Id" = "j"."UserId"
ORDER BY "u0"."Id"
2026-09-27 17:09:33.363 +03:00 [INF] Executed DbCommand (7ms) [Parameters=[@__userName_0='?' (Size = 7)], CommandType='"Text"', CommandTimeout='30']
SELECT "u0"."Id", "u0"."Password", "u0"."UserName", "j"."Id", "j"."Content", "j"."Images", "j"."Title", "j"."UserId"
FROM (
    SELECT "u"."Id", "u"."Password", "u"."UserName"
    FROM "Users" AS "u"
    WHERE "u"."UserName" = @__userName_0
    LIMIT 1
) AS "u0"
LEFT JOIN "Journals" AS "j" ON "u0"."Id" = "j"."UserId"
ORDER BY "u0"."Id"
2026-09-27 17:09:33.375 +03:00 [DBG] Context 'JournalAppDbContext' started tracking 'User' entity. Consider using 'DbContextOptionsBuilder.EnableSensitiveDataLogging' to see key values.
2026-09-27 17:09:33.384 +03:00 [DBG] Closing data reader to 'main' on server '/Users/sgrancharov/dev/dotnet/JournalApp/JournalApp/JournalApp.Infrastructure/JournalApp.db'.
2026-09-27 17:09:33.386 +03:00 [DBG] A data reader for 'main' on server '/Users/sgrancharov/dev/dotnet/JournalApp/JournalApp/JournalApp.Infrastructure/JournalApp.db' is being disposed after spending 21ms reading results.
2026-09-27 17:09:33.387 +03:00 [DBG] Closing connection to database 'main' on server '/Users/sgrancharov/dev/dotnet/JournalApp/JournalApp/JournalApp.Infrastructure/JournalApp.db'.
2026-09-27 17:09:33.388 +03:00 [DBG] Closed connection to database 'main' on server '/Users/sgrancharov/dev/dotnet/JournalApp/JournalApp/JournalApp.Infrastructure/JournalApp.db' (0ms).
2026-09-27 17:09:46.572 +03:00 [DBG] Compiling query expression: 
'DbSet<User>()
    .Include(u => u.Journals)
    .FirstOrDefault(u => u.Id == __id_0)'
2026-09-27 17:09:46.573 +03:00 [DBG] Including navigation: 'User.Journals'.
2026-09-27 17:09:46.584 +03:00 [DBG] Generated query execution expression: 
'queryContext => SingleQueryingEnumerable.Create<User>(
    relationalQueryContext: (RelationalQueryContext)queryContext, 
    relationalCommandResolver: parameters => [LIFTABLE Constant: RelationalCommandCache.QueryExpression(
        Client Projections:
            0 -> Dictionary<IProperty, int> { [Property: User.Id (int) Required PK AfterSave:Throw ValueGenerated.OnAdd, 0], [Property: User.Password (string) Required, 1], [Property: User.UserName (string) Required, 2] }
            1 -> 0
            2 -> Dictionary<IProperty, int> { [Property: Journal.Id (int) Required PK AfterSave:Throw ValueGenerated.OnAdd, 3], [Property: Journal.Content (string) Required, 4], [Property: Journal.Images (List<string>) Required Element type: string Required, 5], [Property: Journal.Title (string) Required, 6], [Property: Journal.UserId (int) Required FK Index, 7] }
            3 -> 3
        SELECT u0.Id, u0.Password, u0.UserName, j.Id, j.Content, j.Images, j.Title, j.UserId
        FROM 
        (
            SELECT TOP(1) u.Id, u.Password, u.UserName
            FROM Users AS u
            WHERE u.Id == @__id_0
        ) AS u0
        LEFT JOIN Journals AS j ON u0.Id == j.UserId
        ORDER BY u0.Id ASC) | Resolver: c => new RelationalCommandCache(
        c.Dependencies.MemoryCache, 
        c.RelationalDependencies.QuerySqlGeneratorFactory, 
        c.RelationalDependencies.RelationalParameterBasedSqlProcessorFactory, 
        Client Projections:
            0 -> Dictionary<IProperty, int> { [Property: User.Id (int) Required PK AfterSave:Throw ValueGenerated.OnAdd, 0], [Property: User.Password (string) Required, 1], [Property: User.UserName (string) Required, 2] }
            1 -> 0
            2 -> Dictionary<IProperty, int> { [Property: Journal.Id (int) Required PK AfterSave:Throw ValueGenerated.OnAdd, 3], [Property: Journal.Content (string) Required, 4], [Property: Journal.Images (List<string>) Required Element type: string Required, 5], [Property: Journal.Title (string) Required, 6], [Property: Journal.UserId (int) Required FK Index, 7] }
            3 -> 3
        SELECT u0.Id, u0.Password, u0.UserName, j.Id, j.Content, j.Images, j.Title, j.UserId
        FROM 
        (
            SELECT TOP(1) u.Id, u.Password, u.UserName
            FROM Users AS u
            WHERE u.Id == @__id_0
        ) AS u0
        LEFT JOIN Journals AS j ON u0.Id == j.UserId
        ORDER BY u0.Id ASC, 
        False, 
        new HashSet<string>(
            new string[]{ }, 
            StringComparer.Ordinal
        )
    )].GetRelationalCommandTemplate(parameters), 
    readerColumns: null, 
    shaper: (queryContext, dataReader, resultContext, resultCoordinator) => 
    {
        resultContext.Values == null ? 
        {
            User entity;
            entity = 
            {
                MaterializationContext materializationContext1;
                IEntityType entityType1;
                User instance1;
                InternalEntityEntry entry1;
                bool hasNullKey1;
                materializationContext1 = new MaterializationContext(
                    [LIFTABLE Constant: ValueBuffer | Resolver: _ => (object)ValueBuffer.Empty], 
                    queryContext.Context
                );
                instance1 = default(User);
                entry1 = queryContext.TryGetEntry(
                    key: [LIFTABLE Constant: Key: User.Id PK | Resolver: c => c.Dependencies.Model.FindEntityType("JournalApp.Domain.User.User").FindPrimaryKey()], 
                    keyValues: new object[]{ (object)dataReader.GetInt32(0) }, 
                    throwOnNullKey: True, 
                    hasNullKey: hasNullKey1);
                !(hasNullKey1) ? entry1 != default(InternalEntityEntry) ? 
                {
                    entityType1 = entry1.EntityType;
                    return instance1 = (User)entry1.Entity;
                } : 
                {
                    ISnapshot shadowSnapshot1;
                    shadowSnapshot1 = [LIFTABLE Constant: Snapshot | Resolver: _ => Snapshot.Empty];
                    entityType1 = [LIFTABLE Constant: EntityType: User | Resolver: namelessParameter{0} => namelessParameter{0}.Dependencies.Model.FindEntityType("JournalApp.Domain.User.User")];
                    instance1 = switch (entityType1)
                    {
                        case [LIFTABLE Constant: EntityType: User | Resolver: namelessParameter{1} => namelessParameter{1}.Dependencies.Model.FindEntityType("JournalApp.Domain.User.User")]: 
                            {
                                return 
                                {
                                    User instance;
                                    instance = new User();
                                    instance.<Id>k__BackingField = dataReader.GetInt32(0);
                                    instance.<Password>k__BackingField = dataReader.GetString(1);
                                    instance.<UserName>k__BackingField = dataReader.GetString(2);
                                    (instance is IInjectableService) ? ((IInjectableService)instance).Injected(
                                        context: materializationContext1.Context, 
                                        entity: instance, 
                                        queryTrackingBehavior: TrackAll, 
                                        structuralType: [LIFTABLE Constant: EntityType: User | Resolver: namelessParameter{2} => namelessParameter{2}.Dependencies.Model.FindEntityType("JournalApp.Domain.User.User")]) : default(void);
                                    return instance;
                                }}
                        default: 
                            default(User)
                    }
                    ;
                    entry1 = entityType1 == default(IEntityType) ? default(InternalEntityEntry) : queryContext.StartTracking(
                        entityType: entityType1, 
                        entity: instance1, 
                        snapshot: shadowSnapshot1);
                    return instance1;
                } : default(void);
                return instance1;
            };
            resultContext.Values = new object[]{ entity };
            ShaperProcessingExpressionVisitor.InitializeIncludeCollection<User, User>(
                collectionId: 0, 
                queryContext: queryContext, 
                dbDataReader: dataReader, 
                resultCoordinator: resultCoordinator, 
                entity: (User)(resultContext.Values[0]), 
                parentIdentifier: [LIFTABLE Constant: Func<QueryContext, DbDataReader, object[]> | Resolver: _ => (queryContext, dataReader) => new object[]{ (object)(int?)dataReader.GetInt32(0) }], 
                outerIdentifier: [LIFTABLE Constant: Func<QueryContext, DbDataReader, object[]> | Resolver: _ => (queryContext, dataReader) => new object[]{ (object)(int?)dataReader.GetInt32(0) }], 
                navigation: [LIFTABLE Constant: Navigation: User.Journals (List<Journal>) Collection ToDependent Journal Inverse: User | Resolver: namelessParameter{3} => namelessParameter{3}.Dependencies.Model.FindEntityType("JournalApp.Domain.User.User").FindNavigation("Journals")], 
                clrCollectionAccessor: [LIFTABLE Constant: ClrICollectionAccessor<User, List<Journal>, Journal> | Resolver: namelessParameter{4} => namelessParameter{4}.Dependencies.Model.FindEntityType("JournalApp.Domain.User.User").FindNavigation("Journals").GetCollectionAccessor()], 
                trackingQuery: True, 
                setLoaded: True);
        } : default(void);
        ShaperProcessingExpressionVisitor.PopulateIncludeCollection<User, Journal>(
            collectionId: 0, 
            queryContext: queryContext, 
            dbDataReader: dataReader, 
            resultCoordinator: resultCoordinator, 
            parentIdentifier: [LIFTABLE Constant: Func<QueryContext, DbDataReader, object[]> | Resolver: _ => (queryContext, dataReader) => new object[]{ (object)(int?)dataReader.GetInt32(0) }], 
            outerIdentifier: [LIFTABLE Constant: Func<QueryContext, DbDataReader, object[]> | Resolver: _ => (queryContext, dataReader) => new object[]{ (object)(int?)dataReader.GetInt32(0) }], 
            selfIdentifier: [LIFTABLE Constant: Func<QueryContext, DbDataReader, object[]> | Resolver: _ => (queryContext, dataReader) => new object[]{ (object)dataReader.IsDBNull(3) ? default(int?) : (int?)dataReader.GetInt32(3) }], 
            parentIdentifierValueComparers: [LIFTABLE Constant: Func<object, object, bool>[] { Func<object, object, bool> } | Resolver: _ => new Func<object, object, bool>[]{ (left, right) => left == null ? right == null : right != null && (int)left == (int)right }], 
            outerIdentifierValueComparers: [LIFTABLE Constant: Func<object, object, bool>[] { Func<object, object, bool> } | Resolver: _ => new Func<object, object, bool>[]{ (left, right) => left == null ? right == null : right != null && (int)left == (int)right }], 
            selfIdentifierValueComparers: [LIFTABLE Constant: Func<object, object, bool>[] { Func<object, object, bool> } | Resolver: _ => new Func<object, object, bool>[]{ (left, right) => left == null ? right == null : right != null && (int)left == (int)right }], 
            innerShaper: (queryContext, dataReader, resultContext, resultCoordinator) => 
            {
                Journal entity;
                entity = 
                {
                    MaterializationContext materializationContext2;
                    IEntityType entityType2;
                    Journal instance2;
                    InternalEntityEntry entry2;
                    bool hasNullKey2;
                    materializationContext2 = new MaterializationContext(
                        [LIFTABLE Constant: ValueBuffer | Resolver: _ => (object)ValueBuffer.Empty], 
                        queryContext.Context
                    );
                    instance2 = default(Journal);
                    entry2 = queryContext.TryGetEntry(
                        key: [LIFTABLE Constant: Key: Journal.Id PK | Resolver: c => c.Dependencies.Model.FindEntityType("JournalApp.Domain.Journal.Journal").FindPrimaryKey()], 
                        keyValues: new object[]{ dataReader.IsDBNull(3) ? default(object) : (object)dataReader.GetInt32(3) }, 
                        throwOnNullKey: False, 
                        hasNullKey: hasNullKey2);
                    !(hasNullKey2) ? entry2 != default(InternalEntityEntry) ? 
                    {
                        entityType2 = entry2.EntityType;
                        return instance2 = (Journal)entry2.Entity;
                    } : 
                    {
                        ISnapshot shadowSnapshot2;
                        shadowSnapshot2 = [LIFTABLE Constant: Snapshot | Resolver: _ => Snapshot.Empty];
                        entityType2 = [LIFTABLE Constant: EntityType: Journal | Resolver: namelessParameter{5} => namelessParameter{5}.Dependencies.Model.FindEntityType("JournalApp.Domain.Journal.Journal")];
                        instance2 = switch (entityType2)
                        {
                            case [LIFTABLE Constant: EntityType: Journal | Resolver: namelessParameter{6} => namelessParameter{6}.Dependencies.Model.FindEntityType("JournalApp.Domain.Journal.Journal")]: 
                                {
                                    return 
                                    {
                                        Journal instance;
                                        instance = new Journal();
                                        instance.<Id>k__BackingField = dataReader.IsDBNull(3) ? default(int) : dataReader.GetInt32(3);
                                        instance.<Content>k__BackingField = dataReader.IsDBNull(4) ? default(string) : dataReader.GetString(4);
                                        {
                                            List<string> namelessParameter{7};
                                            namelessParameter{7} = instance.<Images>k__BackingField;
                                            namelessParameter{7} == null || dataReader.IsDBNull(5) ? default(List<string>) : (List<string>)Invoke(((CollectionToJsonStringConverter<string>)((IReadOnlyProperty)[LIFTABLE Constant: Property: Journal.Images (List<string>) Required Element type: string Required | Resolver: namelessParameter{8} => namelessParameter{8}.Dependencies.Model.FindEntityType("JournalApp.Domain.Journal.Journal").FindProperty("Images")]).GetTypeMapping().Converter).ConvertFromProviderTyped, dataReader.GetString(5)) == null || namelessParameter{7}.IsReadOnly ? instance.<Images>k__BackingField = dataReader.IsDBNull(5) ? default(List<string>) : (List<string>)Invoke(((CollectionToJsonStringConverter<string>)((IReadOnlyProperty)[LIFTABLE Constant: Property: Journal.Images (List<string>) Required Element type: string Required | Resolver: namelessParameter{9} => namelessParameter{9}.Dependencies.Model.FindEntityType("JournalApp.Domain.Journal.Journal").FindProperty("Images")]).GetTypeMapping().Converter).ConvertFromProviderTyped, dataReader.GetString(5)) : EntityMaterializerSource.PopulateList<string>(
                                                buffer: dataReader.IsDBNull(5) ? default(List<string>) : (List<string>)Invoke(((CollectionToJsonStringConverter<string>)((IReadOnlyProperty)[LIFTABLE Constant: Property: Journal.Images (List<string>) Required Element type: string Required | Resolver: namelessParameter{10} => namelessParameter{10}.Dependencies.Model.FindEntityType("JournalApp.Domain.Journal.Journal").FindProperty("Images")]).GetTypeMapping().Converter).ConvertFromProviderTyped, dataReader.GetString(5)), 
                                                target: namelessParameter{7});
                                        }instance.<Title>k__BackingField = dataReader.IsDBNull(6) ? default(string) : dataReader.GetString(6);
                                        instance.<UserId>k__BackingField = dataReader.IsDBNull(7) ? default(int) : dataReader.GetInt32(7);
                                        (instance is IInjectableService) ? ((IInjectableService)instance).Injected(
                                            context: materializationContext2.Context, 
                                            entity: instance, 
                                            queryTrackingBehavior: TrackAll, 
                                            structuralType: [LIFTABLE Constant: EntityType: Journal | Resolver: namelessParameter{11} => namelessParameter{11}.Dependencies.Model.FindEntityType("JournalApp.Domain.Journal.Journal")]) : default(void);
                                        return instance;
                                    }}
                            default: 
                                default(Journal)
                        }
                        ;
                        entry2 = entityType2 == default(IEntityType) ? default(InternalEntityEntry) : queryContext.StartTracking(
                            entityType: entityType2, 
                            entity: instance2, 
                            snapshot: shadowSnapshot2);
                        return instance2;
                    } : default(void);
                    return instance2;
                };
                return entity;
            }, 
            inverseNavigation: [LIFTABLE Constant: Navigation: Journal.User (User) ToPrincipal User Inverse: Journals | Resolver: namelessParameter{12} => namelessParameter{12}.Dependencies.Model.FindEntityType("JournalApp.Domain.Journal.Journal").FindNavigation("User")], 
            fixup: (namelessParameter{13}, namelessParameter{14}) => 
            {
                [LIFTABLE Constant: ClrICollectionAccessor<User, List<Journal>, Journal> | Resolver: namelessParameter{15} => namelessParameter{15}.Dependencies.Model.FindEntityType("JournalApp.Domain.User.User").FindNavigation("Journals").GetCollectionAccessor()].Add(
                    entity: namelessParameter{13}, 
                    value: namelessParameter{14}, 
                    forMaterialization: True);
                return namelessParameter{14}.<User>k__BackingField = namelessParameter{13};
            }, 
            trackingQuery: True);
        return IsTrue(resultCoordinator.ResultReady)
         ? (User)(resultContext.Values[0]) : default(User);
    }, 
    contextType: JournalApp.Infrastructure.JournalAppDbContext, 
    standAloneStateManager: False, 
    detailedErrorsEnabled: False, 
    threadSafetyChecksEnabled: True)
    .SingleOrDefault()'
2026-09-27 17:09:46.590 +03:00 [DBG] Opening connection to database 'main' on server '/Users/sgrancharov/dev/dotnet/JournalApp/JournalApp/JournalApp.Infrastructure/JournalApp.db'.
2026-09-27 17:09:46.591 +03:00 [DBG] Opened connection to database 'main' on server '/Users/sgrancharov/dev/dotnet/JournalApp/JournalApp/JournalApp.Infrastructure/JournalApp.db'.
2026-09-27 17:09:46.591 +03:00 [DBG] Creating DbCommand for 'ExecuteReader'.
2026-09-27 17:09:46.591 +03:00 [DBG] Created DbCommand for 'ExecuteReader' (0ms).
2026-09-27 17:09:46.591 +03:00 [DBG] Initialized DbCommand for 'ExecuteReader' (0ms).
2026-09-27 17:09:46.592 +03:00 [DBG] Executing DbCommand [Parameters=[@__id_0='?' (DbType = Int32)], CommandType='"Text"', CommandTimeout='30']
SELECT "u0"."Id", "u0"."Password", "u0"."UserName", "j"."Id", "j"."Content", "j"."Images", "j"."Title", "j"."UserId"
FROM (
    SELECT "u"."Id", "u"."Password", "u"."UserName"
    FROM "Users" AS "u"
    WHERE "u"."Id" = @__id_0
    LIMIT 1
) AS "u0"
LEFT JOIN "Journals" AS "j" ON "u0"."Id" = "j"."UserId"
ORDER BY "u0"."Id"
2026-09-27 17:09:46.593 +03:00 [INF] Executed DbCommand (1ms) [Parameters=[@__id_0='?' (DbType = Int32)], CommandType='"Text"', CommandTimeout='30']
SELECT "u0"."Id", "u0"."Password", "u0"."UserName", "j"."Id", "j"."Content", "j"."Images", "j"."Title", "j"."UserId"
FROM (
    SELECT "u"."Id", "u"."Password", "u"."UserName"
    FROM "Users" AS "u"
    WHERE "u"."Id" = @__id_0
    LIMIT 1
) AS "u0"
LEFT JOIN "Journals" AS "j" ON "u0"."Id" = "j"."UserId"
ORDER BY "u0"."Id"
2026-09-27 17:09:46.596 +03:00 [DBG] Closing data reader to 'main' on server '/Users/sgrancharov/dev/dotnet/JournalApp/JournalApp/JournalApp.Infrastructure/JournalApp.db'.
2026-09-27 17:09:46.596 +03:00 [DBG] A data reader for 'main' on server '/Users/sgrancharov/dev/dotnet/JournalApp/JournalApp/JournalApp.Infrastructure/JournalApp.db' is being disposed after spending 2ms reading results.
2026-09-27 17:09:46.596 +03:00 [DBG] Closing connection to database 'main' on server '/Users/sgrancharov/dev/dotnet/JournalApp/JournalApp/JournalApp.Infrastructure/JournalApp.db'.
2026-09-27 17:09:46.596 +03:00 [DBG] Closed connection to database 'main' on server '/Users/sgrancharov/dev/dotnet/JournalApp/JournalApp/JournalApp.Infrastructure/JournalApp.db' (0ms).
2026-09-27 17:09:46.607 +03:00 [DBG] 'JournalAppDbContext' generated a temporary value for the property 'Journal.Id'. Consider using 'DbContextOptionsBuilder.EnableSensitiveDataLogging' to see key values.
2026-09-27 17:09:46.618 +03:00 [DBG] The navigation 'Journal.User' was detected as changed. Consider using 'DbContextOptionsBuilder.EnableSensitiveDataLogging' to see key values.
2026-09-27 17:09:46.621 +03:00 [DBG] Context 'JournalAppDbContext' started tracking 'Journal' entity. Consider using 'DbContextOptionsBuilder.EnableSensitiveDataLogging' to see key values.
2026-09-27 17:09:46.622 +03:00 [DBG] SaveChanges starting for 'JournalAppDbContext'.
2026-09-27 17:09:46.623 +03:00 [DBG] DetectChanges starting for 'JournalAppDbContext'.
2026-09-27 17:09:46.628 +03:00 [DBG] DetectChanges completed for 'JournalAppDbContext'.
2026-09-27 17:09:46.653 +03:00 [DBG] Opening connection to database 'main' on server '/Users/sgrancharov/dev/dotnet/JournalApp/JournalApp/JournalApp.Infrastructure/JournalApp.db'.
2026-09-27 17:09:46.653 +03:00 [DBG] Opened connection to database 'main' on server '/Users/sgrancharov/dev/dotnet/JournalApp/JournalApp/JournalApp.Infrastructure/JournalApp.db'.
2026-09-27 17:09:46.653 +03:00 [DBG] Creating DbCommand for 'ExecuteReader'.
2026-09-27 17:09:46.653 +03:00 [DBG] Created DbCommand for 'ExecuteReader' (0ms).
2026-09-27 17:09:46.656 +03:00 [DBG] Initialized DbCommand for 'ExecuteReader' (2ms).
2026-09-27 17:09:46.656 +03:00 [DBG] Executing DbCommand [Parameters=[@p0='?' (Size = 4), @p1='?' (Size = 2), @p2='?', @p3='?' (DbType = Int32)], CommandType='"Text"', CommandTimeout='30']
INSERT INTO "Journals" ("Content", "Images", "Title", "UserId")
VALUES (@p0, @p1, @p2, @p3)
RETURNING "Id";
2026-09-27 17:09:46.656 +03:00 [INF] Executed DbCommand (0ms) [Parameters=[@p0='?' (Size = 4), @p1='?' (Size = 2), @p2='?', @p3='?' (DbType = Int32)], CommandType='"Text"', CommandTimeout='30']
INSERT INTO "Journals" ("Content", "Images", "Title", "UserId")
VALUES (@p0, @p1, @p2, @p3)
RETURNING "Id";
2026-09-27 17:09:46.660 +03:00 [DBG] The foreign key property 'Journal.Id' was detected as changed. Consider using 'DbContextOptionsBuilder.EnableSensitiveDataLogging' to see property values.
2026-09-27 17:09:46.662 +03:00 [DBG] Closing data reader to 'main' on server '/Users/sgrancharov/dev/dotnet/JournalApp/JournalApp/JournalApp.Infrastructure/JournalApp.db'.
2026-09-27 17:09:46.663 +03:00 [DBG] A data reader for 'main' on server '/Users/sgrancharov/dev/dotnet/JournalApp/JournalApp/JournalApp.Infrastructure/JournalApp.db' is being disposed after spending 6ms reading results.
2026-09-27 17:09:46.663 +03:00 [DBG] Closing connection to database 'main' on server '/Users/sgrancharov/dev/dotnet/JournalApp/JournalApp/JournalApp.Infrastructure/JournalApp.db'.
2026-09-27 17:09:46.663 +03:00 [DBG] Closed connection to database 'main' on server '/Users/sgrancharov/dev/dotnet/JournalApp/JournalApp/JournalApp.Infrastructure/JournalApp.db' (0ms).
2026-09-27 17:09:46.666 +03:00 [DBG] An entity of type 'Journal' tracked by 'JournalAppDbContext' changed state from '"Added"' to '"Unchanged"'. Consider using 'DbContextOptionsBuilder.EnableSensitiveDataLogging' to see key values.
2026-09-27 17:09:46.667 +03:00 [DBG] SaveChanges completed for 'JournalAppDbContext' with 1 entities written to the database.
2026-09-27 17:09:55.137 +03:00 [DBG] Opening connection to database 'main' on server '/Users/sgrancharov/dev/dotnet/JournalApp/JournalApp/JournalApp.Infrastructure/JournalApp.db'.
2026-09-27 17:09:55.138 +03:00 [DBG] Opened connection to database 'main' on server '/Users/sgrancharov/dev/dotnet/JournalApp/JournalApp/JournalApp.Infrastructure/JournalApp.db'.
2026-09-27 17:09:55.138 +03:00 [DBG] Creating DbCommand for 'ExecuteReader'.
2026-09-27 17:09:55.138 +03:00 [DBG] Created DbCommand for 'ExecuteReader' (0ms).
2026-09-27 17:09:55.138 +03:00 [DBG] Initialized DbCommand for 'ExecuteReader' (0ms).
2026-09-27 17:09:55.138 +03:00 [DBG] Executing DbCommand [Parameters=[@__userName_0='?' (Size = 7)], CommandType='"Text"', CommandTimeout='30']
SELECT "u0"."Id", "u0"."Password", "u0"."UserName", "j"."Id", "j"."Content", "j"."Images", "j"."Title", "j"."UserId"
FROM (
    SELECT "u"."Id", "u"."Password", "u"."UserName"
    FROM "Users" AS "u"
    WHERE "u"."UserName" = @__userName_0
    LIMIT 1
) AS "u0"
LEFT JOIN "Journals" AS "j" ON "u0"."Id" = "j"."UserId"
ORDER BY "u0"."Id"
2026-09-27 17:09:55.139 +03:00 [INF] Executed DbCommand (0ms) [Parameters=[@__userName_0='?' (Size = 7)], CommandType='"Text"', CommandTimeout='30']
SELECT "u0"."Id", "u0"."Password", "u0"."UserName", "j"."Id", "j"."Content", "j"."Images", "j"."Title", "j"."UserId"
FROM (
    SELECT "u"."Id", "u"."Password", "u"."UserName"
    FROM "Users" AS "u"
    WHERE "u"."UserName" = @__userName_0
    LIMIT 1
) AS "u0"
LEFT JOIN "Journals" AS "j" ON "u0"."Id" = "j"."UserId"
ORDER BY "u0"."Id"
2026-09-27 17:09:55.139 +03:00 [DBG] Closing data reader to 'main' on server '/Users/sgrancharov/dev/dotnet/JournalApp/JournalApp/JournalApp.Infrastructure/JournalApp.db'.
2026-09-27 17:09:55.139 +03:00 [DBG] A data reader for 'main' on server '/Users/sgrancharov/dev/dotnet/JournalApp/JournalApp/JournalApp.Infrastructure/JournalApp.db' is being disposed after spending 0ms reading results.
2026-09-27 17:09:55.140 +03:00 [DBG] Closing connection to database 'main' on server '/Users/sgrancharov/dev/dotnet/JournalApp/JournalApp/JournalApp.Infrastructure/JournalApp.db'.
2026-09-27 17:09:55.140 +03:00 [DBG] Closed connection to database 'main' on server '/Users/sgrancharov/dev/dotnet/JournalApp/JournalApp/JournalApp.Infrastructure/JournalApp.db' (0ms).
2026-09-27 17:10:02.862 +03:00 [DBG] 'JournalAppDbContext' generated a temporary value for the property 'Journal.Id'. Consider using 'DbContextOptionsBuilder.EnableSensitiveDataLogging' to see key values.
2026-09-27 17:10:02.862 +03:00 [DBG] The navigation 'Journal.User' was detected as changed. Consider using 'DbContextOptionsBuilder.EnableSensitiveDataLogging' to see key values.
2026-09-27 17:10:02.862 +03:00 [DBG] Context 'JournalAppDbContext' started tracking 'Journal' entity. Consider using 'DbContextOptionsBuilder.EnableSensitiveDataLogging' to see key values.
2026-09-27 17:10:02.862 +03:00 [DBG] SaveChanges starting for 'JournalAppDbContext'.
2026-09-27 17:10:02.863 +03:00 [DBG] DetectChanges starting for 'JournalAppDbContext'.
2026-09-27 17:10:02.863 +03:00 [DBG] DetectChanges completed for 'JournalAppDbContext'.
2026-09-27 17:10:02.863 +03:00 [DBG] Opening connection to database 'main' on server '/Users/sgrancharov/dev/dotnet/JournalApp/JournalApp/JournalApp.Infrastructure/JournalApp.db'.
2026-09-27 17:10:02.863 +03:00 [DBG] Opened connection to database 'main' on server '/Users/sgrancharov/dev/dotnet/JournalApp/JournalApp/JournalApp.Infrastructure/JournalApp.db'.
2026-09-27 17:10:02.864 +03:00 [DBG] Creating DbCommand for 'ExecuteReader'.
2026-09-27 17:10:02.864 +03:00 [DBG] Created DbCommand for 'ExecuteReader' (0ms).
2026-09-27 17:10:02.864 +03:00 [DBG] Initialized DbCommand for 'ExecuteReader' (0ms).
2026-09-27 17:10:02.864 +03:00 [DBG] Executing DbCommand [Parameters=[@p0='?' (Size = 4), @p1='?' (Size = 2), @p2='?' (Size = 4), @p3='?' (DbType = Int32)], CommandType='"Text"', CommandTimeout='30']
INSERT INTO "Journals" ("Content", "Images", "Title", "UserId")
VALUES (@p0, @p1, @p2, @p3)
RETURNING "Id";
2026-09-27 17:10:02.864 +03:00 [INF] Executed DbCommand (0ms) [Parameters=[@p0='?' (Size = 4), @p1='?' (Size = 2), @p2='?' (Size = 4), @p3='?' (DbType = Int32)], CommandType='"Text"', CommandTimeout='30']
INSERT INTO "Journals" ("Content", "Images", "Title", "UserId")
VALUES (@p0, @p1, @p2, @p3)
RETURNING "Id";
2026-09-27 17:10:02.865 +03:00 [DBG] The foreign key property 'Journal.Id' was detected as changed. Consider using 'DbContextOptionsBuilder.EnableSensitiveDataLogging' to see property values.
2026-09-27 17:10:02.866 +03:00 [DBG] Closing data reader to 'main' on server '/Users/sgrancharov/dev/dotnet/JournalApp/JournalApp/JournalApp.Infrastructure/JournalApp.db'.
2026-09-27 17:10:02.866 +03:00 [DBG] A data reader for 'main' on server '/Users/sgrancharov/dev/dotnet/JournalApp/JournalApp/JournalApp.Infrastructure/JournalApp.db' is being disposed after spending 1ms reading results.
2026-09-27 17:10:02.866 +03:00 [DBG] Closing connection to database 'main' on server '/Users/sgrancharov/dev/dotnet/JournalApp/JournalApp/JournalApp.Infrastructure/JournalApp.db'.
2026-09-27 17:10:02.866 +03:00 [DBG] Closed connection to database 'main' on server '/Users/sgrancharov/dev/dotnet/JournalApp/JournalApp/JournalApp.Infrastructure/JournalApp.db' (0ms).
2026-09-27 17:10:02.867 +03:00 [DBG] An entity of type 'Journal' tracked by 'JournalAppDbContext' changed state from '"Added"' to '"Unchanged"'. Consider using 'DbContextOptionsBuilder.EnableSensitiveDataLogging' to see key values.
2026-09-27 17:10:02.867 +03:00 [DBG] SaveChanges completed for 'JournalAppDbContext' with 1 entities written to the database.
2026-09-27 17:10:06.953 +03:00 [DBG] 'JournalAppDbContext' generated a temporary value for the property 'Journal.Id'. Consider using 'DbContextOptionsBuilder.EnableSensitiveDataLogging' to see key values.
2026-09-27 17:10:06.953 +03:00 [DBG] The navigation 'Journal.User' was detected as changed. Consider using 'DbContextOptionsBuilder.EnableSensitiveDataLogging' to see key values.
2026-09-27 17:10:06.953 +03:00 [DBG] Context 'JournalAppDbContext' started tracking 'Journal' entity. Consider using 'DbContextOptionsBuilder.EnableSensitiveDataLogging' to see key values.
2026-09-27 17:10:06.953 +03:00 [DBG] SaveChanges starting for 'JournalAppDbContext'.
2026-09-27 17:10:06.954 +03:00 [DBG] DetectChanges starting for 'JournalAppDbContext'.
2026-09-27 17:10:06.954 +03:00 [DBG] DetectChanges completed for 'JournalAppDbContext'.
2026-09-27 17:10:06.954 +03:00 [DBG] Opening connection to database 'main' on server '/Users/sgrancharov/dev/dotnet/JournalApp/JournalApp/JournalApp.Infrastructure/JournalApp.db'.
2026-09-27 17:10:06.954 +03:00 [DBG] Opened connection to database 'main' on server '/Users/sgrancharov/dev/dotnet/JournalApp/JournalApp/JournalApp.Infrastructure/JournalApp.db'.
2026-09-27 17:10:06.954 +03:00 [DBG] Creating DbCommand for 'ExecuteReader'.
2026-09-27 17:10:06.955 +03:00 [DBG] Created DbCommand for 'ExecuteReader' (0ms).
2026-09-27 17:10:06.955 +03:00 [DBG] Initialized DbCommand for 'ExecuteReader' (0ms).
2026-09-27 17:10:06.955 +03:00 [DBG] Executing DbCommand [Parameters=[@p0='?' (Size = 4), @p1='?' (Size = 2), @p2='?' (Size = 4), @p3='?' (DbType = Int32)], CommandType='"Text"', CommandTimeout='30']
INSERT INTO "Journals" ("Content", "Images", "Title", "UserId")
VALUES (@p0, @p1, @p2, @p3)
RETURNING "Id";
2026-09-27 17:10:06.955 +03:00 [INF] Executed DbCommand (0ms) [Parameters=[@p0='?' (Size = 4), @p1='?' (Size = 2), @p2='?' (Size = 4), @p3='?' (DbType = Int32)], CommandType='"Text"', CommandTimeout='30']
INSERT INTO "Journals" ("Content", "Images", "Title", "UserId")
VALUES (@p0, @p1, @p2, @p3)
RETURNING "Id";
2026-09-27 17:10:06.955 +03:00 [DBG] The foreign key property 'Journal.Id' was detected as changed. Consider using 'DbContextOptionsBuilder.EnableSensitiveDataLogging' to see property values.
2026-09-27 17:10:06.956 +03:00 [DBG] Closing data reader to 'main' on server '/Users/sgrancharov/dev/dotnet/JournalApp/JournalApp/JournalApp.Infrastructure/JournalApp.db'.
2026-09-27 17:10:06.957 +03:00 [DBG] A data reader for 'main' on server '/Users/sgrancharov/dev/dotnet/JournalApp/JournalApp/JournalApp.Infrastructure/JournalApp.db' is being disposed after spending 1ms reading results.
2026-09-27 17:10:06.957 +03:00 [DBG] Closing connection to database 'main' on server '/Users/sgrancharov/dev/dotnet/JournalApp/JournalApp/JournalApp.Infrastructure/JournalApp.db'.
2026-09-27 17:10:06.957 +03:00 [DBG] Closed connection to database 'main' on server '/Users/sgrancharov/dev/dotnet/JournalApp/JournalApp/JournalApp.Infrastructure/JournalApp.db' (0ms).
2026-09-27 17:10:06.957 +03:00 [DBG] An entity of type 'Journal' tracked by 'JournalAppDbContext' changed state from '"Added"' to '"Unchanged"'. Consider using 'DbContextOptionsBuilder.EnableSensitiveDataLogging' to see key values.
2026-09-27 17:10:06.957 +03:00 [DBG] SaveChanges completed for 'JournalAppDbContext' with 1 entities written to the database.
2026-09-27 17:10:17.084 +03:00 [DBG] Opening connection to database 'main' on server '/Users/sgrancharov/dev/dotnet/JournalApp/JournalApp/JournalApp.Infrastructure/JournalApp.db'.
2026-09-27 17:10:17.084 +03:00 [DBG] Opened connection to database 'main' on server '/Users/sgrancharov/dev/dotnet/JournalApp/JournalApp/JournalApp.Infrastructure/JournalApp.db'.
2026-09-27 17:10:17.084 +03:00 [DBG] Creating DbCommand for 'ExecuteReader'.
2026-09-27 17:10:17.085 +03:00 [DBG] Created DbCommand for 'ExecuteReader' (0ms).
2026-09-27 17:10:17.085 +03:00 [DBG] Initialized DbCommand for 'ExecuteReader' (0ms).
2026-09-27 17:10:17.085 +03:00 [DBG] Executing DbCommand [Parameters=[@__userName_0='?' (Size = 7)], CommandType='"Text"', CommandTimeout='30']
SELECT "u0"."Id", "u0"."Password", "u0"."UserName", "j"."Id", "j"."Content", "j"."Images", "j"."Title", "j"."UserId"
FROM (
    SELECT "u"."Id", "u"."Password", "u"."UserName"
    FROM "Users" AS "u"
    WHERE "u"."UserName" = @__userName_0
    LIMIT 1
) AS "u0"
LEFT JOIN "Journals" AS "j" ON "u0"."Id" = "j"."UserId"
ORDER BY "u0"."Id"
2026-09-27 17:10:17.085 +03:00 [INF] Executed DbCommand (0ms) [Parameters=[@__userName_0='?' (Size = 7)], CommandType='"Text"', CommandTimeout='30']
SELECT "u0"."Id", "u0"."Password", "u0"."UserName", "j"."Id", "j"."Content", "j"."Images", "j"."Title", "j"."UserId"
FROM (
    SELECT "u"."Id", "u"."Password", "u"."UserName"
    FROM "Users" AS "u"
    WHERE "u"."UserName" = @__userName_0
    LIMIT 1
) AS "u0"
LEFT JOIN "Journals" AS "j" ON "u0"."Id" = "j"."UserId"
ORDER BY "u0"."Id"
2026-09-27 17:10:17.085 +03:00 [DBG] Closing data reader to 'main' on server '/Users/sgrancharov/dev/dotnet/JournalApp/JournalApp/JournalApp.Infrastructure/JournalApp.db'.
2026-09-27 17:10:17.086 +03:00 [DBG] A data reader for 'main' on server '/Users/sgrancharov/dev/dotnet/JournalApp/JournalApp/JournalApp.Infrastructure/JournalApp.db' is being disposed after spending 0ms reading results.
2026-09-27 17:10:17.086 +03:00 [DBG] Closing connection to database 'main' on server '/Users/sgrancharov/dev/dotnet/JournalApp/JournalApp/JournalApp.Infrastructure/JournalApp.db'.
2026-09-27 17:10:17.086 +03:00 [DBG] Closed connection to database 'main' on server '/Users/sgrancharov/dev/dotnet/JournalApp/JournalApp/JournalApp.Infrastructure/JournalApp.db' (0ms).
2026-09-27 17:10:24.053 +03:00 [DBG] Opening connection to database 'main' on server '/Users/sgrancharov/dev/dotnet/JournalApp/JournalApp/JournalApp.Infrastructure/JournalApp.db'.
2026-09-27 17:10:24.053 +03:00 [DBG] Opened connection to database 'main' on server '/Users/sgrancharov/dev/dotnet/JournalApp/JournalApp/JournalApp.Infrastructure/JournalApp.db'.
2026-09-27 17:10:24.053 +03:00 [DBG] Creating DbCommand for 'ExecuteReader'.
2026-09-27 17:10:24.053 +03:00 [DBG] Created DbCommand for 'ExecuteReader' (0ms).
2026-09-27 17:10:24.053 +03:00 [DBG] Initialized DbCommand for 'ExecuteReader' (0ms).
2026-09-27 17:10:24.054 +03:00 [DBG] Executing DbCommand [Parameters=[@__id_0='?' (DbType = Int32)], CommandType='"Text"', CommandTimeout='30']
SELECT "u0"."Id", "u0"."Password", "u0"."UserName", "j"."Id", "j"."Content", "j"."Images", "j"."Title", "j"."UserId"
FROM (
    SELECT "u"."Id", "u"."Password", "u"."UserName"
    FROM "Users" AS "u"
    WHERE "u"."Id" = @__id_0
    LIMIT 1
) AS "u0"
LEFT JOIN "Journals" AS "j" ON "u0"."Id" = "j"."UserId"
ORDER BY "u0"."Id"
2026-09-27 17:10:24.054 +03:00 [INF] Executed DbCommand (0ms) [Parameters=[@__id_0='?' (DbType = Int32)], CommandType='"Text"', CommandTimeout='30']
SELECT "u0"."Id", "u0"."Password", "u0"."UserName", "j"."Id", "j"."Content", "j"."Images", "j"."Title", "j"."UserId"
FROM (
    SELECT "u"."Id", "u"."Password", "u"."UserName"
    FROM "Users" AS "u"
    WHERE "u"."Id" = @__id_0
    LIMIT 1
) AS "u0"
LEFT JOIN "Journals" AS "j" ON "u0"."Id" = "j"."UserId"
ORDER BY "u0"."Id"
2026-09-27 17:10:24.054 +03:00 [DBG] Closing data reader to 'main' on server '/Users/sgrancharov/dev/dotnet/JournalApp/JournalApp/JournalApp.Infrastructure/JournalApp.db'.
2026-09-27 17:10:24.054 +03:00 [DBG] A data reader for 'main' on server '/Users/sgrancharov/dev/dotnet/JournalApp/JournalApp/JournalApp.Infrastructure/JournalApp.db' is being disposed after spending 0ms reading results.
2026-09-27 17:10:24.055 +03:00 [DBG] Closing connection to database 'main' on server '/Users/sgrancharov/dev/dotnet/JournalApp/JournalApp/JournalApp.Infrastructure/JournalApp.db'.
2026-09-27 17:10:24.055 +03:00 [DBG] Closed connection to database 'main' on server '/Users/sgrancharov/dev/dotnet/JournalApp/JournalApp/JournalApp.Infrastructure/JournalApp.db' (0ms).
2026-09-27 17:10:24.056 +03:00 [DBG] An entity of type 'Journal' tracked by 'JournalAppDbContext' changed state from '"Unchanged"' to '"Modified"'. Consider using 'DbContextOptionsBuilder.EnableSensitiveDataLogging' to see key values.
2026-09-27 17:10:24.056 +03:00 [DBG] SaveChanges starting for 'JournalAppDbContext'.
2026-09-27 17:10:24.056 +03:00 [DBG] DetectChanges starting for 'JournalAppDbContext'.
2026-09-27 17:10:24.057 +03:00 [DBG] DetectChanges completed for 'JournalAppDbContext'.
2026-09-27 17:10:24.060 +03:00 [DBG] Opening connection to database 'main' on server '/Users/sgrancharov/dev/dotnet/JournalApp/JournalApp/JournalApp.Infrastructure/JournalApp.db'.
2026-09-27 17:10:24.060 +03:00 [DBG] Opened connection to database 'main' on server '/Users/sgrancharov/dev/dotnet/JournalApp/JournalApp/JournalApp.Infrastructure/JournalApp.db'.
2026-09-27 17:10:24.060 +03:00 [DBG] Creating DbCommand for 'ExecuteReader'.
2026-09-27 17:10:24.060 +03:00 [DBG] Created DbCommand for 'ExecuteReader' (0ms).
2026-09-27 17:10:24.060 +03:00 [DBG] Initialized DbCommand for 'ExecuteReader' (0ms).
2026-09-27 17:10:24.060 +03:00 [DBG] Executing DbCommand [Parameters=[@p4='?' (DbType = Int32), @p0='?' (Size = 4), @p1='?' (Size = 2), @p2='?', @p3='?' (DbType = Int32)], CommandType='"Text"', CommandTimeout='30']
UPDATE "Journals" SET "Content" = @p0, "Images" = @p1, "Title" = @p2, "UserId" = @p3
WHERE "Id" = @p4
RETURNING 1;
2026-09-27 17:10:24.061 +03:00 [INF] Executed DbCommand (0ms) [Parameters=[@p4='?' (DbType = Int32), @p0='?' (Size = 4), @p1='?' (Size = 2), @p2='?', @p3='?' (DbType = Int32)], CommandType='"Text"', CommandTimeout='30']
UPDATE "Journals" SET "Content" = @p0, "Images" = @p1, "Title" = @p2, "UserId" = @p3
WHERE "Id" = @p4
RETURNING 1;
2026-09-27 17:10:24.062 +03:00 [DBG] Closing data reader to 'main' on server '/Users/sgrancharov/dev/dotnet/JournalApp/JournalApp/JournalApp.Infrastructure/JournalApp.db'.
2026-09-27 17:10:24.063 +03:00 [DBG] A data reader for 'main' on server '/Users/sgrancharov/dev/dotnet/JournalApp/JournalApp/JournalApp.Infrastructure/JournalApp.db' is being disposed after spending 1ms reading results.
2026-09-27 17:10:24.063 +03:00 [DBG] Closing connection to database 'main' on server '/Users/sgrancharov/dev/dotnet/JournalApp/JournalApp/JournalApp.Infrastructure/JournalApp.db'.
2026-09-27 17:10:24.063 +03:00 [DBG] Closed connection to database 'main' on server '/Users/sgrancharov/dev/dotnet/JournalApp/JournalApp/JournalApp.Infrastructure/JournalApp.db' (0ms).
2026-09-27 17:10:24.063 +03:00 [DBG] An entity of type 'Journal' tracked by 'JournalAppDbContext' changed state from '"Modified"' to '"Unchanged"'. Consider using 'DbContextOptionsBuilder.EnableSensitiveDataLogging' to see key values.
2026-09-27 17:10:24.063 +03:00 [DBG] SaveChanges completed for 'JournalAppDbContext' with 1 entities written to the database.
2026-09-27 17:10:32.059 +03:00 [DBG] Opening connection to database 'main' on server '/Users/sgrancharov/dev/dotnet/JournalApp/JournalApp/JournalApp.Infrastructure/JournalApp.db'.
2026-09-27 17:10:32.060 +03:00 [DBG] Opened connection to database 'main' on server '/Users/sgrancharov/dev/dotnet/JournalApp/JournalApp/JournalApp.Infrastructure/JournalApp.db'.
2026-09-27 17:10:32.060 +03:00 [DBG] Creating DbCommand for 'ExecuteReader'.
2026-09-27 17:10:32.060 +03:00 [DBG] Created DbCommand for 'ExecuteReader' (0ms).
2026-09-27 17:10:32.060 +03:00 [DBG] Initialized DbCommand for 'ExecuteReader' (0ms).
2026-09-27 17:10:32.060 +03:00 [DBG] Executing DbCommand [Parameters=[@__userName_0='?' (Size = 7)], CommandType='"Text"', CommandTimeout='30']
SELECT "u0"."Id", "u0"."Password", "u0"."UserName", "j"."Id", "j"."Content", "j"."Images", "j"."Title", "j"."UserId"
FROM (
    SELECT "u"."Id", "u"."Password", "u"."UserName"
    FROM "Users" AS "u"
    WHERE "u"."UserName" = @__userName_0
    LIMIT 1
) AS "u0"
LEFT JOIN "Journals" AS "j" ON "u0"."Id" = "j"."UserId"
ORDER BY "u0"."Id"
2026-09-27 17:10:32.061 +03:00 [INF] Executed DbCommand (1ms) [Parameters=[@__userName_0='?' (Size = 7)], CommandType='"Text"', CommandTimeout='30']
SELECT "u0"."Id", "u0"."Password", "u0"."UserName", "j"."Id", "j"."Content", "j"."Images", "j"."Title", "j"."UserId"
FROM (
    SELECT "u"."Id", "u"."Password", "u"."UserName"
    FROM "Users" AS "u"
    WHERE "u"."UserName" = @__userName_0
    LIMIT 1
) AS "u0"
LEFT JOIN "Journals" AS "j" ON "u0"."Id" = "j"."UserId"
ORDER BY "u0"."Id"
2026-09-27 17:10:32.061 +03:00 [DBG] Closing data reader to 'main' on server '/Users/sgrancharov/dev/dotnet/JournalApp/JournalApp/JournalApp.Infrastructure/JournalApp.db'.
2026-09-27 17:10:32.061 +03:00 [DBG] A data reader for 'main' on server '/Users/sgrancharov/dev/dotnet/JournalApp/JournalApp/JournalApp.Infrastructure/JournalApp.db' is being disposed after spending 0ms reading results.
2026-09-27 17:10:32.061 +03:00 [DBG] Closing connection to database 'main' on server '/Users/sgrancharov/dev/dotnet/JournalApp/JournalApp/JournalApp.Infrastructure/JournalApp.db'.
2026-09-27 17:10:32.061 +03:00 [DBG] Closed connection to database 'main' on server '/Users/sgrancharov/dev/dotnet/JournalApp/JournalApp/JournalApp.Infrastructure/JournalApp.db' (0ms).
2026-09-27 17:11:03.271 +03:00 [WRN] You do not have a valid license key for the Lucky Penny software AutoMapper. This is allowed for development and testing scenarios. If you are running in production you are required to have a licensed version. Please visit https://luckypennysoftware.com to obtain a valid license.
2026-09-27 17:11:10.168 +03:00 [DBG] An 'IServiceProvider' was created for internal use by Entity Framework.
2026-09-27 17:11:10.432 +03:00 [DBG] Entity Framework Core 9.0.7 initialized 'JournalAppDbContext' using provider 'Microsoft.EntityFrameworkCore.Sqlite:9.0.7' with options: None
2026-09-27 17:11:10.456 +03:00 [DBG] Compiling query expression: 
'DbSet<User>()
    .Include(u => u.Journals)
    .FirstOrDefault(u => u.UserName == __userName_0)'
2026-09-27 17:11:10.479 +03:00 [DBG] Including navigation: 'User.Journals'.
2026-09-27 17:11:10.596 +03:00 [DBG] Generated query execution expression: 
'queryContext => ShapedQueryCompilingExpressionVisitor.SingleOrDefaultAsync<User>(
    asyncEnumerable: SingleQueryingEnumerable.Create<User>(
        relationalQueryContext: (RelationalQueryContext)queryContext, 
        relationalCommandResolver: parameters => [LIFTABLE Constant: RelationalCommandCache.QueryExpression(
            Client Projections:
                0 -> Dictionary<IProperty, int> { [Property: User.Id (int) Required PK AfterSave:Throw ValueGenerated.OnAdd, 0], [Property: User.Password (string) Required, 1], [Property: User.UserName (string) Required, 2] }
                1 -> 0
                2 -> Dictionary<IProperty, int> { [Property: Journal.Id (int) Required PK AfterSave:Throw ValueGenerated.OnAdd, 3], [Property: Journal.Content (string) Required, 4], [Property: Journal.Images (List<string>) Required Element type: string Required, 5], [Property: Journal.Title (string) Required, 6], [Property: Journal.UserId (int) Required FK Index, 7] }
                3 -> 3
            SELECT u0.Id, u0.Password, u0.UserName, j.Id, j.Content, j.Images, j.Title, j.UserId
            FROM 
            (
                SELECT TOP(1) u.Id, u.Password, u.UserName
                FROM Users AS u
                WHERE u.UserName == @__userName_0
            ) AS u0
            LEFT JOIN Journals AS j ON u0.Id == j.UserId
            ORDER BY u0.Id ASC) | Resolver: c => new RelationalCommandCache(
            c.Dependencies.MemoryCache, 
            c.RelationalDependencies.QuerySqlGeneratorFactory, 
            c.RelationalDependencies.RelationalParameterBasedSqlProcessorFactory, 
            Client Projections:
                0 -> Dictionary<IProperty, int> { [Property: User.Id (int) Required PK AfterSave:Throw ValueGenerated.OnAdd, 0], [Property: User.Password (string) Required, 1], [Property: User.UserName (string) Required, 2] }
                1 -> 0
                2 -> Dictionary<IProperty, int> { [Property: Journal.Id (int) Required PK AfterSave:Throw ValueGenerated.OnAdd, 3], [Property: Journal.Content (string) Required, 4], [Property: Journal.Images (List<string>) Required Element type: string Required, 5], [Property: Journal.Title (string) Required, 6], [Property: Journal.UserId (int) Required FK Index, 7] }
                3 -> 3
            SELECT u0.Id, u0.Password, u0.UserName, j.Id, j.Content, j.Images, j.Title, j.UserId
            FROM 
            (
                SELECT TOP(1) u.Id, u.Password, u.UserName
                FROM Users AS u
                WHERE u.UserName == @__userName_0
            ) AS u0
            LEFT JOIN Journals AS j ON u0.Id == j.UserId
            ORDER BY u0.Id ASC, 
            False, 
            new HashSet<string>(
                new string[]{ }, 
                StringComparer.Ordinal
            )
        )].GetRelationalCommandTemplate(parameters), 
        readerColumns: null, 
        shaper: (queryContext, dataReader, resultContext, resultCoordinator) => 
        {
            resultContext.Values == null ? 
            {
                User entity;
                entity = 
                {
                    MaterializationContext materializationContext1;
                    IEntityType entityType1;
                    User instance1;
                    InternalEntityEntry entry1;
                    bool hasNullKey1;
                    materializationContext1 = new MaterializationContext(
                        [LIFTABLE Constant: ValueBuffer | Resolver: _ => (object)ValueBuffer.Empty], 
                        queryContext.Context
                    );
                    instance1 = default(User);
                    entry1 = queryContext.TryGetEntry(
                        key: [LIFTABLE Constant: Key: User.Id PK | Resolver: c => c.Dependencies.Model.FindEntityType("JournalApp.Domain.User.User").FindPrimaryKey()], 
                        keyValues: new object[]{ (object)dataReader.GetInt32(0) }, 
                        throwOnNullKey: True, 
                        hasNullKey: hasNullKey1);
                    !(hasNullKey1) ? entry1 != default(InternalEntityEntry) ? 
                    {
                        entityType1 = entry1.EntityType;
                        return instance1 = (User)entry1.Entity;
                    } : 
                    {
                        ISnapshot shadowSnapshot1;
                        shadowSnapshot1 = [LIFTABLE Constant: Snapshot | Resolver: _ => Snapshot.Empty];
                        entityType1 = [LIFTABLE Constant: EntityType: User | Resolver: namelessParameter{0} => namelessParameter{0}.Dependencies.Model.FindEntityType("JournalApp.Domain.User.User")];
                        instance1 = switch (entityType1)
                        {
                            case [LIFTABLE Constant: EntityType: User | Resolver: namelessParameter{1} => namelessParameter{1}.Dependencies.Model.FindEntityType("JournalApp.Domain.User.User")]: 
                                {
                                    return 
                                    {
                                        User instance;
                                        instance = new User();
                                        instance.<Id>k__BackingField = dataReader.GetInt32(0);
                                        instance.<Password>k__BackingField = dataReader.GetString(1);
                                        instance.<UserName>k__BackingField = dataReader.GetString(2);
                                        (instance is IInjectableService) ? ((IInjectableService)instance).Injected(
                                            context: materializationContext1.Context, 
                                            entity: instance, 
                                            queryTrackingBehavior: TrackAll, 
                                            structuralType: [LIFTABLE Constant: EntityType: User | Resolver: namelessParameter{2} => namelessParameter{2}.Dependencies.Model.FindEntityType("JournalApp.Domain.User.User")]) : default(void);
                                        return instance;
                                    }}
                            default: 
                                default(User)
                        }
                        ;
                        entry1 = entityType1 == default(IEntityType) ? default(InternalEntityEntry) : queryContext.StartTracking(
                            entityType: entityType1, 
                            entity: instance1, 
                            snapshot: shadowSnapshot1);
                        return instance1;
                    } : default(void);
                    return instance1;
                };
                resultContext.Values = new object[]{ entity };
                ShaperProcessingExpressionVisitor.InitializeIncludeCollection<User, User>(
                    collectionId: 0, 
                    queryContext: queryContext, 
                    dbDataReader: dataReader, 
                    resultCoordinator: resultCoordinator, 
                    entity: (User)(resultContext.Values[0]), 
                    parentIdentifier: [LIFTABLE Constant: Func<QueryContext, DbDataReader, object[]> | Resolver: _ => (queryContext, dataReader) => new object[]{ (object)(int?)dataReader.GetInt32(0) }], 
                    outerIdentifier: [LIFTABLE Constant: Func<QueryContext, DbDataReader, object[]> | Resolver: _ => (queryContext, dataReader) => new object[]{ (object)(int?)dataReader.GetInt32(0) }], 
                    navigation: [LIFTABLE Constant: Navigation: User.Journals (List<Journal>) Collection ToDependent Journal Inverse: User | Resolver: namelessParameter{3} => namelessParameter{3}.Dependencies.Model.FindEntityType("JournalApp.Domain.User.User").FindNavigation("Journals")], 
                    clrCollectionAccessor: [LIFTABLE Constant: ClrICollectionAccessor<User, List<Journal>, Journal> | Resolver: namelessParameter{4} => namelessParameter{4}.Dependencies.Model.FindEntityType("JournalApp.Domain.User.User").FindNavigation("Journals").GetCollectionAccessor()], 
                    trackingQuery: True, 
                    setLoaded: True);
            } : default(void);
            ShaperProcessingExpressionVisitor.PopulateIncludeCollection<User, Journal>(
                collectionId: 0, 
                queryContext: queryContext, 
                dbDataReader: dataReader, 
                resultCoordinator: resultCoordinator, 
                parentIdentifier: [LIFTABLE Constant: Func<QueryContext, DbDataReader, object[]> | Resolver: _ => (queryContext, dataReader) => new object[]{ (object)(int?)dataReader.GetInt32(0) }], 
                outerIdentifier: [LIFTABLE Constant: Func<QueryContext, DbDataReader, object[]> | Resolver: _ => (queryContext, dataReader) => new object[]{ (object)(int?)dataReader.GetInt32(0) }], 
                selfIdentifier: [LIFTABLE Constant: Func<QueryContext, DbDataReader, object[]> | Resolver: _ => (queryContext, dataReader) => new object[]{ (object)dataReader.IsDBNull(3) ? default(int?) : (int?)dataReader.GetInt32(3) }], 
                parentIdentifierValueComparers: [LIFTABLE Constant: Func<object, object, bool>[] { Func<object, object, bool> } | Resolver: _ => new Func<object, object, bool>[]{ (left, right) => left == null ? right == null : right != null && (int)left == (int)right }], 
                outerIdentifierValueComparers: [LIFTABLE Constant: Func<object, object, bool>[] { Func<object, object, bool> } | Resolver: _ => new Func<object, object, bool>[]{ (left, right) => left == null ? right == null : right != null && (int)left == (int)right }], 
                selfIdentifierValueComparers: [LIFTABLE Constant: Func<object, object, bool>[] { Func<object, object, bool> } | Resolver: _ => new Func<object, object, bool>[]{ (left, right) => left == null ? right == null : right != null && (int)left == (int)right }], 
                innerShaper: (queryContext, dataReader, resultContext, resultCoordinator) => 
                {
                    Journal entity;
                    entity = 
                    {
                        MaterializationContext materializationContext2;
                        IEntityType entityType2;
                        Journal instance2;
                        InternalEntityEntry entry2;
                        bool hasNullKey2;
                        materializationContext2 = new MaterializationContext(
                            [LIFTABLE Constant: ValueBuffer | Resolver: _ => (object)ValueBuffer.Empty], 
                            queryContext.Context
                        );
                        instance2 = default(Journal);
                        entry2 = queryContext.TryGetEntry(
                            key: [LIFTABLE Constant: Key: Journal.Id PK | Resolver: c => c.Dependencies.Model.FindEntityType("JournalApp.Domain.Journal.Journal").FindPrimaryKey()], 
                            keyValues: new object[]{ dataReader.IsDBNull(3) ? default(object) : (object)dataReader.GetInt32(3) }, 
                            throwOnNullKey: False, 
                            hasNullKey: hasNullKey2);
                        !(hasNullKey2) ? entry2 != default(InternalEntityEntry) ? 
                        {
                            entityType2 = entry2.EntityType;
                            return instance2 = (Journal)entry2.Entity;
                        } : 
                        {
                            ISnapshot shadowSnapshot2;
                            shadowSnapshot2 = [LIFTABLE Constant: Snapshot | Resolver: _ => Snapshot.Empty];
                            entityType2 = [LIFTABLE Constant: EntityType: Journal | Resolver: namelessParameter{5} => namelessParameter{5}.Dependencies.Model.FindEntityType("JournalApp.Domain.Journal.Journal")];
                            instance2 = switch (entityType2)
                            {
                                case [LIFTABLE Constant: EntityType: Journal | Resolver: namelessParameter{6} => namelessParameter{6}.Dependencies.Model.FindEntityType("JournalApp.Domain.Journal.Journal")]: 
                                    {
                                        return 
                                        {
                                            Journal instance;
                                            instance = new Journal();
                                            instance.<Id>k__BackingField = dataReader.IsDBNull(3) ? default(int) : dataReader.GetInt32(3);
                                            instance.<Content>k__BackingField = dataReader.IsDBNull(4) ? default(string) : dataReader.GetString(4);
                                            {
                                                List<string> namelessParameter{7};
                                                namelessParameter{7} = instance.<Images>k__BackingField;
                                                namelessParameter{7} == null || dataReader.IsDBNull(5) ? default(List<string>) : (List<string>)Invoke(((CollectionToJsonStringConverter<string>)((IReadOnlyProperty)[LIFTABLE Constant: Property: Journal.Images (List<string>) Required Element type: string Required | Resolver: namelessParameter{8} => namelessParameter{8}.Dependencies.Model.FindEntityType("JournalApp.Domain.Journal.Journal").FindProperty("Images")]).GetTypeMapping().Converter).ConvertFromProviderTyped, dataReader.GetString(5)) == null || namelessParameter{7}.IsReadOnly ? instance.<Images>k__BackingField = dataReader.IsDBNull(5) ? default(List<string>) : (List<string>)Invoke(((CollectionToJsonStringConverter<string>)((IReadOnlyProperty)[LIFTABLE Constant: Property: Journal.Images (List<string>) Required Element type: string Required | Resolver: namelessParameter{9} => namelessParameter{9}.Dependencies.Model.FindEntityType("JournalApp.Domain.Journal.Journal").FindProperty("Images")]).GetTypeMapping().Converter).ConvertFromProviderTyped, dataReader.GetString(5)) : EntityMaterializerSource.PopulateList<string>(
                                                    buffer: dataReader.IsDBNull(5) ? default(List<string>) : (List<string>)Invoke(((CollectionToJsonStringConverter<string>)((IReadOnlyProperty)[LIFTABLE Constant: Property: Journal.Images (List<string>) Required Element type: string Required | Resolver: namelessParameter{10} => namelessParameter{10}.Dependencies.Model.FindEntityType("JournalApp.Domain.Journal.Journal").FindProperty("Images")]).GetTypeMapping().Converter).ConvertFromProviderTyped, dataReader.GetString(5)), 
                                                    target: namelessParameter{7});
                                            }instance.<Title>k__BackingField = dataReader.IsDBNull(6) ? default(string) : dataReader.GetString(6);
                                            instance.<UserId>k__BackingField = dataReader.IsDBNull(7) ? default(int) : dataReader.GetInt32(7);
                                            (instance is IInjectableService) ? ((IInjectableService)instance).Injected(
                                                context: materializationContext2.Context, 
                                                entity: instance, 
                                                queryTrackingBehavior: TrackAll, 
                                                structuralType: [LIFTABLE Constant: EntityType: Journal | Resolver: namelessParameter{11} => namelessParameter{11}.Dependencies.Model.FindEntityType("JournalApp.Domain.Journal.Journal")]) : default(void);
                                            return instance;
                                        }}
                                default: 
                                    default(Journal)
                            }
                            ;
                            entry2 = entityType2 == default(IEntityType) ? default(InternalEntityEntry) : queryContext.StartTracking(
                                entityType: entityType2, 
                                entity: instance2, 
                                snapshot: shadowSnapshot2);
                            return instance2;
                        } : default(void);
                        return instance2;
                    };
                    return entity;
                }, 
                inverseNavigation: [LIFTABLE Constant: Navigation: Journal.User (User) ToPrincipal User Inverse: Journals | Resolver: namelessParameter{12} => namelessParameter{12}.Dependencies.Model.FindEntityType("JournalApp.Domain.Journal.Journal").FindNavigation("User")], 
                fixup: (namelessParameter{13}, namelessParameter{14}) => 
                {
                    [LIFTABLE Constant: ClrICollectionAccessor<User, List<Journal>, Journal> | Resolver: namelessParameter{15} => namelessParameter{15}.Dependencies.Model.FindEntityType("JournalApp.Domain.User.User").FindNavigation("Journals").GetCollectionAccessor()].Add(
                        entity: namelessParameter{13}, 
                        value: namelessParameter{14}, 
                        forMaterialization: True);
                    return namelessParameter{14}.<User>k__BackingField = namelessParameter{13};
                }, 
                trackingQuery: True);
            return IsTrue(resultCoordinator.ResultReady)
             ? (User)(resultContext.Values[0]) : default(User);
        }, 
        contextType: JournalApp.Infrastructure.JournalAppDbContext, 
        standAloneStateManager: False, 
        detailedErrorsEnabled: False, 
        threadSafetyChecksEnabled: True), 
    cancellationToken: queryContext.CancellationToken)'
2026-09-27 17:11:10.612 +03:00 [DBG] Creating DbConnection.
2026-09-27 17:11:10.617 +03:00 [DBG] Created DbConnection. (4ms).
2026-09-27 17:11:10.619 +03:00 [DBG] Opening connection to database 'main' on server '/Users/sgrancharov/dev/dotnet/JournalApp/JournalApp/JournalApp.Infrastructure/JournalApp.db'.
2026-09-27 17:11:10.624 +03:00 [DBG] Opened connection to database 'main' on server '/Users/sgrancharov/dev/dotnet/JournalApp/JournalApp/JournalApp.Infrastructure/JournalApp.db'.
2026-09-27 17:11:10.625 +03:00 [DBG] Creating DbCommand for 'ExecuteReader'.
2026-09-27 17:11:10.627 +03:00 [DBG] Created DbCommand for 'ExecuteReader' (1ms).
2026-09-27 17:11:10.628 +03:00 [DBG] Initialized DbCommand for 'ExecuteReader' (3ms).
2026-09-27 17:11:10.632 +03:00 [DBG] Executing DbCommand [Parameters=[@__userName_0='?' (Size = 7)], CommandType='"Text"', CommandTimeout='30']
SELECT "u0"."Id", "u0"."Password", "u0"."UserName", "j"."Id", "j"."Content", "j"."Images", "j"."Title", "j"."UserId"
FROM (
    SELECT "u"."Id", "u"."Password", "u"."UserName"
    FROM "Users" AS "u"
    WHERE "u"."UserName" = @__userName_0
    LIMIT 1
) AS "u0"
LEFT JOIN "Journals" AS "j" ON "u0"."Id" = "j"."UserId"
ORDER BY "u0"."Id"
2026-09-27 17:11:10.643 +03:00 [INF] Executed DbCommand (8ms) [Parameters=[@__userName_0='?' (Size = 7)], CommandType='"Text"', CommandTimeout='30']
SELECT "u0"."Id", "u0"."Password", "u0"."UserName", "j"."Id", "j"."Content", "j"."Images", "j"."Title", "j"."UserId"
FROM (
    SELECT "u"."Id", "u"."Password", "u"."UserName"
    FROM "Users" AS "u"
    WHERE "u"."UserName" = @__userName_0
    LIMIT 1
) AS "u0"
LEFT JOIN "Journals" AS "j" ON "u0"."Id" = "j"."UserId"
ORDER BY "u0"."Id"
2026-09-27 17:11:10.657 +03:00 [DBG] Context 'JournalAppDbContext' started tracking 'User' entity. Consider using 'DbContextOptionsBuilder.EnableSensitiveDataLogging' to see key values.
2026-09-27 17:11:10.671 +03:00 [DBG] Context 'JournalAppDbContext' started tracking 'Journal' entity. Consider using 'DbContextOptionsBuilder.EnableSensitiveDataLogging' to see key values.
2026-09-27 17:11:10.675 +03:00 [DBG] Context 'JournalAppDbContext' started tracking 'Journal' entity. Consider using 'DbContextOptionsBuilder.EnableSensitiveDataLogging' to see key values.
2026-09-27 17:11:10.675 +03:00 [DBG] Context 'JournalAppDbContext' started tracking 'Journal' entity. Consider using 'DbContextOptionsBuilder.EnableSensitiveDataLogging' to see key values.
2026-09-27 17:11:10.677 +03:00 [DBG] Closing data reader to 'main' on server '/Users/sgrancharov/dev/dotnet/JournalApp/JournalApp/JournalApp.Infrastructure/JournalApp.db'.
2026-09-27 17:11:10.679 +03:00 [DBG] A data reader for 'main' on server '/Users/sgrancharov/dev/dotnet/JournalApp/JournalApp/JournalApp.Infrastructure/JournalApp.db' is being disposed after spending 33ms reading results.
2026-09-27 17:11:10.681 +03:00 [DBG] Closing connection to database 'main' on server '/Users/sgrancharov/dev/dotnet/JournalApp/JournalApp/JournalApp.Infrastructure/JournalApp.db'.
2026-09-27 17:11:10.682 +03:00 [DBG] Closed connection to database 'main' on server '/Users/sgrancharov/dev/dotnet/JournalApp/JournalApp/JournalApp.Infrastructure/JournalApp.db' (1ms).
2026-09-27 17:16:34.173 +03:00 [WRN] You do not have a valid license key for the Lucky Penny software AutoMapper. This is allowed for development and testing scenarios. If you are running in production you are required to have a licensed version. Please visit https://luckypennysoftware.com to obtain a valid license.
2026-09-27 17:16:41.503 +03:00 [DBG] An 'IServiceProvider' was created for internal use by Entity Framework.
2026-09-27 17:16:41.767 +03:00 [DBG] Entity Framework Core 9.0.7 initialized 'JournalAppDbContext' using provider 'Microsoft.EntityFrameworkCore.Sqlite:9.0.7' with options: None
2026-09-27 17:16:41.791 +03:00 [DBG] Compiling query expression: 
'DbSet<User>()
    .Include(u => u.Journals)
    .FirstOrDefault(u => u.UserName == __userName_0)'
2026-09-27 17:16:41.813 +03:00 [DBG] Including navigation: 'User.Journals'.
2026-09-27 17:16:41.927 +03:00 [DBG] Generated query execution expression: 
'queryContext => ShapedQueryCompilingExpressionVisitor.SingleOrDefaultAsync<User>(
    asyncEnumerable: SingleQueryingEnumerable.Create<User>(
        relationalQueryContext: (RelationalQueryContext)queryContext, 
        relationalCommandResolver: parameters => [LIFTABLE Constant: RelationalCommandCache.QueryExpression(
            Client Projections:
                0 -> Dictionary<IProperty, int> { [Property: User.Id (int) Required PK AfterSave:Throw ValueGenerated.OnAdd, 0], [Property: User.Password (string) Required, 1], [Property: User.UserName (string) Required, 2] }
                1 -> 0
                2 -> Dictionary<IProperty, int> { [Property: Journal.Id (int) Required PK AfterSave:Throw ValueGenerated.OnAdd, 3], [Property: Journal.Content (string) Required, 4], [Property: Journal.Images (List<string>) Required Element type: string Required, 5], [Property: Journal.Title (string) Required, 6], [Property: Journal.UserId (int) Required FK Index, 7] }
                3 -> 3
            SELECT u0.Id, u0.Password, u0.UserName, j.Id, j.Content, j.Images, j.Title, j.UserId
            FROM 
            (
                SELECT TOP(1) u.Id, u.Password, u.UserName
                FROM Users AS u
                WHERE u.UserName == @__userName_0
            ) AS u0
            LEFT JOIN Journals AS j ON u0.Id == j.UserId
            ORDER BY u0.Id ASC) | Resolver: c => new RelationalCommandCache(
            c.Dependencies.MemoryCache, 
            c.RelationalDependencies.QuerySqlGeneratorFactory, 
            c.RelationalDependencies.RelationalParameterBasedSqlProcessorFactory, 
            Client Projections:
                0 -> Dictionary<IProperty, int> { [Property: User.Id (int) Required PK AfterSave:Throw ValueGenerated.OnAdd, 0], [Property: User.Password (string) Required, 1], [Property: User.UserName (string) Required, 2] }
                1 -> 0
                2 -> Dictionary<IProperty, int> { [Property: Journal.Id (int) Required PK AfterSave:Throw ValueGenerated.OnAdd, 3], [Property: Journal.Content (string) Required, 4], [Property: Journal.Images (List<string>) Required Element type: string Required, 5], [Property: Journal.Title (string) Required, 6], [Property: Journal.UserId (int) Required FK Index, 7] }
                3 -> 3
            SELECT u0.Id, u0.Password, u0.UserName, j.Id, j.Content, j.Images, j.Title, j.UserId
            FROM 
            (
                SELECT TOP(1) u.Id, u.Password, u.UserName
                FROM Users AS u
                WHERE u.UserName == @__userName_0
            ) AS u0
            LEFT JOIN Journals AS j ON u0.Id == j.UserId
            ORDER BY u0.Id ASC, 
            False, 
            new HashSet<string>(
                new string[]{ }, 
                StringComparer.Ordinal
            )
        )].GetRelationalCommandTemplate(parameters), 
        readerColumns: null, 
        shaper: (queryContext, dataReader, resultContext, resultCoordinator) => 
        {
            resultContext.Values == null ? 
            {
                User entity;
                entity = 
                {
                    MaterializationContext materializationContext1;
                    IEntityType entityType1;
                    User instance1;
                    InternalEntityEntry entry1;
                    bool hasNullKey1;
                    materializationContext1 = new MaterializationContext(
                        [LIFTABLE Constant: ValueBuffer | Resolver: _ => (object)ValueBuffer.Empty], 
                        queryContext.Context
                    );
                    instance1 = default(User);
                    entry1 = queryContext.TryGetEntry(
                        key: [LIFTABLE Constant: Key: User.Id PK | Resolver: c => c.Dependencies.Model.FindEntityType("JournalApp.Domain.User.User").FindPrimaryKey()], 
                        keyValues: new object[]{ (object)dataReader.GetInt32(0) }, 
                        throwOnNullKey: True, 
                        hasNullKey: hasNullKey1);
                    !(hasNullKey1) ? entry1 != default(InternalEntityEntry) ? 
                    {
                        entityType1 = entry1.EntityType;
                        return instance1 = (User)entry1.Entity;
                    } : 
                    {
                        ISnapshot shadowSnapshot1;
                        shadowSnapshot1 = [LIFTABLE Constant: Snapshot | Resolver: _ => Snapshot.Empty];
                        entityType1 = [LIFTABLE Constant: EntityType: User | Resolver: namelessParameter{0} => namelessParameter{0}.Dependencies.Model.FindEntityType("JournalApp.Domain.User.User")];
                        instance1 = switch (entityType1)
                        {
                            case [LIFTABLE Constant: EntityType: User | Resolver: namelessParameter{1} => namelessParameter{1}.Dependencies.Model.FindEntityType("JournalApp.Domain.User.User")]: 
                                {
                                    return 
                                    {
                                        User instance;
                                        instance = new User();
                                        instance.<Id>k__BackingField = dataReader.GetInt32(0);
                                        instance.<Password>k__BackingField = dataReader.GetString(1);
                                        instance.<UserName>k__BackingField = dataReader.GetString(2);
                                        (instance is IInjectableService) ? ((IInjectableService)instance).Injected(
                                            context: materializationContext1.Context, 
                                            entity: instance, 
                                            queryTrackingBehavior: TrackAll, 
                                            structuralType: [LIFTABLE Constant: EntityType: User | Resolver: namelessParameter{2} => namelessParameter{2}.Dependencies.Model.FindEntityType("JournalApp.Domain.User.User")]) : default(void);
                                        return instance;
                                    }}
                            default: 
                                default(User)
                        }
                        ;
                        entry1 = entityType1 == default(IEntityType) ? default(InternalEntityEntry) : queryContext.StartTracking(
                            entityType: entityType1, 
                            entity: instance1, 
                            snapshot: shadowSnapshot1);
                        return instance1;
                    } : default(void);
                    return instance1;
                };
                resultContext.Values = new object[]{ entity };
                ShaperProcessingExpressionVisitor.InitializeIncludeCollection<User, User>(
                    collectionId: 0, 
                    queryContext: queryContext, 
                    dbDataReader: dataReader, 
                    resultCoordinator: resultCoordinator, 
                    entity: (User)(resultContext.Values[0]), 
                    parentIdentifier: [LIFTABLE Constant: Func<QueryContext, DbDataReader, object[]> | Resolver: _ => (queryContext, dataReader) => new object[]{ (object)(int?)dataReader.GetInt32(0) }], 
                    outerIdentifier: [LIFTABLE Constant: Func<QueryContext, DbDataReader, object[]> | Resolver: _ => (queryContext, dataReader) => new object[]{ (object)(int?)dataReader.GetInt32(0) }], 
                    navigation: [LIFTABLE Constant: Navigation: User.Journals (List<Journal>) Collection ToDependent Journal Inverse: User | Resolver: namelessParameter{3} => namelessParameter{3}.Dependencies.Model.FindEntityType("JournalApp.Domain.User.User").FindNavigation("Journals")], 
                    clrCollectionAccessor: [LIFTABLE Constant: ClrICollectionAccessor<User, List<Journal>, Journal> | Resolver: namelessParameter{4} => namelessParameter{4}.Dependencies.Model.FindEntityType("JournalApp.Domain.User.User").FindNavigation("Journals").GetCollectionAccessor()], 
                    trackingQuery: True, 
                    setLoaded: True);
            } : default(void);
            ShaperProcessingExpressionVisitor.PopulateIncludeCollection<User, Journal>(
                collectionId: 0, 
                queryContext: queryContext, 
                dbDataReader: dataReader, 
                resultCoordinator: resultCoordinator, 
                parentIdentifier: [LIFTABLE Constant: Func<QueryContext, DbDataReader, object[]> | Resolver: _ => (queryContext, dataReader) => new object[]{ (object)(int?)dataReader.GetInt32(0) }], 
                outerIdentifier: [LIFTABLE Constant: Func<QueryContext, DbDataReader, object[]> | Resolver: _ => (queryContext, dataReader) => new object[]{ (object)(int?)dataReader.GetInt32(0) }], 
                selfIdentifier: [LIFTABLE Constant: Func<QueryContext, DbDataReader, object[]> | Resolver: _ => (queryContext, dataReader) => new object[]{ (object)dataReader.IsDBNull(3) ? default(int?) : (int?)dataReader.GetInt32(3) }], 
                parentIdentifierValueComparers: [LIFTABLE Constant: Func<object, object, bool>[] { Func<object, object, bool> } | Resolver: _ => new Func<object, object, bool>[]{ (left, right) => left == null ? right == null : right != null && (int)left == (int)right }], 
                outerIdentifierValueComparers: [LIFTABLE Constant: Func<object, object, bool>[] { Func<object, object, bool> } | Resolver: _ => new Func<object, object, bool>[]{ (left, right) => left == null ? right == null : right != null && (int)left == (int)right }], 
                selfIdentifierValueComparers: [LIFTABLE Constant: Func<object, object, bool>[] { Func<object, object, bool> } | Resolver: _ => new Func<object, object, bool>[]{ (left, right) => left == null ? right == null : right != null && (int)left == (int)right }], 
                innerShaper: (queryContext, dataReader, resultContext, resultCoordinator) => 
                {
                    Journal entity;
                    entity = 
                    {
                        MaterializationContext materializationContext2;
                        IEntityType entityType2;
                        Journal instance2;
                        InternalEntityEntry entry2;
                        bool hasNullKey2;
                        materializationContext2 = new MaterializationContext(
                            [LIFTABLE Constant: ValueBuffer | Resolver: _ => (object)ValueBuffer.Empty], 
                            queryContext.Context
                        );
                        instance2 = default(Journal);
                        entry2 = queryContext.TryGetEntry(
                            key: [LIFTABLE Constant: Key: Journal.Id PK | Resolver: c => c.Dependencies.Model.FindEntityType("JournalApp.Domain.Journal.Journal").FindPrimaryKey()], 
                            keyValues: new object[]{ dataReader.IsDBNull(3) ? default(object) : (object)dataReader.GetInt32(3) }, 
                            throwOnNullKey: False, 
                            hasNullKey: hasNullKey2);
                        !(hasNullKey2) ? entry2 != default(InternalEntityEntry) ? 
                        {
                            entityType2 = entry2.EntityType;
                            return instance2 = (Journal)entry2.Entity;
                        } : 
                        {
                            ISnapshot shadowSnapshot2;
                            shadowSnapshot2 = [LIFTABLE Constant: Snapshot | Resolver: _ => Snapshot.Empty];
                            entityType2 = [LIFTABLE Constant: EntityType: Journal | Resolver: namelessParameter{5} => namelessParameter{5}.Dependencies.Model.FindEntityType("JournalApp.Domain.Journal.Journal")];
                            instance2 = switch (entityType2)
                            {
                                case [LIFTABLE Constant: EntityType: Journal | Resolver: namelessParameter{6} => namelessParameter{6}.Dependencies.Model.FindEntityType("JournalApp.Domain.Journal.Journal")]: 
                                    {
                                        return 
                                        {
                                            Journal instance;
                                            instance = new Journal();
                                            instance.<Id>k__BackingField = dataReader.IsDBNull(3) ? default(int) : dataReader.GetInt32(3);
                                            instance.<Content>k__BackingField = dataReader.IsDBNull(4) ? default(string) : dataReader.GetString(4);
                                            {
                                                List<string> namelessParameter{7};
                                                namelessParameter{7} = instance.<Images>k__BackingField;
                                                namelessParameter{7} == null || dataReader.IsDBNull(5) ? default(List<string>) : (List<string>)Invoke(((CollectionToJsonStringConverter<string>)((IReadOnlyProperty)[LIFTABLE Constant: Property: Journal.Images (List<string>) Required Element type: string Required | Resolver: namelessParameter{8} => namelessParameter{8}.Dependencies.Model.FindEntityType("JournalApp.Domain.Journal.Journal").FindProperty("Images")]).GetTypeMapping().Converter).ConvertFromProviderTyped, dataReader.GetString(5)) == null || namelessParameter{7}.IsReadOnly ? instance.<Images>k__BackingField = dataReader.IsDBNull(5) ? default(List<string>) : (List<string>)Invoke(((CollectionToJsonStringConverter<string>)((IReadOnlyProperty)[LIFTABLE Constant: Property: Journal.Images (List<string>) Required Element type: string Required | Resolver: namelessParameter{9} => namelessParameter{9}.Dependencies.Model.FindEntityType("JournalApp.Domain.Journal.Journal").FindProperty("Images")]).GetTypeMapping().Converter).ConvertFromProviderTyped, dataReader.GetString(5)) : EntityMaterializerSource.PopulateList<string>(
                                                    buffer: dataReader.IsDBNull(5) ? default(List<string>) : (List<string>)Invoke(((CollectionToJsonStringConverter<string>)((IReadOnlyProperty)[LIFTABLE Constant: Property: Journal.Images (List<string>) Required Element type: string Required | Resolver: namelessParameter{10} => namelessParameter{10}.Dependencies.Model.FindEntityType("JournalApp.Domain.Journal.Journal").FindProperty("Images")]).GetTypeMapping().Converter).ConvertFromProviderTyped, dataReader.GetString(5)), 
                                                    target: namelessParameter{7});
                                            }instance.<Title>k__BackingField = dataReader.IsDBNull(6) ? default(string) : dataReader.GetString(6);
                                            instance.<UserId>k__BackingField = dataReader.IsDBNull(7) ? default(int) : dataReader.GetInt32(7);
                                            (instance is IInjectableService) ? ((IInjectableService)instance).Injected(
                                                context: materializationContext2.Context, 
                                                entity: instance, 
                                                queryTrackingBehavior: TrackAll, 
                                                structuralType: [LIFTABLE Constant: EntityType: Journal | Resolver: namelessParameter{11} => namelessParameter{11}.Dependencies.Model.FindEntityType("JournalApp.Domain.Journal.Journal")]) : default(void);
                                            return instance;
                                        }}
                                default: 
                                    default(Journal)
                            }
                            ;
                            entry2 = entityType2 == default(IEntityType) ? default(InternalEntityEntry) : queryContext.StartTracking(
                                entityType: entityType2, 
                                entity: instance2, 
                                snapshot: shadowSnapshot2);
                            return instance2;
                        } : default(void);
                        return instance2;
                    };
                    return entity;
                }, 
                inverseNavigation: [LIFTABLE Constant: Navigation: Journal.User (User) ToPrincipal User Inverse: Journals | Resolver: namelessParameter{12} => namelessParameter{12}.Dependencies.Model.FindEntityType("JournalApp.Domain.Journal.Journal").FindNavigation("User")], 
                fixup: (namelessParameter{13}, namelessParameter{14}) => 
                {
                    [LIFTABLE Constant: ClrICollectionAccessor<User, List<Journal>, Journal> | Resolver: namelessParameter{15} => namelessParameter{15}.Dependencies.Model.FindEntityType("JournalApp.Domain.User.User").FindNavigation("Journals").GetCollectionAccessor()].Add(
                        entity: namelessParameter{13}, 
                        value: namelessParameter{14}, 
                        forMaterialization: True);
                    return namelessParameter{14}.<User>k__BackingField = namelessParameter{13};
                }, 
                trackingQuery: True);
            return IsTrue(resultCoordinator.ResultReady)
             ? (User)(resultContext.Values[0]) : default(User);
        }, 
        contextType: JournalApp.Infrastructure.JournalAppDbContext, 
        standAloneStateManager: False, 
        detailedErrorsEnabled: False, 
        threadSafetyChecksEnabled: True), 
    cancellationToken: queryContext.CancellationToken)'
2026-09-27 17:16:41.941 +03:00 [DBG] Creating DbConnection.
2026-09-27 17:16:41.946 +03:00 [DBG] Created DbConnection. (3ms).
2026-09-27 17:16:41.948 +03:00 [DBG] Opening connection to database 'main' on server '/Users/sgrancharov/dev/dotnet/JournalApp/JournalApp/JournalApp.Infrastructure/JournalApp.db'.
2026-09-27 17:16:41.952 +03:00 [DBG] Opened connection to database 'main' on server '/Users/sgrancharov/dev/dotnet/JournalApp/JournalApp/JournalApp.Infrastructure/JournalApp.db'.
2026-09-27 17:16:41.953 +03:00 [DBG] Creating DbCommand for 'ExecuteReader'.
2026-09-27 17:16:41.955 +03:00 [DBG] Created DbCommand for 'ExecuteReader' (0ms).
2026-09-27 17:16:41.957 +03:00 [DBG] Initialized DbCommand for 'ExecuteReader' (3ms).
2026-09-27 17:16:41.960 +03:00 [DBG] Executing DbCommand [Parameters=[@__userName_0='?' (Size = 7)], CommandType='"Text"', CommandTimeout='30']
SELECT "u0"."Id", "u0"."Password", "u0"."UserName", "j"."Id", "j"."Content", "j"."Images", "j"."Title", "j"."UserId"
FROM (
    SELECT "u"."Id", "u"."Password", "u"."UserName"
    FROM "Users" AS "u"
    WHERE "u"."UserName" = @__userName_0
    LIMIT 1
) AS "u0"
LEFT JOIN "Journals" AS "j" ON "u0"."Id" = "j"."UserId"
ORDER BY "u0"."Id"
2026-09-27 17:16:41.970 +03:00 [INF] Executed DbCommand (7ms) [Parameters=[@__userName_0='?' (Size = 7)], CommandType='"Text"', CommandTimeout='30']
SELECT "u0"."Id", "u0"."Password", "u0"."UserName", "j"."Id", "j"."Content", "j"."Images", "j"."Title", "j"."UserId"
FROM (
    SELECT "u"."Id", "u"."Password", "u"."UserName"
    FROM "Users" AS "u"
    WHERE "u"."UserName" = @__userName_0
    LIMIT 1
) AS "u0"
LEFT JOIN "Journals" AS "j" ON "u0"."Id" = "j"."UserId"
ORDER BY "u0"."Id"
2026-09-27 17:16:41.984 +03:00 [DBG] Context 'JournalAppDbContext' started tracking 'User' entity. Consider using 'DbContextOptionsBuilder.EnableSensitiveDataLogging' to see key values.
2026-09-27 17:16:41.997 +03:00 [DBG] Context 'JournalAppDbContext' started tracking 'Journal' entity. Consider using 'DbContextOptionsBuilder.EnableSensitiveDataLogging' to see key values.
2026-09-27 17:16:42.001 +03:00 [DBG] Context 'JournalAppDbContext' started tracking 'Journal' entity. Consider using 'DbContextOptionsBuilder.EnableSensitiveDataLogging' to see key values.
2026-09-27 17:16:42.001 +03:00 [DBG] Context 'JournalAppDbContext' started tracking 'Journal' entity. Consider using 'DbContextOptionsBuilder.EnableSensitiveDataLogging' to see key values.
2026-09-27 17:16:42.003 +03:00 [DBG] Closing data reader to 'main' on server '/Users/sgrancharov/dev/dotnet/JournalApp/JournalApp/JournalApp.Infrastructure/JournalApp.db'.
2026-09-27 17:16:42.005 +03:00 [DBG] A data reader for 'main' on server '/Users/sgrancharov/dev/dotnet/JournalApp/JournalApp/JournalApp.Infrastructure/JournalApp.db' is being disposed after spending 32ms reading results.
2026-09-27 17:16:42.006 +03:00 [DBG] Closing connection to database 'main' on server '/Users/sgrancharov/dev/dotnet/JournalApp/JournalApp/JournalApp.Infrastructure/JournalApp.db'.
2026-09-27 17:16:42.007 +03:00 [DBG] Closed connection to database 'main' on server '/Users/sgrancharov/dev/dotnet/JournalApp/JournalApp/JournalApp.Infrastructure/JournalApp.db' (1ms).
2026-09-27 17:16:45.895 +03:00 [DBG] 'JournalAppDbContext' generated a temporary value for the property 'Journal.Id'. Consider using 'DbContextOptionsBuilder.EnableSensitiveDataLogging' to see key values.
2026-09-27 17:16:45.900 +03:00 [DBG] The navigation 'Journal.User' was detected as changed. Consider using 'DbContextOptionsBuilder.EnableSensitiveDataLogging' to see key values.
2026-09-27 17:16:45.902 +03:00 [DBG] Context 'JournalAppDbContext' started tracking 'Journal' entity. Consider using 'DbContextOptionsBuilder.EnableSensitiveDataLogging' to see key values.
2026-09-27 17:16:45.904 +03:00 [DBG] SaveChanges starting for 'JournalAppDbContext'.
2026-09-27 17:16:45.905 +03:00 [DBG] DetectChanges starting for 'JournalAppDbContext'.
2026-09-27 17:16:45.910 +03:00 [DBG] DetectChanges completed for 'JournalAppDbContext'.
2026-09-27 17:16:45.941 +03:00 [DBG] Opening connection to database 'main' on server '/Users/sgrancharov/dev/dotnet/JournalApp/JournalApp/JournalApp.Infrastructure/JournalApp.db'.
2026-09-27 17:16:45.941 +03:00 [DBG] Opened connection to database 'main' on server '/Users/sgrancharov/dev/dotnet/JournalApp/JournalApp/JournalApp.Infrastructure/JournalApp.db'.
2026-09-27 17:16:45.942 +03:00 [DBG] Creating DbCommand for 'ExecuteReader'.
2026-09-27 17:16:45.942 +03:00 [DBG] Created DbCommand for 'ExecuteReader' (0ms).
2026-09-27 17:16:45.945 +03:00 [DBG] Initialized DbCommand for 'ExecuteReader' (2ms).
2026-09-27 17:16:45.945 +03:00 [DBG] Executing DbCommand [Parameters=[@p0='?' (Size = 4), @p1='?' (Size = 2), @p2='?' (Size = 4), @p3='?' (DbType = Int32)], CommandType='"Text"', CommandTimeout='30']
INSERT INTO "Journals" ("Content", "Images", "Title", "UserId")
VALUES (@p0, @p1, @p2, @p3)
RETURNING "Id";
2026-09-27 17:16:45.946 +03:00 [INF] Executed DbCommand (1ms) [Parameters=[@p0='?' (Size = 4), @p1='?' (Size = 2), @p2='?' (Size = 4), @p3='?' (DbType = Int32)], CommandType='"Text"', CommandTimeout='30']
INSERT INTO "Journals" ("Content", "Images", "Title", "UserId")
VALUES (@p0, @p1, @p2, @p3)
RETURNING "Id";
2026-09-27 17:16:45.950 +03:00 [DBG] The foreign key property 'Journal.Id' was detected as changed. Consider using 'DbContextOptionsBuilder.EnableSensitiveDataLogging' to see property values.
2026-09-27 17:16:45.952 +03:00 [DBG] Closing data reader to 'main' on server '/Users/sgrancharov/dev/dotnet/JournalApp/JournalApp/JournalApp.Infrastructure/JournalApp.db'.
2026-09-27 17:16:45.953 +03:00 [DBG] A data reader for 'main' on server '/Users/sgrancharov/dev/dotnet/JournalApp/JournalApp/JournalApp.Infrastructure/JournalApp.db' is being disposed after spending 6ms reading results.
2026-09-27 17:16:45.953 +03:00 [DBG] Closing connection to database 'main' on server '/Users/sgrancharov/dev/dotnet/JournalApp/JournalApp/JournalApp.Infrastructure/JournalApp.db'.
2026-09-27 17:16:45.953 +03:00 [DBG] Closed connection to database 'main' on server '/Users/sgrancharov/dev/dotnet/JournalApp/JournalApp/JournalApp.Infrastructure/JournalApp.db' (0ms).
2026-09-27 17:16:45.957 +03:00 [DBG] An entity of type 'Journal' tracked by 'JournalAppDbContext' changed state from '"Added"' to '"Unchanged"'. Consider using 'DbContextOptionsBuilder.EnableSensitiveDataLogging' to see key values.
2026-09-27 17:16:45.957 +03:00 [DBG] SaveChanges completed for 'JournalAppDbContext' with 1 entities written to the database.
2026-09-27 17:16:54.125 +03:00 [DBG] Compiling query expression: 
'DbSet<User>()
    .Include(u => u.Journals)
    .FirstOrDefault(u => u.Id == __id_0)'
2026-09-27 17:16:54.126 +03:00 [DBG] Including navigation: 'User.Journals'.
2026-09-27 17:16:54.147 +03:00 [DBG] Generated query execution expression: 
'queryContext => SingleQueryingEnumerable.Create<User>(
    relationalQueryContext: (RelationalQueryContext)queryContext, 
    relationalCommandResolver: parameters => [LIFTABLE Constant: RelationalCommandCache.QueryExpression(
        Client Projections:
            0 -> Dictionary<IProperty, int> { [Property: User.Id (int) Required PK AfterSave:Throw ValueGenerated.OnAdd, 0], [Property: User.Password (string) Required, 1], [Property: User.UserName (string) Required, 2] }
            1 -> 0
            2 -> Dictionary<IProperty, int> { [Property: Journal.Id (int) Required PK AfterSave:Throw ValueGenerated.OnAdd, 3], [Property: Journal.Content (string) Required, 4], [Property: Journal.Images (List<string>) Required Element type: string Required, 5], [Property: Journal.Title (string) Required, 6], [Property: Journal.UserId (int) Required FK Index, 7] }
            3 -> 3
        SELECT u0.Id, u0.Password, u0.UserName, j.Id, j.Content, j.Images, j.Title, j.UserId
        FROM 
        (
            SELECT TOP(1) u.Id, u.Password, u.UserName
            FROM Users AS u
            WHERE u.Id == @__id_0
        ) AS u0
        LEFT JOIN Journals AS j ON u0.Id == j.UserId
        ORDER BY u0.Id ASC) | Resolver: c => new RelationalCommandCache(
        c.Dependencies.MemoryCache, 
        c.RelationalDependencies.QuerySqlGeneratorFactory, 
        c.RelationalDependencies.RelationalParameterBasedSqlProcessorFactory, 
        Client Projections:
            0 -> Dictionary<IProperty, int> { [Property: User.Id (int) Required PK AfterSave:Throw ValueGenerated.OnAdd, 0], [Property: User.Password (string) Required, 1], [Property: User.UserName (string) Required, 2] }
            1 -> 0
            2 -> Dictionary<IProperty, int> { [Property: Journal.Id (int) Required PK AfterSave:Throw ValueGenerated.OnAdd, 3], [Property: Journal.Content (string) Required, 4], [Property: Journal.Images (List<string>) Required Element type: string Required, 5], [Property: Journal.Title (string) Required, 6], [Property: Journal.UserId (int) Required FK Index, 7] }
            3 -> 3
        SELECT u0.Id, u0.Password, u0.UserName, j.Id, j.Content, j.Images, j.Title, j.UserId
        FROM 
        (
            SELECT TOP(1) u.Id, u.Password, u.UserName
            FROM Users AS u
            WHERE u.Id == @__id_0
        ) AS u0
        LEFT JOIN Journals AS j ON u0.Id == j.UserId
        ORDER BY u0.Id ASC, 
        False, 
        new HashSet<string>(
            new string[]{ }, 
            StringComparer.Ordinal
        )
    )].GetRelationalCommandTemplate(parameters), 
    readerColumns: null, 
    shaper: (queryContext, dataReader, resultContext, resultCoordinator) => 
    {
        resultContext.Values == null ? 
        {
            User entity;
            entity = 
            {
                MaterializationContext materializationContext1;
                IEntityType entityType1;
                User instance1;
                InternalEntityEntry entry1;
                bool hasNullKey1;
                materializationContext1 = new MaterializationContext(
                    [LIFTABLE Constant: ValueBuffer | Resolver: _ => (object)ValueBuffer.Empty], 
                    queryContext.Context
                );
                instance1 = default(User);
                entry1 = queryContext.TryGetEntry(
                    key: [LIFTABLE Constant: Key: User.Id PK | Resolver: c => c.Dependencies.Model.FindEntityType("JournalApp.Domain.User.User").FindPrimaryKey()], 
                    keyValues: new object[]{ (object)dataReader.GetInt32(0) }, 
                    throwOnNullKey: True, 
                    hasNullKey: hasNullKey1);
                !(hasNullKey1) ? entry1 != default(InternalEntityEntry) ? 
                {
                    entityType1 = entry1.EntityType;
                    return instance1 = (User)entry1.Entity;
                } : 
                {
                    ISnapshot shadowSnapshot1;
                    shadowSnapshot1 = [LIFTABLE Constant: Snapshot | Resolver: _ => Snapshot.Empty];
                    entityType1 = [LIFTABLE Constant: EntityType: User | Resolver: namelessParameter{0} => namelessParameter{0}.Dependencies.Model.FindEntityType("JournalApp.Domain.User.User")];
                    instance1 = switch (entityType1)
                    {
                        case [LIFTABLE Constant: EntityType: User | Resolver: namelessParameter{1} => namelessParameter{1}.Dependencies.Model.FindEntityType("JournalApp.Domain.User.User")]: 
                            {
                                return 
                                {
                                    User instance;
                                    instance = new User();
                                    instance.<Id>k__BackingField = dataReader.GetInt32(0);
                                    instance.<Password>k__BackingField = dataReader.GetString(1);
                                    instance.<UserName>k__BackingField = dataReader.GetString(2);
                                    (instance is IInjectableService) ? ((IInjectableService)instance).Injected(
                                        context: materializationContext1.Context, 
                                        entity: instance, 
                                        queryTrackingBehavior: TrackAll, 
                                        structuralType: [LIFTABLE Constant: EntityType: User | Resolver: namelessParameter{2} => namelessParameter{2}.Dependencies.Model.FindEntityType("JournalApp.Domain.User.User")]) : default(void);
                                    return instance;
                                }}
                        default: 
                            default(User)
                    }
                    ;
                    entry1 = entityType1 == default(IEntityType) ? default(InternalEntityEntry) : queryContext.StartTracking(
                        entityType: entityType1, 
                        entity: instance1, 
                        snapshot: shadowSnapshot1);
                    return instance1;
                } : default(void);
                return instance1;
            };
            resultContext.Values = new object[]{ entity };
            ShaperProcessingExpressionVisitor.InitializeIncludeCollection<User, User>(
                collectionId: 0, 
                queryContext: queryContext, 
                dbDataReader: dataReader, 
                resultCoordinator: resultCoordinator, 
                entity: (User)(resultContext.Values[0]), 
                parentIdentifier: [LIFTABLE Constant: Func<QueryContext, DbDataReader, object[]> | Resolver: _ => (queryContext, dataReader) => new object[]{ (object)(int?)dataReader.GetInt32(0) }], 
                outerIdentifier: [LIFTABLE Constant: Func<QueryContext, DbDataReader, object[]> | Resolver: _ => (queryContext, dataReader) => new object[]{ (object)(int?)dataReader.GetInt32(0) }], 
                navigation: [LIFTABLE Constant: Navigation: User.Journals (List<Journal>) Collection ToDependent Journal Inverse: User | Resolver: namelessParameter{3} => namelessParameter{3}.Dependencies.Model.FindEntityType("JournalApp.Domain.User.User").FindNavigation("Journals")], 
                clrCollectionAccessor: [LIFTABLE Constant: ClrICollectionAccessor<User, List<Journal>, Journal> | Resolver: namelessParameter{4} => namelessParameter{4}.Dependencies.Model.FindEntityType("JournalApp.Domain.User.User").FindNavigation("Journals").GetCollectionAccessor()], 
                trackingQuery: True, 
                setLoaded: True);
        } : default(void);
        ShaperProcessingExpressionVisitor.PopulateIncludeCollection<User, Journal>(
            collectionId: 0, 
            queryContext: queryContext, 
            dbDataReader: dataReader, 
            resultCoordinator: resultCoordinator, 
            parentIdentifier: [LIFTABLE Constant: Func<QueryContext, DbDataReader, object[]> | Resolver: _ => (queryContext, dataReader) => new object[]{ (object)(int?)dataReader.GetInt32(0) }], 
            outerIdentifier: [LIFTABLE Constant: Func<QueryContext, DbDataReader, object[]> | Resolver: _ => (queryContext, dataReader) => new object[]{ (object)(int?)dataReader.GetInt32(0) }], 
            selfIdentifier: [LIFTABLE Constant: Func<QueryContext, DbDataReader, object[]> | Resolver: _ => (queryContext, dataReader) => new object[]{ (object)dataReader.IsDBNull(3) ? default(int?) : (int?)dataReader.GetInt32(3) }], 
            parentIdentifierValueComparers: [LIFTABLE Constant: Func<object, object, bool>[] { Func<object, object, bool> } | Resolver: _ => new Func<object, object, bool>[]{ (left, right) => left == null ? right == null : right != null && (int)left == (int)right }], 
            outerIdentifierValueComparers: [LIFTABLE Constant: Func<object, object, bool>[] { Func<object, object, bool> } | Resolver: _ => new Func<object, object, bool>[]{ (left, right) => left == null ? right == null : right != null && (int)left == (int)right }], 
            selfIdentifierValueComparers: [LIFTABLE Constant: Func<object, object, bool>[] { Func<object, object, bool> } | Resolver: _ => new Func<object, object, bool>[]{ (left, right) => left == null ? right == null : right != null && (int)left == (int)right }], 
            innerShaper: (queryContext, dataReader, resultContext, resultCoordinator) => 
            {
                Journal entity;
                entity = 
                {
                    MaterializationContext materializationContext2;
                    IEntityType entityType2;
                    Journal instance2;
                    InternalEntityEntry entry2;
                    bool hasNullKey2;
                    materializationContext2 = new MaterializationContext(
                        [LIFTABLE Constant: ValueBuffer | Resolver: _ => (object)ValueBuffer.Empty], 
                        queryContext.Context
                    );
                    instance2 = default(Journal);
                    entry2 = queryContext.TryGetEntry(
                        key: [LIFTABLE Constant: Key: Journal.Id PK | Resolver: c => c.Dependencies.Model.FindEntityType("JournalApp.Domain.Journal.Journal").FindPrimaryKey()], 
                        keyValues: new object[]{ dataReader.IsDBNull(3) ? default(object) : (object)dataReader.GetInt32(3) }, 
                        throwOnNullKey: False, 
                        hasNullKey: hasNullKey2);
                    !(hasNullKey2) ? entry2 != default(InternalEntityEntry) ? 
                    {
                        entityType2 = entry2.EntityType;
                        return instance2 = (Journal)entry2.Entity;
                    } : 
                    {
                        ISnapshot shadowSnapshot2;
                        shadowSnapshot2 = [LIFTABLE Constant: Snapshot | Resolver: _ => Snapshot.Empty];
                        entityType2 = [LIFTABLE Constant: EntityType: Journal | Resolver: namelessParameter{5} => namelessParameter{5}.Dependencies.Model.FindEntityType("JournalApp.Domain.Journal.Journal")];
                        instance2 = switch (entityType2)
                        {
                            case [LIFTABLE Constant: EntityType: Journal | Resolver: namelessParameter{6} => namelessParameter{6}.Dependencies.Model.FindEntityType("JournalApp.Domain.Journal.Journal")]: 
                                {
                                    return 
                                    {
                                        Journal instance;
                                        instance = new Journal();
                                        instance.<Id>k__BackingField = dataReader.IsDBNull(3) ? default(int) : dataReader.GetInt32(3);
                                        instance.<Content>k__BackingField = dataReader.IsDBNull(4) ? default(string) : dataReader.GetString(4);
                                        {
                                            List<string> namelessParameter{7};
                                            namelessParameter{7} = instance.<Images>k__BackingField;
                                            namelessParameter{7} == null || dataReader.IsDBNull(5) ? default(List<string>) : (List<string>)Invoke(((CollectionToJsonStringConverter<string>)((IReadOnlyProperty)[LIFTABLE Constant: Property: Journal.Images (List<string>) Required Element type: string Required | Resolver: namelessParameter{8} => namelessParameter{8}.Dependencies.Model.FindEntityType("JournalApp.Domain.Journal.Journal").FindProperty("Images")]).GetTypeMapping().Converter).ConvertFromProviderTyped, dataReader.GetString(5)) == null || namelessParameter{7}.IsReadOnly ? instance.<Images>k__BackingField = dataReader.IsDBNull(5) ? default(List<string>) : (List<string>)Invoke(((CollectionToJsonStringConverter<string>)((IReadOnlyProperty)[LIFTABLE Constant: Property: Journal.Images (List<string>) Required Element type: string Required | Resolver: namelessParameter{9} => namelessParameter{9}.Dependencies.Model.FindEntityType("JournalApp.Domain.Journal.Journal").FindProperty("Images")]).GetTypeMapping().Converter).ConvertFromProviderTyped, dataReader.GetString(5)) : EntityMaterializerSource.PopulateList<string>(
                                                buffer: dataReader.IsDBNull(5) ? default(List<string>) : (List<string>)Invoke(((CollectionToJsonStringConverter<string>)((IReadOnlyProperty)[LIFTABLE Constant: Property: Journal.Images (List<string>) Required Element type: string Required | Resolver: namelessParameter{10} => namelessParameter{10}.Dependencies.Model.FindEntityType("JournalApp.Domain.Journal.Journal").FindProperty("Images")]).GetTypeMapping().Converter).ConvertFromProviderTyped, dataReader.GetString(5)), 
                                                target: namelessParameter{7});
                                        }instance.<Title>k__BackingField = dataReader.IsDBNull(6) ? default(string) : dataReader.GetString(6);
                                        instance.<UserId>k__BackingField = dataReader.IsDBNull(7) ? default(int) : dataReader.GetInt32(7);
                                        (instance is IInjectableService) ? ((IInjectableService)instance).Injected(
                                            context: materializationContext2.Context, 
                                            entity: instance, 
                                            queryTrackingBehavior: TrackAll, 
                                            structuralType: [LIFTABLE Constant: EntityType: Journal | Resolver: namelessParameter{11} => namelessParameter{11}.Dependencies.Model.FindEntityType("JournalApp.Domain.Journal.Journal")]) : default(void);
                                        return instance;
                                    }}
                            default: 
                                default(Journal)
                        }
                        ;
                        entry2 = entityType2 == default(IEntityType) ? default(InternalEntityEntry) : queryContext.StartTracking(
                            entityType: entityType2, 
                            entity: instance2, 
                            snapshot: shadowSnapshot2);
                        return instance2;
                    } : default(void);
                    return instance2;
                };
                return entity;
            }, 
            inverseNavigation: [LIFTABLE Constant: Navigation: Journal.User (User) ToPrincipal User Inverse: Journals | Resolver: namelessParameter{12} => namelessParameter{12}.Dependencies.Model.FindEntityType("JournalApp.Domain.Journal.Journal").FindNavigation("User")], 
            fixup: (namelessParameter{13}, namelessParameter{14}) => 
            {
                [LIFTABLE Constant: ClrICollectionAccessor<User, List<Journal>, Journal> | Resolver: namelessParameter{15} => namelessParameter{15}.Dependencies.Model.FindEntityType("JournalApp.Domain.User.User").FindNavigation("Journals").GetCollectionAccessor()].Add(
                    entity: namelessParameter{13}, 
                    value: namelessParameter{14}, 
                    forMaterialization: True);
                return namelessParameter{14}.<User>k__BackingField = namelessParameter{13};
            }, 
            trackingQuery: True);
        return IsTrue(resultCoordinator.ResultReady)
         ? (User)(resultContext.Values[0]) : default(User);
    }, 
    contextType: JournalApp.Infrastructure.JournalAppDbContext, 
    standAloneStateManager: False, 
    detailedErrorsEnabled: False, 
    threadSafetyChecksEnabled: True)
    .SingleOrDefault()'
2026-09-27 17:16:54.151 +03:00 [DBG] Opening connection to database 'main' on server '/Users/sgrancharov/dev/dotnet/JournalApp/JournalApp/JournalApp.Infrastructure/JournalApp.db'.
2026-09-27 17:16:54.151 +03:00 [DBG] Opened connection to database 'main' on server '/Users/sgrancharov/dev/dotnet/JournalApp/JournalApp/JournalApp.Infrastructure/JournalApp.db'.
2026-09-27 17:16:54.151 +03:00 [DBG] Creating DbCommand for 'ExecuteReader'.
2026-09-27 17:16:54.151 +03:00 [DBG] Created DbCommand for 'ExecuteReader' (0ms).
2026-09-27 17:16:54.151 +03:00 [DBG] Initialized DbCommand for 'ExecuteReader' (0ms).
2026-09-27 17:16:54.152 +03:00 [DBG] Executing DbCommand [Parameters=[@__id_0='?' (DbType = Int32)], CommandType='"Text"', CommandTimeout='30']
SELECT "u0"."Id", "u0"."Password", "u0"."UserName", "j"."Id", "j"."Content", "j"."Images", "j"."Title", "j"."UserId"
FROM (
    SELECT "u"."Id", "u"."Password", "u"."UserName"
    FROM "Users" AS "u"
    WHERE "u"."Id" = @__id_0
    LIMIT 1
) AS "u0"
LEFT JOIN "Journals" AS "j" ON "u0"."Id" = "j"."UserId"
ORDER BY "u0"."Id"
2026-09-27 17:16:54.152 +03:00 [INF] Executed DbCommand (0ms) [Parameters=[@__id_0='?' (DbType = Int32)], CommandType='"Text"', CommandTimeout='30']
SELECT "u0"."Id", "u0"."Password", "u0"."UserName", "j"."Id", "j"."Content", "j"."Images", "j"."Title", "j"."UserId"
FROM (
    SELECT "u"."Id", "u"."Password", "u"."UserName"
    FROM "Users" AS "u"
    WHERE "u"."Id" = @__id_0
    LIMIT 1
) AS "u0"
LEFT JOIN "Journals" AS "j" ON "u0"."Id" = "j"."UserId"
ORDER BY "u0"."Id"
2026-09-27 17:16:54.154 +03:00 [DBG] Closing data reader to 'main' on server '/Users/sgrancharov/dev/dotnet/JournalApp/JournalApp/JournalApp.Infrastructure/JournalApp.db'.
2026-09-27 17:16:54.154 +03:00 [DBG] A data reader for 'main' on server '/Users/sgrancharov/dev/dotnet/JournalApp/JournalApp/JournalApp.Infrastructure/JournalApp.db' is being disposed after spending 1ms reading results.
2026-09-27 17:16:54.154 +03:00 [DBG] Closing connection to database 'main' on server '/Users/sgrancharov/dev/dotnet/JournalApp/JournalApp/JournalApp.Infrastructure/JournalApp.db'.
2026-09-27 17:16:54.155 +03:00 [DBG] Closed connection to database 'main' on server '/Users/sgrancharov/dev/dotnet/JournalApp/JournalApp/JournalApp.Infrastructure/JournalApp.db' (0ms).
2026-09-27 17:16:54.155 +03:00 [DBG] An entity of type 'Journal' tracked by 'JournalAppDbContext' changed state from '"Unchanged"' to '"Modified"'. Consider using 'DbContextOptionsBuilder.EnableSensitiveDataLogging' to see key values.
2026-09-27 17:16:54.155 +03:00 [DBG] SaveChanges starting for 'JournalAppDbContext'.
2026-09-27 17:16:54.155 +03:00 [DBG] DetectChanges starting for 'JournalAppDbContext'.
2026-09-27 17:16:54.156 +03:00 [DBG] DetectChanges completed for 'JournalAppDbContext'.
2026-09-27 17:16:54.157 +03:00 [DBG] Opening connection to database 'main' on server '/Users/sgrancharov/dev/dotnet/JournalApp/JournalApp/JournalApp.Infrastructure/JournalApp.db'.
2026-09-27 17:16:54.158 +03:00 [DBG] Opened connection to database 'main' on server '/Users/sgrancharov/dev/dotnet/JournalApp/JournalApp/JournalApp.Infrastructure/JournalApp.db'.
2026-09-27 17:16:54.158 +03:00 [DBG] Creating DbCommand for 'ExecuteReader'.
2026-09-27 17:16:54.158 +03:00 [DBG] Created DbCommand for 'ExecuteReader' (0ms).
2026-09-27 17:16:54.158 +03:00 [DBG] Initialized DbCommand for 'ExecuteReader' (0ms).
2026-09-27 17:16:54.158 +03:00 [DBG] Executing DbCommand [Parameters=[@p4='?' (DbType = Int32), @p0='?' (Size = 4), @p1='?' (Size = 2), @p2='?', @p3='?' (DbType = Int32)], CommandType='"Text"', CommandTimeout='30']
UPDATE "Journals" SET "Content" = @p0, "Images" = @p1, "Title" = @p2, "UserId" = @p3
WHERE "Id" = @p4
RETURNING 1;
2026-09-27 17:16:54.158 +03:00 [INF] Executed DbCommand (0ms) [Parameters=[@p4='?' (DbType = Int32), @p0='?' (Size = 4), @p1='?' (Size = 2), @p2='?', @p3='?' (DbType = Int32)], CommandType='"Text"', CommandTimeout='30']
UPDATE "Journals" SET "Content" = @p0, "Images" = @p1, "Title" = @p2, "UserId" = @p3
WHERE "Id" = @p4
RETURNING 1;
2026-09-27 17:16:54.159 +03:00 [DBG] Closing data reader to 'main' on server '/Users/sgrancharov/dev/dotnet/JournalApp/JournalApp/JournalApp.Infrastructure/JournalApp.db'.
2026-09-27 17:16:54.159 +03:00 [DBG] A data reader for 'main' on server '/Users/sgrancharov/dev/dotnet/JournalApp/JournalApp/JournalApp.Infrastructure/JournalApp.db' is being disposed after spending 1ms reading results.
2026-09-27 17:16:54.159 +03:00 [DBG] Closing connection to database 'main' on server '/Users/sgrancharov/dev/dotnet/JournalApp/JournalApp/JournalApp.Infrastructure/JournalApp.db'.
2026-09-27 17:16:54.160 +03:00 [DBG] Closed connection to database 'main' on server '/Users/sgrancharov/dev/dotnet/JournalApp/JournalApp/JournalApp.Infrastructure/JournalApp.db' (0ms).
2026-09-27 17:16:54.160 +03:00 [DBG] An entity of type 'Journal' tracked by 'JournalAppDbContext' changed state from '"Modified"' to '"Unchanged"'. Consider using 'DbContextOptionsBuilder.EnableSensitiveDataLogging' to see key values.
2026-09-27 17:16:54.160 +03:00 [DBG] SaveChanges completed for 'JournalAppDbContext' with 1 entities written to the database.
2026-09-27 17:17:01.598 +03:00 [DBG] 'JournalAppDbContext' generated a temporary value for the property 'Journal.Id'. Consider using 'DbContextOptionsBuilder.EnableSensitiveDataLogging' to see key values.
2026-09-27 17:17:01.599 +03:00 [DBG] The navigation 'Journal.User' was detected as changed. Consider using 'DbContextOptionsBuilder.EnableSensitiveDataLogging' to see key values.
2026-09-27 17:17:01.599 +03:00 [DBG] Context 'JournalAppDbContext' started tracking 'Journal' entity. Consider using 'DbContextOptionsBuilder.EnableSensitiveDataLogging' to see key values.
2026-09-27 17:17:01.599 +03:00 [DBG] SaveChanges starting for 'JournalAppDbContext'.
2026-09-27 17:17:01.599 +03:00 [DBG] DetectChanges starting for 'JournalAppDbContext'.
2026-09-27 17:17:01.599 +03:00 [DBG] DetectChanges completed for 'JournalAppDbContext'.
2026-09-27 17:17:01.600 +03:00 [DBG] Opening connection to database 'main' on server '/Users/sgrancharov/dev/dotnet/JournalApp/JournalApp/JournalApp.Infrastructure/JournalApp.db'.
2026-09-27 17:17:01.600 +03:00 [DBG] Opened connection to database 'main' on server '/Users/sgrancharov/dev/dotnet/JournalApp/JournalApp/JournalApp.Infrastructure/JournalApp.db'.
2026-09-27 17:17:01.600 +03:00 [DBG] Creating DbCommand for 'ExecuteReader'.
2026-09-27 17:17:01.600 +03:00 [DBG] Created DbCommand for 'ExecuteReader' (0ms).
2026-09-27 17:17:01.600 +03:00 [DBG] Initialized DbCommand for 'ExecuteReader' (0ms).
2026-09-27 17:17:01.600 +03:00 [DBG] Executing DbCommand [Parameters=[@p0='?' (Size = 4), @p1='?' (Size = 2), @p2='?' (Size = 6), @p3='?' (DbType = Int32)], CommandType='"Text"', CommandTimeout='30']
INSERT INTO "Journals" ("Content", "Images", "Title", "UserId")
VALUES (@p0, @p1, @p2, @p3)
RETURNING "Id";
2026-09-27 17:17:01.601 +03:00 [INF] Executed DbCommand (0ms) [Parameters=[@p0='?' (Size = 4), @p1='?' (Size = 2), @p2='?' (Size = 6), @p3='?' (DbType = Int32)], CommandType='"Text"', CommandTimeout='30']
INSERT INTO "Journals" ("Content", "Images", "Title", "UserId")
VALUES (@p0, @p1, @p2, @p3)
RETURNING "Id";
2026-09-27 17:17:01.601 +03:00 [DBG] The foreign key property 'Journal.Id' was detected as changed. Consider using 'DbContextOptionsBuilder.EnableSensitiveDataLogging' to see property values.
2026-09-27 17:17:01.602 +03:00 [DBG] Closing data reader to 'main' on server '/Users/sgrancharov/dev/dotnet/JournalApp/JournalApp/JournalApp.Infrastructure/JournalApp.db'.
2026-09-27 17:17:01.602 +03:00 [DBG] A data reader for 'main' on server '/Users/sgrancharov/dev/dotnet/JournalApp/JournalApp/JournalApp.Infrastructure/JournalApp.db' is being disposed after spending 1ms reading results.
2026-09-27 17:17:01.602 +03:00 [DBG] Closing connection to database 'main' on server '/Users/sgrancharov/dev/dotnet/JournalApp/JournalApp/JournalApp.Infrastructure/JournalApp.db'.
2026-09-27 17:17:01.602 +03:00 [DBG] Closed connection to database 'main' on server '/Users/sgrancharov/dev/dotnet/JournalApp/JournalApp/JournalApp.Infrastructure/JournalApp.db' (0ms).
2026-09-27 17:17:01.602 +03:00 [DBG] An entity of type 'Journal' tracked by 'JournalAppDbContext' changed state from '"Added"' to '"Unchanged"'. Consider using 'DbContextOptionsBuilder.EnableSensitiveDataLogging' to see key values.
2026-09-27 17:17:01.603 +03:00 [DBG] SaveChanges completed for 'JournalAppDbContext' with 1 entities written to the database.
2026-09-27 17:17:11.674 +03:00 [DBG] Opening connection to database 'main' on server '/Users/sgrancharov/dev/dotnet/JournalApp/JournalApp/JournalApp.Infrastructure/JournalApp.db'.
2026-09-27 17:17:11.674 +03:00 [DBG] Opened connection to database 'main' on server '/Users/sgrancharov/dev/dotnet/JournalApp/JournalApp/JournalApp.Infrastructure/JournalApp.db'.
2026-09-27 17:17:11.674 +03:00 [DBG] Creating DbCommand for 'ExecuteReader'.
2026-09-27 17:17:11.674 +03:00 [DBG] Created DbCommand for 'ExecuteReader' (0ms).
2026-09-27 17:17:11.674 +03:00 [DBG] Initialized DbCommand for 'ExecuteReader' (0ms).
2026-09-27 17:17:11.675 +03:00 [DBG] Executing DbCommand [Parameters=[@__id_0='?' (DbType = Int32)], CommandType='"Text"', CommandTimeout='30']
SELECT "u0"."Id", "u0"."Password", "u0"."UserName", "j"."Id", "j"."Content", "j"."Images", "j"."Title", "j"."UserId"
FROM (
    SELECT "u"."Id", "u"."Password", "u"."UserName"
    FROM "Users" AS "u"
    WHERE "u"."Id" = @__id_0
    LIMIT 1
) AS "u0"
LEFT JOIN "Journals" AS "j" ON "u0"."Id" = "j"."UserId"
ORDER BY "u0"."Id"
2026-09-27 17:17:11.675 +03:00 [INF] Executed DbCommand (0ms) [Parameters=[@__id_0='?' (DbType = Int32)], CommandType='"Text"', CommandTimeout='30']
SELECT "u0"."Id", "u0"."Password", "u0"."UserName", "j"."Id", "j"."Content", "j"."Images", "j"."Title", "j"."UserId"
FROM (
    SELECT "u"."Id", "u"."Password", "u"."UserName"
    FROM "Users" AS "u"
    WHERE "u"."Id" = @__id_0
    LIMIT 1
) AS "u0"
LEFT JOIN "Journals" AS "j" ON "u0"."Id" = "j"."UserId"
ORDER BY "u0"."Id"
2026-09-27 17:17:11.675 +03:00 [DBG] Closing data reader to 'main' on server '/Users/sgrancharov/dev/dotnet/JournalApp/JournalApp/JournalApp.Infrastructure/JournalApp.db'.
2026-09-27 17:17:11.675 +03:00 [DBG] A data reader for 'main' on server '/Users/sgrancharov/dev/dotnet/JournalApp/JournalApp/JournalApp.Infrastructure/JournalApp.db' is being disposed after spending 0ms reading results.
2026-09-27 17:17:11.675 +03:00 [DBG] Closing connection to database 'main' on server '/Users/sgrancharov/dev/dotnet/JournalApp/JournalApp/JournalApp.Infrastructure/JournalApp.db'.
2026-09-27 17:17:11.676 +03:00 [DBG] Closed connection to database 'main' on server '/Users/sgrancharov/dev/dotnet/JournalApp/JournalApp/JournalApp.Infrastructure/JournalApp.db' (0ms).
2026-09-27 17:17:11.676 +03:00 [DBG] An entity of type 'Journal' tracked by 'JournalAppDbContext' changed state from '"Unchanged"' to '"Modified"'. Consider using 'DbContextOptionsBuilder.EnableSensitiveDataLogging' to see key values.
2026-09-27 17:17:11.676 +03:00 [DBG] SaveChanges starting for 'JournalAppDbContext'.
2026-09-27 17:17:11.676 +03:00 [DBG] DetectChanges starting for 'JournalAppDbContext'.
2026-09-27 17:17:11.676 +03:00 [DBG] DetectChanges completed for 'JournalAppDbContext'.
2026-09-27 17:17:11.677 +03:00 [DBG] Opening connection to database 'main' on server '/Users/sgrancharov/dev/dotnet/JournalApp/JournalApp/JournalApp.Infrastructure/JournalApp.db'.
2026-09-27 17:17:11.677 +03:00 [DBG] Opened connection to database 'main' on server '/Users/sgrancharov/dev/dotnet/JournalApp/JournalApp/JournalApp.Infrastructure/JournalApp.db'.
2026-09-27 17:17:11.677 +03:00 [DBG] Creating DbCommand for 'ExecuteReader'.
2026-09-27 17:17:11.677 +03:00 [DBG] Created DbCommand for 'ExecuteReader' (0ms).
2026-09-27 17:17:11.677 +03:00 [DBG] Initialized DbCommand for 'ExecuteReader' (0ms).
2026-09-27 17:17:11.677 +03:00 [DBG] Executing DbCommand [Parameters=[@p4='?' (DbType = Int32), @p0='?' (Size = 6), @p1='?' (Size = 2), @p2='?', @p3='?' (DbType = Int32)], CommandType='"Text"', CommandTimeout='30']
UPDATE "Journals" SET "Content" = @p0, "Images" = @p1, "Title" = @p2, "UserId" = @p3
WHERE "Id" = @p4
RETURNING 1;
2026-09-27 17:17:11.677 +03:00 [INF] Executed DbCommand (0ms) [Parameters=[@p4='?' (DbType = Int32), @p0='?' (Size = 6), @p1='?' (Size = 2), @p2='?', @p3='?' (DbType = Int32)], CommandType='"Text"', CommandTimeout='30']
UPDATE "Journals" SET "Content" = @p0, "Images" = @p1, "Title" = @p2, "UserId" = @p3
WHERE "Id" = @p4
RETURNING 1;
2026-09-27 17:17:11.678 +03:00 [DBG] Closing data reader to 'main' on server '/Users/sgrancharov/dev/dotnet/JournalApp/JournalApp/JournalApp.Infrastructure/JournalApp.db'.
2026-09-27 17:17:11.678 +03:00 [DBG] A data reader for 'main' on server '/Users/sgrancharov/dev/dotnet/JournalApp/JournalApp/JournalApp.Infrastructure/JournalApp.db' is being disposed after spending 0ms reading results.
2026-09-27 17:17:11.678 +03:00 [DBG] Closing connection to database 'main' on server '/Users/sgrancharov/dev/dotnet/JournalApp/JournalApp/JournalApp.Infrastructure/JournalApp.db'.
2026-09-27 17:17:11.679 +03:00 [DBG] Closed connection to database 'main' on server '/Users/sgrancharov/dev/dotnet/JournalApp/JournalApp/JournalApp.Infrastructure/JournalApp.db' (0ms).
2026-09-27 17:17:11.679 +03:00 [DBG] An entity of type 'Journal' tracked by 'JournalAppDbContext' changed state from '"Modified"' to '"Unchanged"'. Consider using 'DbContextOptionsBuilder.EnableSensitiveDataLogging' to see key values.
2026-09-27 17:17:11.679 +03:00 [DBG] SaveChanges completed for 'JournalAppDbContext' with 1 entities written to the database.
2026-09-27 17:18:29.393 +03:00 [WRN] You do not have a valid license key for the Lucky Penny software AutoMapper. This is allowed for development and testing scenarios. If you are running in production you are required to have a licensed version. Please visit https://luckypennysoftware.com to obtain a valid license.
2026-09-27 17:18:35.903 +03:00 [DBG] An 'IServiceProvider' was created for internal use by Entity Framework.
2026-09-27 17:18:36.136 +03:00 [DBG] Entity Framework Core 9.0.7 initialized 'JournalAppDbContext' using provider 'Microsoft.EntityFrameworkCore.Sqlite:9.0.7' with options: None
2026-09-27 17:18:36.160 +03:00 [DBG] Compiling query expression: 
'DbSet<User>()
    .Include(u => u.Journals)
    .FirstOrDefault(u => u.UserName == __userName_0)'
2026-09-27 17:18:36.182 +03:00 [DBG] Including navigation: 'User.Journals'.
2026-09-27 17:18:36.293 +03:00 [DBG] Generated query execution expression: 
'queryContext => ShapedQueryCompilingExpressionVisitor.SingleOrDefaultAsync<User>(
    asyncEnumerable: SingleQueryingEnumerable.Create<User>(
        relationalQueryContext: (RelationalQueryContext)queryContext, 
        relationalCommandResolver: parameters => [LIFTABLE Constant: RelationalCommandCache.QueryExpression(
            Client Projections:
                0 -> Dictionary<IProperty, int> { [Property: User.Id (int) Required PK AfterSave:Throw ValueGenerated.OnAdd, 0], [Property: User.Password (string) Required, 1], [Property: User.UserName (string) Required, 2] }
                1 -> 0
                2 -> Dictionary<IProperty, int> { [Property: Journal.Id (int) Required PK AfterSave:Throw ValueGenerated.OnAdd, 3], [Property: Journal.Content (string) Required, 4], [Property: Journal.Images (List<string>) Required Element type: string Required, 5], [Property: Journal.Title (string) Required, 6], [Property: Journal.UserId (int) Required FK Index, 7] }
                3 -> 3
            SELECT u0.Id, u0.Password, u0.UserName, j.Id, j.Content, j.Images, j.Title, j.UserId
            FROM 
            (
                SELECT TOP(1) u.Id, u.Password, u.UserName
                FROM Users AS u
                WHERE u.UserName == @__userName_0
            ) AS u0
            LEFT JOIN Journals AS j ON u0.Id == j.UserId
            ORDER BY u0.Id ASC) | Resolver: c => new RelationalCommandCache(
            c.Dependencies.MemoryCache, 
            c.RelationalDependencies.QuerySqlGeneratorFactory, 
            c.RelationalDependencies.RelationalParameterBasedSqlProcessorFactory, 
            Client Projections:
                0 -> Dictionary<IProperty, int> { [Property: User.Id (int) Required PK AfterSave:Throw ValueGenerated.OnAdd, 0], [Property: User.Password (string) Required, 1], [Property: User.UserName (string) Required, 2] }
                1 -> 0
                2 -> Dictionary<IProperty, int> { [Property: Journal.Id (int) Required PK AfterSave:Throw ValueGenerated.OnAdd, 3], [Property: Journal.Content (string) Required, 4], [Property: Journal.Images (List<string>) Required Element type: string Required, 5], [Property: Journal.Title (string) Required, 6], [Property: Journal.UserId (int) Required FK Index, 7] }
                3 -> 3
            SELECT u0.Id, u0.Password, u0.UserName, j.Id, j.Content, j.Images, j.Title, j.UserId
            FROM 
            (
                SELECT TOP(1) u.Id, u.Password, u.UserName
                FROM Users AS u
                WHERE u.UserName == @__userName_0
            ) AS u0
            LEFT JOIN Journals AS j ON u0.Id == j.UserId
            ORDER BY u0.Id ASC, 
            False, 
            new HashSet<string>(
                new string[]{ }, 
                StringComparer.Ordinal
            )
        )].GetRelationalCommandTemplate(parameters), 
        readerColumns: null, 
        shaper: (queryContext, dataReader, resultContext, resultCoordinator) => 
        {
            resultContext.Values == null ? 
            {
                User entity;
                entity = 
                {
                    MaterializationContext materializationContext1;
                    IEntityType entityType1;
                    User instance1;
                    InternalEntityEntry entry1;
                    bool hasNullKey1;
                    materializationContext1 = new MaterializationContext(
                        [LIFTABLE Constant: ValueBuffer | Resolver: _ => (object)ValueBuffer.Empty], 
                        queryContext.Context
                    );
                    instance1 = default(User);
                    entry1 = queryContext.TryGetEntry(
                        key: [LIFTABLE Constant: Key: User.Id PK | Resolver: c => c.Dependencies.Model.FindEntityType("JournalApp.Domain.User.User").FindPrimaryKey()], 
                        keyValues: new object[]{ (object)dataReader.GetInt32(0) }, 
                        throwOnNullKey: True, 
                        hasNullKey: hasNullKey1);
                    !(hasNullKey1) ? entry1 != default(InternalEntityEntry) ? 
                    {
                        entityType1 = entry1.EntityType;
                        return instance1 = (User)entry1.Entity;
                    } : 
                    {
                        ISnapshot shadowSnapshot1;
                        shadowSnapshot1 = [LIFTABLE Constant: Snapshot | Resolver: _ => Snapshot.Empty];
                        entityType1 = [LIFTABLE Constant: EntityType: User | Resolver: namelessParameter{0} => namelessParameter{0}.Dependencies.Model.FindEntityType("JournalApp.Domain.User.User")];
                        instance1 = switch (entityType1)
                        {
                            case [LIFTABLE Constant: EntityType: User | Resolver: namelessParameter{1} => namelessParameter{1}.Dependencies.Model.FindEntityType("JournalApp.Domain.User.User")]: 
                                {
                                    return 
                                    {
                                        User instance;
                                        instance = new User();
                                        instance.<Id>k__BackingField = dataReader.GetInt32(0);
                                        instance.<Password>k__BackingField = dataReader.GetString(1);
                                        instance.<UserName>k__BackingField = dataReader.GetString(2);
                                        (instance is IInjectableService) ? ((IInjectableService)instance).Injected(
                                            context: materializationContext1.Context, 
                                            entity: instance, 
                                            queryTrackingBehavior: TrackAll, 
                                            structuralType: [LIFTABLE Constant: EntityType: User | Resolver: namelessParameter{2} => namelessParameter{2}.Dependencies.Model.FindEntityType("JournalApp.Domain.User.User")]) : default(void);
                                        return instance;
                                    }}
                            default: 
                                default(User)
                        }
                        ;
                        entry1 = entityType1 == default(IEntityType) ? default(InternalEntityEntry) : queryContext.StartTracking(
                            entityType: entityType1, 
                            entity: instance1, 
                            snapshot: shadowSnapshot1);
                        return instance1;
                    } : default(void);
                    return instance1;
                };
                resultContext.Values = new object[]{ entity };
                ShaperProcessingExpressionVisitor.InitializeIncludeCollection<User, User>(
                    collectionId: 0, 
                    queryContext: queryContext, 
                    dbDataReader: dataReader, 
                    resultCoordinator: resultCoordinator, 
                    entity: (User)(resultContext.Values[0]), 
                    parentIdentifier: [LIFTABLE Constant: Func<QueryContext, DbDataReader, object[]> | Resolver: _ => (queryContext, dataReader) => new object[]{ (object)(int?)dataReader.GetInt32(0) }], 
                    outerIdentifier: [LIFTABLE Constant: Func<QueryContext, DbDataReader, object[]> | Resolver: _ => (queryContext, dataReader) => new object[]{ (object)(int?)dataReader.GetInt32(0) }], 
                    navigation: [LIFTABLE Constant: Navigation: User.Journals (List<Journal>) Collection ToDependent Journal Inverse: User | Resolver: namelessParameter{3} => namelessParameter{3}.Dependencies.Model.FindEntityType("JournalApp.Domain.User.User").FindNavigation("Journals")], 
                    clrCollectionAccessor: [LIFTABLE Constant: ClrICollectionAccessor<User, List<Journal>, Journal> | Resolver: namelessParameter{4} => namelessParameter{4}.Dependencies.Model.FindEntityType("JournalApp.Domain.User.User").FindNavigation("Journals").GetCollectionAccessor()], 
                    trackingQuery: True, 
                    setLoaded: True);
            } : default(void);
            ShaperProcessingExpressionVisitor.PopulateIncludeCollection<User, Journal>(
                collectionId: 0, 
                queryContext: queryContext, 
                dbDataReader: dataReader, 
                resultCoordinator: resultCoordinator, 
                parentIdentifier: [LIFTABLE Constant: Func<QueryContext, DbDataReader, object[]> | Resolver: _ => (queryContext, dataReader) => new object[]{ (object)(int?)dataReader.GetInt32(0) }], 
                outerIdentifier: [LIFTABLE Constant: Func<QueryContext, DbDataReader, object[]> | Resolver: _ => (queryContext, dataReader) => new object[]{ (object)(int?)dataReader.GetInt32(0) }], 
                selfIdentifier: [LIFTABLE Constant: Func<QueryContext, DbDataReader, object[]> | Resolver: _ => (queryContext, dataReader) => new object[]{ (object)dataReader.IsDBNull(3) ? default(int?) : (int?)dataReader.GetInt32(3) }], 
                parentIdentifierValueComparers: [LIFTABLE Constant: Func<object, object, bool>[] { Func<object, object, bool> } | Resolver: _ => new Func<object, object, bool>[]{ (left, right) => left == null ? right == null : right != null && (int)left == (int)right }], 
                outerIdentifierValueComparers: [LIFTABLE Constant: Func<object, object, bool>[] { Func<object, object, bool> } | Resolver: _ => new Func<object, object, bool>[]{ (left, right) => left == null ? right == null : right != null && (int)left == (int)right }], 
                selfIdentifierValueComparers: [LIFTABLE Constant: Func<object, object, bool>[] { Func<object, object, bool> } | Resolver: _ => new Func<object, object, bool>[]{ (left, right) => left == null ? right == null : right != null && (int)left == (int)right }], 
                innerShaper: (queryContext, dataReader, resultContext, resultCoordinator) => 
                {
                    Journal entity;
                    entity = 
                    {
                        MaterializationContext materializationContext2;
                        IEntityType entityType2;
                        Journal instance2;
                        InternalEntityEntry entry2;
                        bool hasNullKey2;
                        materializationContext2 = new MaterializationContext(
                            [LIFTABLE Constant: ValueBuffer | Resolver: _ => (object)ValueBuffer.Empty], 
                            queryContext.Context
                        );
                        instance2 = default(Journal);
                        entry2 = queryContext.TryGetEntry(
                            key: [LIFTABLE Constant: Key: Journal.Id PK | Resolver: c => c.Dependencies.Model.FindEntityType("JournalApp.Domain.Journal.Journal").FindPrimaryKey()], 
                            keyValues: new object[]{ dataReader.IsDBNull(3) ? default(object) : (object)dataReader.GetInt32(3) }, 
                            throwOnNullKey: False, 
                            hasNullKey: hasNullKey2);
                        !(hasNullKey2) ? entry2 != default(InternalEntityEntry) ? 
                        {
                            entityType2 = entry2.EntityType;
                            return instance2 = (Journal)entry2.Entity;
                        } : 
                        {
                            ISnapshot shadowSnapshot2;
                            shadowSnapshot2 = [LIFTABLE Constant: Snapshot | Resolver: _ => Snapshot.Empty];
                            entityType2 = [LIFTABLE Constant: EntityType: Journal | Resolver: namelessParameter{5} => namelessParameter{5}.Dependencies.Model.FindEntityType("JournalApp.Domain.Journal.Journal")];
                            instance2 = switch (entityType2)
                            {
                                case [LIFTABLE Constant: EntityType: Journal | Resolver: namelessParameter{6} => namelessParameter{6}.Dependencies.Model.FindEntityType("JournalApp.Domain.Journal.Journal")]: 
                                    {
                                        return 
                                        {
                                            Journal instance;
                                            instance = new Journal();
                                            instance.<Id>k__BackingField = dataReader.IsDBNull(3) ? default(int) : dataReader.GetInt32(3);
                                            instance.<Content>k__BackingField = dataReader.IsDBNull(4) ? default(string) : dataReader.GetString(4);
                                            {
                                                List<string> namelessParameter{7};
                                                namelessParameter{7} = instance.<Images>k__BackingField;
                                                namelessParameter{7} == null || dataReader.IsDBNull(5) ? default(List<string>) : (List<string>)Invoke(((CollectionToJsonStringConverter<string>)((IReadOnlyProperty)[LIFTABLE Constant: Property: Journal.Images (List<string>) Required Element type: string Required | Resolver: namelessParameter{8} => namelessParameter{8}.Dependencies.Model.FindEntityType("JournalApp.Domain.Journal.Journal").FindProperty("Images")]).GetTypeMapping().Converter).ConvertFromProviderTyped, dataReader.GetString(5)) == null || namelessParameter{7}.IsReadOnly ? instance.<Images>k__BackingField = dataReader.IsDBNull(5) ? default(List<string>) : (List<string>)Invoke(((CollectionToJsonStringConverter<string>)((IReadOnlyProperty)[LIFTABLE Constant: Property: Journal.Images (List<string>) Required Element type: string Required | Resolver: namelessParameter{9} => namelessParameter{9}.Dependencies.Model.FindEntityType("JournalApp.Domain.Journal.Journal").FindProperty("Images")]).GetTypeMapping().Converter).ConvertFromProviderTyped, dataReader.GetString(5)) : EntityMaterializerSource.PopulateList<string>(
                                                    buffer: dataReader.IsDBNull(5) ? default(List<string>) : (List<string>)Invoke(((CollectionToJsonStringConverter<string>)((IReadOnlyProperty)[LIFTABLE Constant: Property: Journal.Images (List<string>) Required Element type: string Required | Resolver: namelessParameter{10} => namelessParameter{10}.Dependencies.Model.FindEntityType("JournalApp.Domain.Journal.Journal").FindProperty("Images")]).GetTypeMapping().Converter).ConvertFromProviderTyped, dataReader.GetString(5)), 
                                                    target: namelessParameter{7});
                                            }instance.<Title>k__BackingField = dataReader.IsDBNull(6) ? default(string) : dataReader.GetString(6);
                                            instance.<UserId>k__BackingField = dataReader.IsDBNull(7) ? default(int) : dataReader.GetInt32(7);
                                            (instance is IInjectableService) ? ((IInjectableService)instance).Injected(
                                                context: materializationContext2.Context, 
                                                entity: instance, 
                                                queryTrackingBehavior: TrackAll, 
                                                structuralType: [LIFTABLE Constant: EntityType: Journal | Resolver: namelessParameter{11} => namelessParameter{11}.Dependencies.Model.FindEntityType("JournalApp.Domain.Journal.Journal")]) : default(void);
                                            return instance;
                                        }}
                                default: 
                                    default(Journal)
                            }
                            ;
                            entry2 = entityType2 == default(IEntityType) ? default(InternalEntityEntry) : queryContext.StartTracking(
                                entityType: entityType2, 
                                entity: instance2, 
                                snapshot: shadowSnapshot2);
                            return instance2;
                        } : default(void);
                        return instance2;
                    };
                    return entity;
                }, 
                inverseNavigation: [LIFTABLE Constant: Navigation: Journal.User (User) ToPrincipal User Inverse: Journals | Resolver: namelessParameter{12} => namelessParameter{12}.Dependencies.Model.FindEntityType("JournalApp.Domain.Journal.Journal").FindNavigation("User")], 
                fixup: (namelessParameter{13}, namelessParameter{14}) => 
                {
                    [LIFTABLE Constant: ClrICollectionAccessor<User, List<Journal>, Journal> | Resolver: namelessParameter{15} => namelessParameter{15}.Dependencies.Model.FindEntityType("JournalApp.Domain.User.User").FindNavigation("Journals").GetCollectionAccessor()].Add(
                        entity: namelessParameter{13}, 
                        value: namelessParameter{14}, 
                        forMaterialization: True);
                    return namelessParameter{14}.<User>k__BackingField = namelessParameter{13};
                }, 
                trackingQuery: True);
            return IsTrue(resultCoordinator.ResultReady)
             ? (User)(resultContext.Values[0]) : default(User);
        }, 
        contextType: JournalApp.Infrastructure.JournalAppDbContext, 
        standAloneStateManager: False, 
        detailedErrorsEnabled: False, 
        threadSafetyChecksEnabled: True), 
    cancellationToken: queryContext.CancellationToken)'
2026-09-27 17:18:36.307 +03:00 [DBG] Creating DbConnection.
2026-09-27 17:18:36.312 +03:00 [DBG] Created DbConnection. (3ms).
2026-09-27 17:18:36.314 +03:00 [DBG] Opening connection to database 'main' on server '/Users/sgrancharov/dev/dotnet/JournalApp/JournalApp/JournalApp.Infrastructure/JournalApp.db'.
2026-09-27 17:18:36.319 +03:00 [DBG] Opened connection to database 'main' on server '/Users/sgrancharov/dev/dotnet/JournalApp/JournalApp/JournalApp.Infrastructure/JournalApp.db'.
2026-09-27 17:18:36.320 +03:00 [DBG] Creating DbCommand for 'ExecuteReader'.
2026-09-27 17:18:36.323 +03:00 [DBG] Created DbCommand for 'ExecuteReader' (1ms).
2026-09-27 17:18:36.324 +03:00 [DBG] Initialized DbCommand for 'ExecuteReader' (3ms).
2026-09-27 17:18:36.327 +03:00 [DBG] Executing DbCommand [Parameters=[@__userName_0='?' (Size = 7)], CommandType='"Text"', CommandTimeout='30']
SELECT "u0"."Id", "u0"."Password", "u0"."UserName", "j"."Id", "j"."Content", "j"."Images", "j"."Title", "j"."UserId"
FROM (
    SELECT "u"."Id", "u"."Password", "u"."UserName"
    FROM "Users" AS "u"
    WHERE "u"."UserName" = @__userName_0
    LIMIT 1
) AS "u0"
LEFT JOIN "Journals" AS "j" ON "u0"."Id" = "j"."UserId"
ORDER BY "u0"."Id"
2026-09-27 17:18:36.338 +03:00 [INF] Executed DbCommand (8ms) [Parameters=[@__userName_0='?' (Size = 7)], CommandType='"Text"', CommandTimeout='30']
SELECT "u0"."Id", "u0"."Password", "u0"."UserName", "j"."Id", "j"."Content", "j"."Images", "j"."Title", "j"."UserId"
FROM (
    SELECT "u"."Id", "u"."Password", "u"."UserName"
    FROM "Users" AS "u"
    WHERE "u"."UserName" = @__userName_0
    LIMIT 1
) AS "u0"
LEFT JOIN "Journals" AS "j" ON "u0"."Id" = "j"."UserId"
ORDER BY "u0"."Id"
2026-09-27 17:18:36.351 +03:00 [DBG] Context 'JournalAppDbContext' started tracking 'User' entity. Consider using 'DbContextOptionsBuilder.EnableSensitiveDataLogging' to see key values.
2026-09-27 17:18:36.364 +03:00 [DBG] Context 'JournalAppDbContext' started tracking 'Journal' entity. Consider using 'DbContextOptionsBuilder.EnableSensitiveDataLogging' to see key values.
2026-09-27 17:18:36.368 +03:00 [DBG] Context 'JournalAppDbContext' started tracking 'Journal' entity. Consider using 'DbContextOptionsBuilder.EnableSensitiveDataLogging' to see key values.
2026-09-27 17:18:36.368 +03:00 [DBG] Context 'JournalAppDbContext' started tracking 'Journal' entity. Consider using 'DbContextOptionsBuilder.EnableSensitiveDataLogging' to see key values.
2026-09-27 17:18:36.368 +03:00 [DBG] Context 'JournalAppDbContext' started tracking 'Journal' entity. Consider using 'DbContextOptionsBuilder.EnableSensitiveDataLogging' to see key values.
2026-09-27 17:18:36.369 +03:00 [DBG] Context 'JournalAppDbContext' started tracking 'Journal' entity. Consider using 'DbContextOptionsBuilder.EnableSensitiveDataLogging' to see key values.
2026-09-27 17:18:36.370 +03:00 [DBG] Closing data reader to 'main' on server '/Users/sgrancharov/dev/dotnet/JournalApp/JournalApp/JournalApp.Infrastructure/JournalApp.db'.
2026-09-27 17:18:36.373 +03:00 [DBG] A data reader for 'main' on server '/Users/sgrancharov/dev/dotnet/JournalApp/JournalApp/JournalApp.Infrastructure/JournalApp.db' is being disposed after spending 32ms reading results.
2026-09-27 17:18:36.374 +03:00 [DBG] Closing connection to database 'main' on server '/Users/sgrancharov/dev/dotnet/JournalApp/JournalApp/JournalApp.Infrastructure/JournalApp.db'.
2026-09-27 17:18:36.375 +03:00 [DBG] Closed connection to database 'main' on server '/Users/sgrancharov/dev/dotnet/JournalApp/JournalApp/JournalApp.Infrastructure/JournalApp.db' (1ms).
2026-09-27 17:18:44.191 +03:00 [DBG] Compiling query expression: 
'DbSet<User>()
    .Include(u => u.Journals)
    .FirstOrDefault(u => u.Id == __id_0)'
2026-09-27 17:18:44.192 +03:00 [DBG] Including navigation: 'User.Journals'.
2026-09-27 17:18:44.204 +03:00 [DBG] Generated query execution expression: 
'queryContext => SingleQueryingEnumerable.Create<User>(
    relationalQueryContext: (RelationalQueryContext)queryContext, 
    relationalCommandResolver: parameters => [LIFTABLE Constant: RelationalCommandCache.QueryExpression(
        Client Projections:
            0 -> Dictionary<IProperty, int> { [Property: User.Id (int) Required PK AfterSave:Throw ValueGenerated.OnAdd, 0], [Property: User.Password (string) Required, 1], [Property: User.UserName (string) Required, 2] }
            1 -> 0
            2 -> Dictionary<IProperty, int> { [Property: Journal.Id (int) Required PK AfterSave:Throw ValueGenerated.OnAdd, 3], [Property: Journal.Content (string) Required, 4], [Property: Journal.Images (List<string>) Required Element type: string Required, 5], [Property: Journal.Title (string) Required, 6], [Property: Journal.UserId (int) Required FK Index, 7] }
            3 -> 3
        SELECT u0.Id, u0.Password, u0.UserName, j.Id, j.Content, j.Images, j.Title, j.UserId
        FROM 
        (
            SELECT TOP(1) u.Id, u.Password, u.UserName
            FROM Users AS u
            WHERE u.Id == @__id_0
        ) AS u0
        LEFT JOIN Journals AS j ON u0.Id == j.UserId
        ORDER BY u0.Id ASC) | Resolver: c => new RelationalCommandCache(
        c.Dependencies.MemoryCache, 
        c.RelationalDependencies.QuerySqlGeneratorFactory, 
        c.RelationalDependencies.RelationalParameterBasedSqlProcessorFactory, 
        Client Projections:
            0 -> Dictionary<IProperty, int> { [Property: User.Id (int) Required PK AfterSave:Throw ValueGenerated.OnAdd, 0], [Property: User.Password (string) Required, 1], [Property: User.UserName (string) Required, 2] }
            1 -> 0
            2 -> Dictionary<IProperty, int> { [Property: Journal.Id (int) Required PK AfterSave:Throw ValueGenerated.OnAdd, 3], [Property: Journal.Content (string) Required, 4], [Property: Journal.Images (List<string>) Required Element type: string Required, 5], [Property: Journal.Title (string) Required, 6], [Property: Journal.UserId (int) Required FK Index, 7] }
            3 -> 3
        SELECT u0.Id, u0.Password, u0.UserName, j.Id, j.Content, j.Images, j.Title, j.UserId
        FROM 
        (
            SELECT TOP(1) u.Id, u.Password, u.UserName
            FROM Users AS u
            WHERE u.Id == @__id_0
        ) AS u0
        LEFT JOIN Journals AS j ON u0.Id == j.UserId
        ORDER BY u0.Id ASC, 
        False, 
        new HashSet<string>(
            new string[]{ }, 
            StringComparer.Ordinal
        )
    )].GetRelationalCommandTemplate(parameters), 
    readerColumns: null, 
    shaper: (queryContext, dataReader, resultContext, resultCoordinator) => 
    {
        resultContext.Values == null ? 
        {
            User entity;
            entity = 
            {
                MaterializationContext materializationContext1;
                IEntityType entityType1;
                User instance1;
                InternalEntityEntry entry1;
                bool hasNullKey1;
                materializationContext1 = new MaterializationContext(
                    [LIFTABLE Constant: ValueBuffer | Resolver: _ => (object)ValueBuffer.Empty], 
                    queryContext.Context
                );
                instance1 = default(User);
                entry1 = queryContext.TryGetEntry(
                    key: [LIFTABLE Constant: Key: User.Id PK | Resolver: c => c.Dependencies.Model.FindEntityType("JournalApp.Domain.User.User").FindPrimaryKey()], 
                    keyValues: new object[]{ (object)dataReader.GetInt32(0) }, 
                    throwOnNullKey: True, 
                    hasNullKey: hasNullKey1);
                !(hasNullKey1) ? entry1 != default(InternalEntityEntry) ? 
                {
                    entityType1 = entry1.EntityType;
                    return instance1 = (User)entry1.Entity;
                } : 
                {
                    ISnapshot shadowSnapshot1;
                    shadowSnapshot1 = [LIFTABLE Constant: Snapshot | Resolver: _ => Snapshot.Empty];
                    entityType1 = [LIFTABLE Constant: EntityType: User | Resolver: namelessParameter{0} => namelessParameter{0}.Dependencies.Model.FindEntityType("JournalApp.Domain.User.User")];
                    instance1 = switch (entityType1)
                    {
                        case [LIFTABLE Constant: EntityType: User | Resolver: namelessParameter{1} => namelessParameter{1}.Dependencies.Model.FindEntityType("JournalApp.Domain.User.User")]: 
                            {
                                return 
                                {
                                    User instance;
                                    instance = new User();
                                    instance.<Id>k__BackingField = dataReader.GetInt32(0);
                                    instance.<Password>k__BackingField = dataReader.GetString(1);
                                    instance.<UserName>k__BackingField = dataReader.GetString(2);
                                    (instance is IInjectableService) ? ((IInjectableService)instance).Injected(
                                        context: materializationContext1.Context, 
                                        entity: instance, 
                                        queryTrackingBehavior: TrackAll, 
                                        structuralType: [LIFTABLE Constant: EntityType: User | Resolver: namelessParameter{2} => namelessParameter{2}.Dependencies.Model.FindEntityType("JournalApp.Domain.User.User")]) : default(void);
                                    return instance;
                                }}
                        default: 
                            default(User)
                    }
                    ;
                    entry1 = entityType1 == default(IEntityType) ? default(InternalEntityEntry) : queryContext.StartTracking(
                        entityType: entityType1, 
                        entity: instance1, 
                        snapshot: shadowSnapshot1);
                    return instance1;
                } : default(void);
                return instance1;
            };
            resultContext.Values = new object[]{ entity };
            ShaperProcessingExpressionVisitor.InitializeIncludeCollection<User, User>(
                collectionId: 0, 
                queryContext: queryContext, 
                dbDataReader: dataReader, 
                resultCoordinator: resultCoordinator, 
                entity: (User)(resultContext.Values[0]), 
                parentIdentifier: [LIFTABLE Constant: Func<QueryContext, DbDataReader, object[]> | Resolver: _ => (queryContext, dataReader) => new object[]{ (object)(int?)dataReader.GetInt32(0) }], 
                outerIdentifier: [LIFTABLE Constant: Func<QueryContext, DbDataReader, object[]> | Resolver: _ => (queryContext, dataReader) => new object[]{ (object)(int?)dataReader.GetInt32(0) }], 
                navigation: [LIFTABLE Constant: Navigation: User.Journals (List<Journal>) Collection ToDependent Journal Inverse: User | Resolver: namelessParameter{3} => namelessParameter{3}.Dependencies.Model.FindEntityType("JournalApp.Domain.User.User").FindNavigation("Journals")], 
                clrCollectionAccessor: [LIFTABLE Constant: ClrICollectionAccessor<User, List<Journal>, Journal> | Resolver: namelessParameter{4} => namelessParameter{4}.Dependencies.Model.FindEntityType("JournalApp.Domain.User.User").FindNavigation("Journals").GetCollectionAccessor()], 
                trackingQuery: True, 
                setLoaded: True);
        } : default(void);
        ShaperProcessingExpressionVisitor.PopulateIncludeCollection<User, Journal>(
            collectionId: 0, 
            queryContext: queryContext, 
            dbDataReader: dataReader, 
            resultCoordinator: resultCoordinator, 
            parentIdentifier: [LIFTABLE Constant: Func<QueryContext, DbDataReader, object[]> | Resolver: _ => (queryContext, dataReader) => new object[]{ (object)(int?)dataReader.GetInt32(0) }], 
            outerIdentifier: [LIFTABLE Constant: Func<QueryContext, DbDataReader, object[]> | Resolver: _ => (queryContext, dataReader) => new object[]{ (object)(int?)dataReader.GetInt32(0) }], 
            selfIdentifier: [LIFTABLE Constant: Func<QueryContext, DbDataReader, object[]> | Resolver: _ => (queryContext, dataReader) => new object[]{ (object)dataReader.IsDBNull(3) ? default(int?) : (int?)dataReader.GetInt32(3) }], 
            parentIdentifierValueComparers: [LIFTABLE Constant: Func<object, object, bool>[] { Func<object, object, bool> } | Resolver: _ => new Func<object, object, bool>[]{ (left, right) => left == null ? right == null : right != null && (int)left == (int)right }], 
            outerIdentifierValueComparers: [LIFTABLE Constant: Func<object, object, bool>[] { Func<object, object, bool> } | Resolver: _ => new Func<object, object, bool>[]{ (left, right) => left == null ? right == null : right != null && (int)left == (int)right }], 
            selfIdentifierValueComparers: [LIFTABLE Constant: Func<object, object, bool>[] { Func<object, object, bool> } | Resolver: _ => new Func<object, object, bool>[]{ (left, right) => left == null ? right == null : right != null && (int)left == (int)right }], 
            innerShaper: (queryContext, dataReader, resultContext, resultCoordinator) => 
            {
                Journal entity;
                entity = 
                {
                    MaterializationContext materializationContext2;
                    IEntityType entityType2;
                    Journal instance2;
                    InternalEntityEntry entry2;
                    bool hasNullKey2;
                    materializationContext2 = new MaterializationContext(
                        [LIFTABLE Constant: ValueBuffer | Resolver: _ => (object)ValueBuffer.Empty], 
                        queryContext.Context
                    );
                    instance2 = default(Journal);
                    entry2 = queryContext.TryGetEntry(
                        key: [LIFTABLE Constant: Key: Journal.Id PK | Resolver: c => c.Dependencies.Model.FindEntityType("JournalApp.Domain.Journal.Journal").FindPrimaryKey()], 
                        keyValues: new object[]{ dataReader.IsDBNull(3) ? default(object) : (object)dataReader.GetInt32(3) }, 
                        throwOnNullKey: False, 
                        hasNullKey: hasNullKey2);
                    !(hasNullKey2) ? entry2 != default(InternalEntityEntry) ? 
                    {
                        entityType2 = entry2.EntityType;
                        return instance2 = (Journal)entry2.Entity;
                    } : 
                    {
                        ISnapshot shadowSnapshot2;
                        shadowSnapshot2 = [LIFTABLE Constant: Snapshot | Resolver: _ => Snapshot.Empty];
                        entityType2 = [LIFTABLE Constant: EntityType: Journal | Resolver: namelessParameter{5} => namelessParameter{5}.Dependencies.Model.FindEntityType("JournalApp.Domain.Journal.Journal")];
                        instance2 = switch (entityType2)
                        {
                            case [LIFTABLE Constant: EntityType: Journal | Resolver: namelessParameter{6} => namelessParameter{6}.Dependencies.Model.FindEntityType("JournalApp.Domain.Journal.Journal")]: 
                                {
                                    return 
                                    {
                                        Journal instance;
                                        instance = new Journal();
                                        instance.<Id>k__BackingField = dataReader.IsDBNull(3) ? default(int) : dataReader.GetInt32(3);
                                        instance.<Content>k__BackingField = dataReader.IsDBNull(4) ? default(string) : dataReader.GetString(4);
                                        {
                                            List<string> namelessParameter{7};
                                            namelessParameter{7} = instance.<Images>k__BackingField;
                                            namelessParameter{7} == null || dataReader.IsDBNull(5) ? default(List<string>) : (List<string>)Invoke(((CollectionToJsonStringConverter<string>)((IReadOnlyProperty)[LIFTABLE Constant: Property: Journal.Images (List<string>) Required Element type: string Required | Resolver: namelessParameter{8} => namelessParameter{8}.Dependencies.Model.FindEntityType("JournalApp.Domain.Journal.Journal").FindProperty("Images")]).GetTypeMapping().Converter).ConvertFromProviderTyped, dataReader.GetString(5)) == null || namelessParameter{7}.IsReadOnly ? instance.<Images>k__BackingField = dataReader.IsDBNull(5) ? default(List<string>) : (List<string>)Invoke(((CollectionToJsonStringConverter<string>)((IReadOnlyProperty)[LIFTABLE Constant: Property: Journal.Images (List<string>) Required Element type: string Required | Resolver: namelessParameter{9} => namelessParameter{9}.Dependencies.Model.FindEntityType("JournalApp.Domain.Journal.Journal").FindProperty("Images")]).GetTypeMapping().Converter).ConvertFromProviderTyped, dataReader.GetString(5)) : EntityMaterializerSource.PopulateList<string>(
                                                buffer: dataReader.IsDBNull(5) ? default(List<string>) : (List<string>)Invoke(((CollectionToJsonStringConverter<string>)((IReadOnlyProperty)[LIFTABLE Constant: Property: Journal.Images (List<string>) Required Element type: string Required | Resolver: namelessParameter{10} => namelessParameter{10}.Dependencies.Model.FindEntityType("JournalApp.Domain.Journal.Journal").FindProperty("Images")]).GetTypeMapping().Converter).ConvertFromProviderTyped, dataReader.GetString(5)), 
                                                target: namelessParameter{7});
                                        }instance.<Title>k__BackingField = dataReader.IsDBNull(6) ? default(string) : dataReader.GetString(6);
                                        instance.<UserId>k__BackingField = dataReader.IsDBNull(7) ? default(int) : dataReader.GetInt32(7);
                                        (instance is IInjectableService) ? ((IInjectableService)instance).Injected(
                                            context: materializationContext2.Context, 
                                            entity: instance, 
                                            queryTrackingBehavior: TrackAll, 
                                            structuralType: [LIFTABLE Constant: EntityType: Journal | Resolver: namelessParameter{11} => namelessParameter{11}.Dependencies.Model.FindEntityType("JournalApp.Domain.Journal.Journal")]) : default(void);
                                        return instance;
                                    }}
                            default: 
                                default(Journal)
                        }
                        ;
                        entry2 = entityType2 == default(IEntityType) ? default(InternalEntityEntry) : queryContext.StartTracking(
                            entityType: entityType2, 
                            entity: instance2, 
                            snapshot: shadowSnapshot2);
                        return instance2;
                    } : default(void);
                    return instance2;
                };
                return entity;
            }, 
            inverseNavigation: [LIFTABLE Constant: Navigation: Journal.User (User) ToPrincipal User Inverse: Journals | Resolver: namelessParameter{12} => namelessParameter{12}.Dependencies.Model.FindEntityType("JournalApp.Domain.Journal.Journal").FindNavigation("User")], 
            fixup: (namelessParameter{13}, namelessParameter{14}) => 
            {
                [LIFTABLE Constant: ClrICollectionAccessor<User, List<Journal>, Journal> | Resolver: namelessParameter{15} => namelessParameter{15}.Dependencies.Model.FindEntityType("JournalApp.Domain.User.User").FindNavigation("Journals").GetCollectionAccessor()].Add(
                    entity: namelessParameter{13}, 
                    value: namelessParameter{14}, 
                    forMaterialization: True);
                return namelessParameter{14}.<User>k__BackingField = namelessParameter{13};
            }, 
            trackingQuery: True);
        return IsTrue(resultCoordinator.ResultReady)
         ? (User)(resultContext.Values[0]) : default(User);
    }, 
    contextType: JournalApp.Infrastructure.JournalAppDbContext, 
    standAloneStateManager: False, 
    detailedErrorsEnabled: False, 
    threadSafetyChecksEnabled: True)
    .SingleOrDefault()'
2026-09-27 17:18:44.208 +03:00 [DBG] Opening connection to database 'main' on server '/Users/sgrancharov/dev/dotnet/JournalApp/JournalApp/JournalApp.Infrastructure/JournalApp.db'.
2026-09-27 17:18:44.209 +03:00 [DBG] Opened connection to database 'main' on server '/Users/sgrancharov/dev/dotnet/JournalApp/JournalApp/JournalApp.Infrastructure/JournalApp.db'.
2026-09-27 17:18:44.209 +03:00 [DBG] Creating DbCommand for 'ExecuteReader'.
2026-09-27 17:18:44.209 +03:00 [DBG] Created DbCommand for 'ExecuteReader' (0ms).
2026-09-27 17:18:44.209 +03:00 [DBG] Initialized DbCommand for 'ExecuteReader' (0ms).
2026-09-27 17:18:44.210 +03:00 [DBG] Executing DbCommand [Parameters=[@__id_0='?' (DbType = Int32)], CommandType='"Text"', CommandTimeout='30']
SELECT "u0"."Id", "u0"."Password", "u0"."UserName", "j"."Id", "j"."Content", "j"."Images", "j"."Title", "j"."UserId"
FROM (
    SELECT "u"."Id", "u"."Password", "u"."UserName"
    FROM "Users" AS "u"
    WHERE "u"."Id" = @__id_0
    LIMIT 1
) AS "u0"
LEFT JOIN "Journals" AS "j" ON "u0"."Id" = "j"."UserId"
ORDER BY "u0"."Id"
2026-09-27 17:18:44.211 +03:00 [INF] Executed DbCommand (1ms) [Parameters=[@__id_0='?' (DbType = Int32)], CommandType='"Text"', CommandTimeout='30']
SELECT "u0"."Id", "u0"."Password", "u0"."UserName", "j"."Id", "j"."Content", "j"."Images", "j"."Title", "j"."UserId"
FROM (
    SELECT "u"."Id", "u"."Password", "u"."UserName"
    FROM "Users" AS "u"
    WHERE "u"."Id" = @__id_0
    LIMIT 1
) AS "u0"
LEFT JOIN "Journals" AS "j" ON "u0"."Id" = "j"."UserId"
ORDER BY "u0"."Id"
2026-09-27 17:18:44.213 +03:00 [DBG] Closing data reader to 'main' on server '/Users/sgrancharov/dev/dotnet/JournalApp/JournalApp/JournalApp.Infrastructure/JournalApp.db'.
2026-09-27 17:18:44.213 +03:00 [DBG] A data reader for 'main' on server '/Users/sgrancharov/dev/dotnet/JournalApp/JournalApp/JournalApp.Infrastructure/JournalApp.db' is being disposed after spending 2ms reading results.
2026-09-27 17:18:44.213 +03:00 [DBG] Closing connection to database 'main' on server '/Users/sgrancharov/dev/dotnet/JournalApp/JournalApp/JournalApp.Infrastructure/JournalApp.db'.
2026-09-27 17:18:44.213 +03:00 [DBG] Closed connection to database 'main' on server '/Users/sgrancharov/dev/dotnet/JournalApp/JournalApp/JournalApp.Infrastructure/JournalApp.db' (0ms).
2026-09-27 17:18:44.219 +03:00 [DBG] An entity of type 'Journal' tracked by 'JournalAppDbContext' changed state from '"Unchanged"' to '"Modified"'. Consider using 'DbContextOptionsBuilder.EnableSensitiveDataLogging' to see key values.
2026-09-27 17:18:44.221 +03:00 [DBG] SaveChanges starting for 'JournalAppDbContext'.
2026-09-27 17:18:44.222 +03:00 [DBG] DetectChanges starting for 'JournalAppDbContext'.
2026-09-27 17:18:44.241 +03:00 [DBG] DetectChanges completed for 'JournalAppDbContext'.
2026-09-27 17:18:44.265 +03:00 [DBG] Opening connection to database 'main' on server '/Users/sgrancharov/dev/dotnet/JournalApp/JournalApp/JournalApp.Infrastructure/JournalApp.db'.
2026-09-27 17:18:44.265 +03:00 [DBG] Opened connection to database 'main' on server '/Users/sgrancharov/dev/dotnet/JournalApp/JournalApp/JournalApp.Infrastructure/JournalApp.db'.
2026-09-27 17:18:44.266 +03:00 [DBG] Creating DbCommand for 'ExecuteReader'.
2026-09-27 17:18:44.266 +03:00 [DBG] Created DbCommand for 'ExecuteReader' (0ms).
2026-09-27 17:18:44.268 +03:00 [DBG] Initialized DbCommand for 'ExecuteReader' (2ms).
2026-09-27 17:18:44.268 +03:00 [DBG] Executing DbCommand [Parameters=[@p4='?' (DbType = Int32), @p0='?' (Size = 13), @p1='?' (Size = 2), @p2='?', @p3='?' (DbType = Int32)], CommandType='"Text"', CommandTimeout='30']
UPDATE "Journals" SET "Content" = @p0, "Images" = @p1, "Title" = @p2, "UserId" = @p3
WHERE "Id" = @p4
RETURNING 1;
2026-09-27 17:18:44.269 +03:00 [INF] Executed DbCommand (0ms) [Parameters=[@p4='?' (DbType = Int32), @p0='?' (Size = 13), @p1='?' (Size = 2), @p2='?', @p3='?' (DbType = Int32)], CommandType='"Text"', CommandTimeout='30']
UPDATE "Journals" SET "Content" = @p0, "Images" = @p1, "Title" = @p2, "UserId" = @p3
WHERE "Id" = @p4
RETURNING 1;
2026-09-27 17:18:44.271 +03:00 [DBG] Closing data reader to 'main' on server '/Users/sgrancharov/dev/dotnet/JournalApp/JournalApp/JournalApp.Infrastructure/JournalApp.db'.
2026-09-27 17:18:44.271 +03:00 [DBG] A data reader for 'main' on server '/Users/sgrancharov/dev/dotnet/JournalApp/JournalApp/JournalApp.Infrastructure/JournalApp.db' is being disposed after spending 2ms reading results.
2026-09-27 17:18:44.271 +03:00 [DBG] Closing connection to database 'main' on server '/Users/sgrancharov/dev/dotnet/JournalApp/JournalApp/JournalApp.Infrastructure/JournalApp.db'.
2026-09-27 17:18:44.271 +03:00 [DBG] Closed connection to database 'main' on server '/Users/sgrancharov/dev/dotnet/JournalApp/JournalApp/JournalApp.Infrastructure/JournalApp.db' (0ms).
2026-09-27 17:18:44.272 +03:00 [DBG] An entity of type 'Journal' tracked by 'JournalAppDbContext' changed state from '"Modified"' to '"Unchanged"'. Consider using 'DbContextOptionsBuilder.EnableSensitiveDataLogging' to see key values.
2026-09-27 17:18:44.272 +03:00 [DBG] SaveChanges completed for 'JournalAppDbContext' with 1 entities written to the database.
2026-09-27 17:19:00.047 +03:00 [DBG] Opening connection to database 'main' on server '/Users/sgrancharov/dev/dotnet/JournalApp/JournalApp/JournalApp.Infrastructure/JournalApp.db'.
2026-09-27 17:19:00.047 +03:00 [DBG] Opened connection to database 'main' on server '/Users/sgrancharov/dev/dotnet/JournalApp/JournalApp/JournalApp.Infrastructure/JournalApp.db'.
2026-09-27 17:19:00.047 +03:00 [DBG] Creating DbCommand for 'ExecuteReader'.
2026-09-27 17:19:00.048 +03:00 [DBG] Created DbCommand for 'ExecuteReader' (0ms).
2026-09-27 17:19:00.048 +03:00 [DBG] Initialized DbCommand for 'ExecuteReader' (0ms).
2026-09-27 17:19:00.048 +03:00 [DBG] Executing DbCommand [Parameters=[@__id_0='?' (DbType = Int32)], CommandType='"Text"', CommandTimeout='30']
SELECT "u0"."Id", "u0"."Password", "u0"."UserName", "j"."Id", "j"."Content", "j"."Images", "j"."Title", "j"."UserId"
FROM (
    SELECT "u"."Id", "u"."Password", "u"."UserName"
    FROM "Users" AS "u"
    WHERE "u"."Id" = @__id_0
    LIMIT 1
) AS "u0"
LEFT JOIN "Journals" AS "j" ON "u0"."Id" = "j"."UserId"
ORDER BY "u0"."Id"
2026-09-27 17:19:00.048 +03:00 [INF] Executed DbCommand (0ms) [Parameters=[@__id_0='?' (DbType = Int32)], CommandType='"Text"', CommandTimeout='30']
SELECT "u0"."Id", "u0"."Password", "u0"."UserName", "j"."Id", "j"."Content", "j"."Images", "j"."Title", "j"."UserId"
FROM (
    SELECT "u"."Id", "u"."Password", "u"."UserName"
    FROM "Users" AS "u"
    WHERE "u"."Id" = @__id_0
    LIMIT 1
) AS "u0"
LEFT JOIN "Journals" AS "j" ON "u0"."Id" = "j"."UserId"
ORDER BY "u0"."Id"
2026-09-27 17:19:00.049 +03:00 [DBG] Closing data reader to 'main' on server '/Users/sgrancharov/dev/dotnet/JournalApp/JournalApp/JournalApp.Infrastructure/JournalApp.db'.
2026-09-27 17:19:00.049 +03:00 [DBG] A data reader for 'main' on server '/Users/sgrancharov/dev/dotnet/JournalApp/JournalApp/JournalApp.Infrastructure/JournalApp.db' is being disposed after spending 0ms reading results.
2026-09-27 17:19:00.049 +03:00 [DBG] Closing connection to database 'main' on server '/Users/sgrancharov/dev/dotnet/JournalApp/JournalApp/JournalApp.Infrastructure/JournalApp.db'.
2026-09-27 17:19:00.049 +03:00 [DBG] Closed connection to database 'main' on server '/Users/sgrancharov/dev/dotnet/JournalApp/JournalApp/JournalApp.Infrastructure/JournalApp.db' (0ms).
2026-09-27 17:19:00.049 +03:00 [DBG] An entity of type 'Journal' tracked by 'JournalAppDbContext' changed state from '"Unchanged"' to '"Modified"'. Consider using 'DbContextOptionsBuilder.EnableSensitiveDataLogging' to see key values.
2026-09-27 17:19:00.049 +03:00 [DBG] SaveChanges starting for 'JournalAppDbContext'.
2026-09-27 17:19:00.050 +03:00 [DBG] DetectChanges starting for 'JournalAppDbContext'.
2026-09-27 17:19:00.050 +03:00 [DBG] DetectChanges completed for 'JournalAppDbContext'.
2026-09-27 17:19:00.051 +03:00 [DBG] Opening connection to database 'main' on server '/Users/sgrancharov/dev/dotnet/JournalApp/JournalApp/JournalApp.Infrastructure/JournalApp.db'.
2026-09-27 17:19:00.051 +03:00 [DBG] Opened connection to database 'main' on server '/Users/sgrancharov/dev/dotnet/JournalApp/JournalApp/JournalApp.Infrastructure/JournalApp.db'.
2026-09-27 17:19:00.051 +03:00 [DBG] Creating DbCommand for 'ExecuteReader'.
2026-09-27 17:19:00.051 +03:00 [DBG] Created DbCommand for 'ExecuteReader' (0ms).
2026-09-27 17:19:00.052 +03:00 [DBG] Initialized DbCommand for 'ExecuteReader' (0ms).
2026-09-27 17:19:00.052 +03:00 [DBG] Executing DbCommand [Parameters=[@p4='?' (DbType = Int32), @p0='?' (Size = 4), @p1='?' (Size = 2), @p2='?', @p3='?' (DbType = Int32)], CommandType='"Text"', CommandTimeout='30']
UPDATE "Journals" SET "Content" = @p0, "Images" = @p1, "Title" = @p2, "UserId" = @p3
WHERE "Id" = @p4
RETURNING 1;
2026-09-27 17:19:00.052 +03:00 [INF] Executed DbCommand (0ms) [Parameters=[@p4='?' (DbType = Int32), @p0='?' (Size = 4), @p1='?' (Size = 2), @p2='?', @p3='?' (DbType = Int32)], CommandType='"Text"', CommandTimeout='30']
UPDATE "Journals" SET "Content" = @p0, "Images" = @p1, "Title" = @p2, "UserId" = @p3
WHERE "Id" = @p4
RETURNING 1;
2026-09-27 17:19:00.053 +03:00 [DBG] Closing data reader to 'main' on server '/Users/sgrancharov/dev/dotnet/JournalApp/JournalApp/JournalApp.Infrastructure/JournalApp.db'.
2026-09-27 17:19:00.053 +03:00 [DBG] A data reader for 'main' on server '/Users/sgrancharov/dev/dotnet/JournalApp/JournalApp/JournalApp.Infrastructure/JournalApp.db' is being disposed after spending 0ms reading results.
2026-09-27 17:19:00.053 +03:00 [DBG] Closing connection to database 'main' on server '/Users/sgrancharov/dev/dotnet/JournalApp/JournalApp/JournalApp.Infrastructure/JournalApp.db'.
2026-09-27 17:19:00.053 +03:00 [DBG] Closed connection to database 'main' on server '/Users/sgrancharov/dev/dotnet/JournalApp/JournalApp/JournalApp.Infrastructure/JournalApp.db' (0ms).
2026-09-27 17:19:00.054 +03:00 [DBG] An entity of type 'Journal' tracked by 'JournalAppDbContext' changed state from '"Modified"' to '"Unchanged"'. Consider using 'DbContextOptionsBuilder.EnableSensitiveDataLogging' to see key values.
2026-09-27 17:19:00.054 +03:00 [DBG] SaveChanges completed for 'JournalAppDbContext' with 1 entities written to the database.
2026-09-27 17:20:40.787 +03:00 [WRN] You do not have a valid license key for the Lucky Penny software AutoMapper. This is allowed for development and testing scenarios. If you are running in production you are required to have a licensed version. Please visit https://luckypennysoftware.com to obtain a valid license.
2026-09-27 17:20:46.998 +03:00 [DBG] An 'IServiceProvider' was created for internal use by Entity Framework.
2026-09-27 17:20:47.266 +03:00 [DBG] Entity Framework Core 9.0.7 initialized 'JournalAppDbContext' using provider 'Microsoft.EntityFrameworkCore.Sqlite:9.0.7' with options: None
2026-09-27 17:20:47.290 +03:00 [DBG] Compiling query expression: 
'DbSet<User>()
    .Include(u => u.Journals)
    .FirstOrDefault(u => u.UserName == __userName_0)'
2026-09-27 17:20:47.313 +03:00 [DBG] Including navigation: 'User.Journals'.
2026-09-27 17:20:47.429 +03:00 [DBG] Generated query execution expression: 
'queryContext => ShapedQueryCompilingExpressionVisitor.SingleOrDefaultAsync<User>(
    asyncEnumerable: SingleQueryingEnumerable.Create<User>(
        relationalQueryContext: (RelationalQueryContext)queryContext, 
        relationalCommandResolver: parameters => [LIFTABLE Constant: RelationalCommandCache.QueryExpression(
            Client Projections:
                0 -> Dictionary<IProperty, int> { [Property: User.Id (int) Required PK AfterSave:Throw ValueGenerated.OnAdd, 0], [Property: User.Password (string) Required, 1], [Property: User.UserName (string) Required, 2] }
                1 -> 0
                2 -> Dictionary<IProperty, int> { [Property: Journal.Id (int) Required PK AfterSave:Throw ValueGenerated.OnAdd, 3], [Property: Journal.Content (string) Required, 4], [Property: Journal.Images (List<string>) Required Element type: string Required, 5], [Property: Journal.Title (string) Required, 6], [Property: Journal.UserId (int) Required FK Index, 7] }
                3 -> 3
            SELECT u0.Id, u0.Password, u0.UserName, j.Id, j.Content, j.Images, j.Title, j.UserId
            FROM 
            (
                SELECT TOP(1) u.Id, u.Password, u.UserName
                FROM Users AS u
                WHERE u.UserName == @__userName_0
            ) AS u0
            LEFT JOIN Journals AS j ON u0.Id == j.UserId
            ORDER BY u0.Id ASC) | Resolver: c => new RelationalCommandCache(
            c.Dependencies.MemoryCache, 
            c.RelationalDependencies.QuerySqlGeneratorFactory, 
            c.RelationalDependencies.RelationalParameterBasedSqlProcessorFactory, 
            Client Projections:
                0 -> Dictionary<IProperty, int> { [Property: User.Id (int) Required PK AfterSave:Throw ValueGenerated.OnAdd, 0], [Property: User.Password (string) Required, 1], [Property: User.UserName (string) Required, 2] }
                1 -> 0
                2 -> Dictionary<IProperty, int> { [Property: Journal.Id (int) Required PK AfterSave:Throw ValueGenerated.OnAdd, 3], [Property: Journal.Content (string) Required, 4], [Property: Journal.Images (List<string>) Required Element type: string Required, 5], [Property: Journal.Title (string) Required, 6], [Property: Journal.UserId (int) Required FK Index, 7] }
                3 -> 3
            SELECT u0.Id, u0.Password, u0.UserName, j.Id, j.Content, j.Images, j.Title, j.UserId
            FROM 
            (
                SELECT TOP(1) u.Id, u.Password, u.UserName
                FROM Users AS u
                WHERE u.UserName == @__userName_0
            ) AS u0
            LEFT JOIN Journals AS j ON u0.Id == j.UserId
            ORDER BY u0.Id ASC, 
            False, 
            new HashSet<string>(
                new string[]{ }, 
                StringComparer.Ordinal
            )
        )].GetRelationalCommandTemplate(parameters), 
        readerColumns: null, 
        shaper: (queryContext, dataReader, resultContext, resultCoordinator) => 
        {
            resultContext.Values == null ? 
            {
                User entity;
                entity = 
                {
                    MaterializationContext materializationContext1;
                    IEntityType entityType1;
                    User instance1;
                    InternalEntityEntry entry1;
                    bool hasNullKey1;
                    materializationContext1 = new MaterializationContext(
                        [LIFTABLE Constant: ValueBuffer | Resolver: _ => (object)ValueBuffer.Empty], 
                        queryContext.Context
                    );
                    instance1 = default(User);
                    entry1 = queryContext.TryGetEntry(
                        key: [LIFTABLE Constant: Key: User.Id PK | Resolver: c => c.Dependencies.Model.FindEntityType("JournalApp.Domain.User.User").FindPrimaryKey()], 
                        keyValues: new object[]{ (object)dataReader.GetInt32(0) }, 
                        throwOnNullKey: True, 
                        hasNullKey: hasNullKey1);
                    !(hasNullKey1) ? entry1 != default(InternalEntityEntry) ? 
                    {
                        entityType1 = entry1.EntityType;
                        return instance1 = (User)entry1.Entity;
                    } : 
                    {
                        ISnapshot shadowSnapshot1;
                        shadowSnapshot1 = [LIFTABLE Constant: Snapshot | Resolver: _ => Snapshot.Empty];
                        entityType1 = [LIFTABLE Constant: EntityType: User | Resolver: namelessParameter{0} => namelessParameter{0}.Dependencies.Model.FindEntityType("JournalApp.Domain.User.User")];
                        instance1 = switch (entityType1)
                        {
                            case [LIFTABLE Constant: EntityType: User | Resolver: namelessParameter{1} => namelessParameter{1}.Dependencies.Model.FindEntityType("JournalApp.Domain.User.User")]: 
                                {
                                    return 
                                    {
                                        User instance;
                                        instance = new User();
                                        instance.<Id>k__BackingField = dataReader.GetInt32(0);
                                        instance.<Password>k__BackingField = dataReader.GetString(1);
                                        instance.<UserName>k__BackingField = dataReader.GetString(2);
                                        (instance is IInjectableService) ? ((IInjectableService)instance).Injected(
                                            context: materializationContext1.Context, 
                                            entity: instance, 
                                            queryTrackingBehavior: TrackAll, 
                                            structuralType: [LIFTABLE Constant: EntityType: User | Resolver: namelessParameter{2} => namelessParameter{2}.Dependencies.Model.FindEntityType("JournalApp.Domain.User.User")]) : default(void);
                                        return instance;
                                    }}
                            default: 
                                default(User)
                        }
                        ;
                        entry1 = entityType1 == default(IEntityType) ? default(InternalEntityEntry) : queryContext.StartTracking(
                            entityType: entityType1, 
                            entity: instance1, 
                            snapshot: shadowSnapshot1);
                        return instance1;
                    } : default(void);
                    return instance1;
                };
                resultContext.Values = new object[]{ entity };
                ShaperProcessingExpressionVisitor.InitializeIncludeCollection<User, User>(
                    collectionId: 0, 
                    queryContext: queryContext, 
                    dbDataReader: dataReader, 
                    resultCoordinator: resultCoordinator, 
                    entity: (User)(resultContext.Values[0]), 
                    parentIdentifier: [LIFTABLE Constant: Func<QueryContext, DbDataReader, object[]> | Resolver: _ => (queryContext, dataReader) => new object[]{ (object)(int?)dataReader.GetInt32(0) }], 
                    outerIdentifier: [LIFTABLE Constant: Func<QueryContext, DbDataReader, object[]> | Resolver: _ => (queryContext, dataReader) => new object[]{ (object)(int?)dataReader.GetInt32(0) }], 
                    navigation: [LIFTABLE Constant: Navigation: User.Journals (List<Journal>) Collection ToDependent Journal Inverse: User | Resolver: namelessParameter{3} => namelessParameter{3}.Dependencies.Model.FindEntityType("JournalApp.Domain.User.User").FindNavigation("Journals")], 
                    clrCollectionAccessor: [LIFTABLE Constant: ClrICollectionAccessor<User, List<Journal>, Journal> | Resolver: namelessParameter{4} => namelessParameter{4}.Dependencies.Model.FindEntityType("JournalApp.Domain.User.User").FindNavigation("Journals").GetCollectionAccessor()], 
                    trackingQuery: True, 
                    setLoaded: True);
            } : default(void);
            ShaperProcessingExpressionVisitor.PopulateIncludeCollection<User, Journal>(
                collectionId: 0, 
                queryContext: queryContext, 
                dbDataReader: dataReader, 
                resultCoordinator: resultCoordinator, 
                parentIdentifier: [LIFTABLE Constant: Func<QueryContext, DbDataReader, object[]> | Resolver: _ => (queryContext, dataReader) => new object[]{ (object)(int?)dataReader.GetInt32(0) }], 
                outerIdentifier: [LIFTABLE Constant: Func<QueryContext, DbDataReader, object[]> | Resolver: _ => (queryContext, dataReader) => new object[]{ (object)(int?)dataReader.GetInt32(0) }], 
                selfIdentifier: [LIFTABLE Constant: Func<QueryContext, DbDataReader, object[]> | Resolver: _ => (queryContext, dataReader) => new object[]{ (object)dataReader.IsDBNull(3) ? default(int?) : (int?)dataReader.GetInt32(3) }], 
                parentIdentifierValueComparers: [LIFTABLE Constant: Func<object, object, bool>[] { Func<object, object, bool> } | Resolver: _ => new Func<object, object, bool>[]{ (left, right) => left == null ? right == null : right != null && (int)left == (int)right }], 
                outerIdentifierValueComparers: [LIFTABLE Constant: Func<object, object, bool>[] { Func<object, object, bool> } | Resolver: _ => new Func<object, object, bool>[]{ (left, right) => left == null ? right == null : right != null && (int)left == (int)right }], 
                selfIdentifierValueComparers: [LIFTABLE Constant: Func<object, object, bool>[] { Func<object, object, bool> } | Resolver: _ => new Func<object, object, bool>[]{ (left, right) => left == null ? right == null : right != null && (int)left == (int)right }], 
                innerShaper: (queryContext, dataReader, resultContext, resultCoordinator) => 
                {
                    Journal entity;
                    entity = 
                    {
                        MaterializationContext materializationContext2;
                        IEntityType entityType2;
                        Journal instance2;
                        InternalEntityEntry entry2;
                        bool hasNullKey2;
                        materializationContext2 = new MaterializationContext(
                            [LIFTABLE Constant: ValueBuffer | Resolver: _ => (object)ValueBuffer.Empty], 
                            queryContext.Context
                        );
                        instance2 = default(Journal);
                        entry2 = queryContext.TryGetEntry(
                            key: [LIFTABLE Constant: Key: Journal.Id PK | Resolver: c => c.Dependencies.Model.FindEntityType("JournalApp.Domain.Journal.Journal").FindPrimaryKey()], 
                            keyValues: new object[]{ dataReader.IsDBNull(3) ? default(object) : (object)dataReader.GetInt32(3) }, 
                            throwOnNullKey: False, 
                            hasNullKey: hasNullKey2);
                        !(hasNullKey2) ? entry2 != default(InternalEntityEntry) ? 
                        {
                            entityType2 = entry2.EntityType;
                            return instance2 = (Journal)entry2.Entity;
                        } : 
                        {
                            ISnapshot shadowSnapshot2;
                            shadowSnapshot2 = [LIFTABLE Constant: Snapshot | Resolver: _ => Snapshot.Empty];
                            entityType2 = [LIFTABLE Constant: EntityType: Journal | Resolver: namelessParameter{5} => namelessParameter{5}.Dependencies.Model.FindEntityType("JournalApp.Domain.Journal.Journal")];
                            instance2 = switch (entityType2)
                            {
                                case [LIFTABLE Constant: EntityType: Journal | Resolver: namelessParameter{6} => namelessParameter{6}.Dependencies.Model.FindEntityType("JournalApp.Domain.Journal.Journal")]: 
                                    {
                                        return 
                                        {
                                            Journal instance;
                                            instance = new Journal();
                                            instance.<Id>k__BackingField = dataReader.IsDBNull(3) ? default(int) : dataReader.GetInt32(3);
                                            instance.<Content>k__BackingField = dataReader.IsDBNull(4) ? default(string) : dataReader.GetString(4);
                                            {
                                                List<string> namelessParameter{7};
                                                namelessParameter{7} = instance.<Images>k__BackingField;
                                                namelessParameter{7} == null || dataReader.IsDBNull(5) ? default(List<string>) : (List<string>)Invoke(((CollectionToJsonStringConverter<string>)((IReadOnlyProperty)[LIFTABLE Constant: Property: Journal.Images (List<string>) Required Element type: string Required | Resolver: namelessParameter{8} => namelessParameter{8}.Dependencies.Model.FindEntityType("JournalApp.Domain.Journal.Journal").FindProperty("Images")]).GetTypeMapping().Converter).ConvertFromProviderTyped, dataReader.GetString(5)) == null || namelessParameter{7}.IsReadOnly ? instance.<Images>k__BackingField = dataReader.IsDBNull(5) ? default(List<string>) : (List<string>)Invoke(((CollectionToJsonStringConverter<string>)((IReadOnlyProperty)[LIFTABLE Constant: Property: Journal.Images (List<string>) Required Element type: string Required | Resolver: namelessParameter{9} => namelessParameter{9}.Dependencies.Model.FindEntityType("JournalApp.Domain.Journal.Journal").FindProperty("Images")]).GetTypeMapping().Converter).ConvertFromProviderTyped, dataReader.GetString(5)) : EntityMaterializerSource.PopulateList<string>(
                                                    buffer: dataReader.IsDBNull(5) ? default(List<string>) : (List<string>)Invoke(((CollectionToJsonStringConverter<string>)((IReadOnlyProperty)[LIFTABLE Constant: Property: Journal.Images (List<string>) Required Element type: string Required | Resolver: namelessParameter{10} => namelessParameter{10}.Dependencies.Model.FindEntityType("JournalApp.Domain.Journal.Journal").FindProperty("Images")]).GetTypeMapping().Converter).ConvertFromProviderTyped, dataReader.GetString(5)), 
                                                    target: namelessParameter{7});
                                            }instance.<Title>k__BackingField = dataReader.IsDBNull(6) ? default(string) : dataReader.GetString(6);
                                            instance.<UserId>k__BackingField = dataReader.IsDBNull(7) ? default(int) : dataReader.GetInt32(7);
                                            (instance is IInjectableService) ? ((IInjectableService)instance).Injected(
                                                context: materializationContext2.Context, 
                                                entity: instance, 
                                                queryTrackingBehavior: TrackAll, 
                                                structuralType: [LIFTABLE Constant: EntityType: Journal | Resolver: namelessParameter{11} => namelessParameter{11}.Dependencies.Model.FindEntityType("JournalApp.Domain.Journal.Journal")]) : default(void);
                                            return instance;
                                        }}
                                default: 
                                    default(Journal)
                            }
                            ;
                            entry2 = entityType2 == default(IEntityType) ? default(InternalEntityEntry) : queryContext.StartTracking(
                                entityType: entityType2, 
                                entity: instance2, 
                                snapshot: shadowSnapshot2);
                            return instance2;
                        } : default(void);
                        return instance2;
                    };
                    return entity;
                }, 
                inverseNavigation: [LIFTABLE Constant: Navigation: Journal.User (User) ToPrincipal User Inverse: Journals | Resolver: namelessParameter{12} => namelessParameter{12}.Dependencies.Model.FindEntityType("JournalApp.Domain.Journal.Journal").FindNavigation("User")], 
                fixup: (namelessParameter{13}, namelessParameter{14}) => 
                {
                    [LIFTABLE Constant: ClrICollectionAccessor<User, List<Journal>, Journal> | Resolver: namelessParameter{15} => namelessParameter{15}.Dependencies.Model.FindEntityType("JournalApp.Domain.User.User").FindNavigation("Journals").GetCollectionAccessor()].Add(
                        entity: namelessParameter{13}, 
                        value: namelessParameter{14}, 
                        forMaterialization: True);
                    return namelessParameter{14}.<User>k__BackingField = namelessParameter{13};
                }, 
                trackingQuery: True);
            return IsTrue(resultCoordinator.ResultReady)
             ? (User)(resultContext.Values[0]) : default(User);
        }, 
        contextType: JournalApp.Infrastructure.JournalAppDbContext, 
        standAloneStateManager: False, 
        detailedErrorsEnabled: False, 
        threadSafetyChecksEnabled: True), 
    cancellationToken: queryContext.CancellationToken)'
2026-09-27 17:20:47.443 +03:00 [DBG] Creating DbConnection.
2026-09-27 17:20:47.448 +03:00 [DBG] Created DbConnection. (3ms).
2026-09-27 17:20:47.450 +03:00 [DBG] Opening connection to database 'main' on server '/Users/sgrancharov/dev/dotnet/JournalApp/JournalApp/JournalApp.Infrastructure/JournalApp.db'.
2026-09-27 17:20:47.454 +03:00 [DBG] Opened connection to database 'main' on server '/Users/sgrancharov/dev/dotnet/JournalApp/JournalApp/JournalApp.Infrastructure/JournalApp.db'.
2026-09-27 17:20:47.455 +03:00 [DBG] Creating DbCommand for 'ExecuteReader'.
2026-09-27 17:20:47.458 +03:00 [DBG] Created DbCommand for 'ExecuteReader' (0ms).
2026-09-27 17:20:47.459 +03:00 [DBG] Initialized DbCommand for 'ExecuteReader' (3ms).
2026-09-27 17:20:47.462 +03:00 [DBG] Executing DbCommand [Parameters=[@__userName_0='?' (Size = 7)], CommandType='"Text"', CommandTimeout='30']
SELECT "u0"."Id", "u0"."Password", "u0"."UserName", "j"."Id", "j"."Content", "j"."Images", "j"."Title", "j"."UserId"
FROM (
    SELECT "u"."Id", "u"."Password", "u"."UserName"
    FROM "Users" AS "u"
    WHERE "u"."UserName" = @__userName_0
    LIMIT 1
) AS "u0"
LEFT JOIN "Journals" AS "j" ON "u0"."Id" = "j"."UserId"
ORDER BY "u0"."Id"
2026-09-27 17:20:47.473 +03:00 [INF] Executed DbCommand (8ms) [Parameters=[@__userName_0='?' (Size = 7)], CommandType='"Text"', CommandTimeout='30']
SELECT "u0"."Id", "u0"."Password", "u0"."UserName", "j"."Id", "j"."Content", "j"."Images", "j"."Title", "j"."UserId"
FROM (
    SELECT "u"."Id", "u"."Password", "u"."UserName"
    FROM "Users" AS "u"
    WHERE "u"."UserName" = @__userName_0
    LIMIT 1
) AS "u0"
LEFT JOIN "Journals" AS "j" ON "u0"."Id" = "j"."UserId"
ORDER BY "u0"."Id"
2026-09-27 17:20:47.486 +03:00 [DBG] Context 'JournalAppDbContext' started tracking 'User' entity. Consider using 'DbContextOptionsBuilder.EnableSensitiveDataLogging' to see key values.
2026-09-27 17:20:47.501 +03:00 [DBG] Context 'JournalAppDbContext' started tracking 'Journal' entity. Consider using 'DbContextOptionsBuilder.EnableSensitiveDataLogging' to see key values.
2026-09-27 17:20:47.504 +03:00 [DBG] Context 'JournalAppDbContext' started tracking 'Journal' entity. Consider using 'DbContextOptionsBuilder.EnableSensitiveDataLogging' to see key values.
2026-09-27 17:20:47.504 +03:00 [DBG] Context 'JournalAppDbContext' started tracking 'Journal' entity. Consider using 'DbContextOptionsBuilder.EnableSensitiveDataLogging' to see key values.
2026-09-27 17:20:47.504 +03:00 [DBG] Context 'JournalAppDbContext' started tracking 'Journal' entity. Consider using 'DbContextOptionsBuilder.EnableSensitiveDataLogging' to see key values.
2026-09-27 17:20:47.505 +03:00 [DBG] Context 'JournalAppDbContext' started tracking 'Journal' entity. Consider using 'DbContextOptionsBuilder.EnableSensitiveDataLogging' to see key values.
2026-09-27 17:20:47.506 +03:00 [DBG] Closing data reader to 'main' on server '/Users/sgrancharov/dev/dotnet/JournalApp/JournalApp/JournalApp.Infrastructure/JournalApp.db'.
2026-09-27 17:20:47.508 +03:00 [DBG] A data reader for 'main' on server '/Users/sgrancharov/dev/dotnet/JournalApp/JournalApp/JournalApp.Infrastructure/JournalApp.db' is being disposed after spending 33ms reading results.
2026-09-27 17:20:47.509 +03:00 [DBG] Closing connection to database 'main' on server '/Users/sgrancharov/dev/dotnet/JournalApp/JournalApp/JournalApp.Infrastructure/JournalApp.db'.
2026-09-27 17:20:47.510 +03:00 [DBG] Closed connection to database 'main' on server '/Users/sgrancharov/dev/dotnet/JournalApp/JournalApp/JournalApp.Infrastructure/JournalApp.db' (1ms).
2026-09-27 17:20:56.973 +03:00 [DBG] Compiling query expression: 
'DbSet<User>()
    .Include(u => u.Journals)
    .FirstOrDefault(u => u.Id == __id_0)'
2026-09-27 17:20:56.974 +03:00 [DBG] Including navigation: 'User.Journals'.
2026-09-27 17:20:56.986 +03:00 [DBG] Generated query execution expression: 
'queryContext => SingleQueryingEnumerable.Create<User>(
    relationalQueryContext: (RelationalQueryContext)queryContext, 
    relationalCommandResolver: parameters => [LIFTABLE Constant: RelationalCommandCache.QueryExpression(
        Client Projections:
            0 -> Dictionary<IProperty, int> { [Property: User.Id (int) Required PK AfterSave:Throw ValueGenerated.OnAdd, 0], [Property: User.Password (string) Required, 1], [Property: User.UserName (string) Required, 2] }
            1 -> 0
            2 -> Dictionary<IProperty, int> { [Property: Journal.Id (int) Required PK AfterSave:Throw ValueGenerated.OnAdd, 3], [Property: Journal.Content (string) Required, 4], [Property: Journal.Images (List<string>) Required Element type: string Required, 5], [Property: Journal.Title (string) Required, 6], [Property: Journal.UserId (int) Required FK Index, 7] }
            3 -> 3
        SELECT u0.Id, u0.Password, u0.UserName, j.Id, j.Content, j.Images, j.Title, j.UserId
        FROM 
        (
            SELECT TOP(1) u.Id, u.Password, u.UserName
            FROM Users AS u
            WHERE u.Id == @__id_0
        ) AS u0
        LEFT JOIN Journals AS j ON u0.Id == j.UserId
        ORDER BY u0.Id ASC) | Resolver: c => new RelationalCommandCache(
        c.Dependencies.MemoryCache, 
        c.RelationalDependencies.QuerySqlGeneratorFactory, 
        c.RelationalDependencies.RelationalParameterBasedSqlProcessorFactory, 
        Client Projections:
            0 -> Dictionary<IProperty, int> { [Property: User.Id (int) Required PK AfterSave:Throw ValueGenerated.OnAdd, 0], [Property: User.Password (string) Required, 1], [Property: User.UserName (string) Required, 2] }
            1 -> 0
            2 -> Dictionary<IProperty, int> { [Property: Journal.Id (int) Required PK AfterSave:Throw ValueGenerated.OnAdd, 3], [Property: Journal.Content (string) Required, 4], [Property: Journal.Images (List<string>) Required Element type: string Required, 5], [Property: Journal.Title (string) Required, 6], [Property: Journal.UserId (int) Required FK Index, 7] }
            3 -> 3
        SELECT u0.Id, u0.Password, u0.UserName, j.Id, j.Content, j.Images, j.Title, j.UserId
        FROM 
        (
            SELECT TOP(1) u.Id, u.Password, u.UserName
            FROM Users AS u
            WHERE u.Id == @__id_0
        ) AS u0
        LEFT JOIN Journals AS j ON u0.Id == j.UserId
        ORDER BY u0.Id ASC, 
        False, 
        new HashSet<string>(
            new string[]{ }, 
            StringComparer.Ordinal
        )
    )].GetRelationalCommandTemplate(parameters), 
    readerColumns: null, 
    shaper: (queryContext, dataReader, resultContext, resultCoordinator) => 
    {
        resultContext.Values == null ? 
        {
            User entity;
            entity = 
            {
                MaterializationContext materializationContext1;
                IEntityType entityType1;
                User instance1;
                InternalEntityEntry entry1;
                bool hasNullKey1;
                materializationContext1 = new MaterializationContext(
                    [LIFTABLE Constant: ValueBuffer | Resolver: _ => (object)ValueBuffer.Empty], 
                    queryContext.Context
                );
                instance1 = default(User);
                entry1 = queryContext.TryGetEntry(
                    key: [LIFTABLE Constant: Key: User.Id PK | Resolver: c => c.Dependencies.Model.FindEntityType("JournalApp.Domain.User.User").FindPrimaryKey()], 
                    keyValues: new object[]{ (object)dataReader.GetInt32(0) }, 
                    throwOnNullKey: True, 
                    hasNullKey: hasNullKey1);
                !(hasNullKey1) ? entry1 != default(InternalEntityEntry) ? 
                {
                    entityType1 = entry1.EntityType;
                    return instance1 = (User)entry1.Entity;
                } : 
                {
                    ISnapshot shadowSnapshot1;
                    shadowSnapshot1 = [LIFTABLE Constant: Snapshot | Resolver: _ => Snapshot.Empty];
                    entityType1 = [LIFTABLE Constant: EntityType: User | Resolver: namelessParameter{0} => namelessParameter{0}.Dependencies.Model.FindEntityType("JournalApp.Domain.User.User")];
                    instance1 = switch (entityType1)
                    {
                        case [LIFTABLE Constant: EntityType: User | Resolver: namelessParameter{1} => namelessParameter{1}.Dependencies.Model.FindEntityType("JournalApp.Domain.User.User")]: 
                            {
                                return 
                                {
                                    User instance;
                                    instance = new User();
                                    instance.<Id>k__BackingField = dataReader.GetInt32(0);
                                    instance.<Password>k__BackingField = dataReader.GetString(1);
                                    instance.<UserName>k__BackingField = dataReader.GetString(2);
                                    (instance is IInjectableService) ? ((IInjectableService)instance).Injected(
                                        context: materializationContext1.Context, 
                                        entity: instance, 
                                        queryTrackingBehavior: TrackAll, 
                                        structuralType: [LIFTABLE Constant: EntityType: User | Resolver: namelessParameter{2} => namelessParameter{2}.Dependencies.Model.FindEntityType("JournalApp.Domain.User.User")]) : default(void);
                                    return instance;
                                }}
                        default: 
                            default(User)
                    }
                    ;
                    entry1 = entityType1 == default(IEntityType) ? default(InternalEntityEntry) : queryContext.StartTracking(
                        entityType: entityType1, 
                        entity: instance1, 
                        snapshot: shadowSnapshot1);
                    return instance1;
                } : default(void);
                return instance1;
            };
            resultContext.Values = new object[]{ entity };
            ShaperProcessingExpressionVisitor.InitializeIncludeCollection<User, User>(
                collectionId: 0, 
                queryContext: queryContext, 
                dbDataReader: dataReader, 
                resultCoordinator: resultCoordinator, 
                entity: (User)(resultContext.Values[0]), 
                parentIdentifier: [LIFTABLE Constant: Func<QueryContext, DbDataReader, object[]> | Resolver: _ => (queryContext, dataReader) => new object[]{ (object)(int?)dataReader.GetInt32(0) }], 
                outerIdentifier: [LIFTABLE Constant: Func<QueryContext, DbDataReader, object[]> | Resolver: _ => (queryContext, dataReader) => new object[]{ (object)(int?)dataReader.GetInt32(0) }], 
                navigation: [LIFTABLE Constant: Navigation: User.Journals (List<Journal>) Collection ToDependent Journal Inverse: User | Resolver: namelessParameter{3} => namelessParameter{3}.Dependencies.Model.FindEntityType("JournalApp.Domain.User.User").FindNavigation("Journals")], 
                clrCollectionAccessor: [LIFTABLE Constant: ClrICollectionAccessor<User, List<Journal>, Journal> | Resolver: namelessParameter{4} => namelessParameter{4}.Dependencies.Model.FindEntityType("JournalApp.Domain.User.User").FindNavigation("Journals").GetCollectionAccessor()], 
                trackingQuery: True, 
                setLoaded: True);
        } : default(void);
        ShaperProcessingExpressionVisitor.PopulateIncludeCollection<User, Journal>(
            collectionId: 0, 
            queryContext: queryContext, 
            dbDataReader: dataReader, 
            resultCoordinator: resultCoordinator, 
            parentIdentifier: [LIFTABLE Constant: Func<QueryContext, DbDataReader, object[]> | Resolver: _ => (queryContext, dataReader) => new object[]{ (object)(int?)dataReader.GetInt32(0) }], 
            outerIdentifier: [LIFTABLE Constant: Func<QueryContext, DbDataReader, object[]> | Resolver: _ => (queryContext, dataReader) => new object[]{ (object)(int?)dataReader.GetInt32(0) }], 
            selfIdentifier: [LIFTABLE Constant: Func<QueryContext, DbDataReader, object[]> | Resolver: _ => (queryContext, dataReader) => new object[]{ (object)dataReader.IsDBNull(3) ? default(int?) : (int?)dataReader.GetInt32(3) }], 
            parentIdentifierValueComparers: [LIFTABLE Constant: Func<object, object, bool>[] { Func<object, object, bool> } | Resolver: _ => new Func<object, object, bool>[]{ (left, right) => left == null ? right == null : right != null && (int)left == (int)right }], 
            outerIdentifierValueComparers: [LIFTABLE Constant: Func<object, object, bool>[] { Func<object, object, bool> } | Resolver: _ => new Func<object, object, bool>[]{ (left, right) => left == null ? right == null : right != null && (int)left == (int)right }], 
            selfIdentifierValueComparers: [LIFTABLE Constant: Func<object, object, bool>[] { Func<object, object, bool> } | Resolver: _ => new Func<object, object, bool>[]{ (left, right) => left == null ? right == null : right != null && (int)left == (int)right }], 
            innerShaper: (queryContext, dataReader, resultContext, resultCoordinator) => 
            {
                Journal entity;
                entity = 
                {
                    MaterializationContext materializationContext2;
                    IEntityType entityType2;
                    Journal instance2;
                    InternalEntityEntry entry2;
                    bool hasNullKey2;
                    materializationContext2 = new MaterializationContext(
                        [LIFTABLE Constant: ValueBuffer | Resolver: _ => (object)ValueBuffer.Empty], 
                        queryContext.Context
                    );
                    instance2 = default(Journal);
                    entry2 = queryContext.TryGetEntry(
                        key: [LIFTABLE Constant: Key: Journal.Id PK | Resolver: c => c.Dependencies.Model.FindEntityType("JournalApp.Domain.Journal.Journal").FindPrimaryKey()], 
                        keyValues: new object[]{ dataReader.IsDBNull(3) ? default(object) : (object)dataReader.GetInt32(3) }, 
                        throwOnNullKey: False, 
                        hasNullKey: hasNullKey2);
                    !(hasNullKey2) ? entry2 != default(InternalEntityEntry) ? 
                    {
                        entityType2 = entry2.EntityType;
                        return instance2 = (Journal)entry2.Entity;
                    } : 
                    {
                        ISnapshot shadowSnapshot2;
                        shadowSnapshot2 = [LIFTABLE Constant: Snapshot | Resolver: _ => Snapshot.Empty];
                        entityType2 = [LIFTABLE Constant: EntityType: Journal | Resolver: namelessParameter{5} => namelessParameter{5}.Dependencies.Model.FindEntityType("JournalApp.Domain.Journal.Journal")];
                        instance2 = switch (entityType2)
                        {
                            case [LIFTABLE Constant: EntityType: Journal | Resolver: namelessParameter{6} => namelessParameter{6}.Dependencies.Model.FindEntityType("JournalApp.Domain.Journal.Journal")]: 
                                {
                                    return 
                                    {
                                        Journal instance;
                                        instance = new Journal();
                                        instance.<Id>k__BackingField = dataReader.IsDBNull(3) ? default(int) : dataReader.GetInt32(3);
                                        instance.<Content>k__BackingField = dataReader.IsDBNull(4) ? default(string) : dataReader.GetString(4);
                                        {
                                            List<string> namelessParameter{7};
                                            namelessParameter{7} = instance.<Images>k__BackingField;
                                            namelessParameter{7} == null || dataReader.IsDBNull(5) ? default(List<string>) : (List<string>)Invoke(((CollectionToJsonStringConverter<string>)((IReadOnlyProperty)[LIFTABLE Constant: Property: Journal.Images (List<string>) Required Element type: string Required | Resolver: namelessParameter{8} => namelessParameter{8}.Dependencies.Model.FindEntityType("JournalApp.Domain.Journal.Journal").FindProperty("Images")]).GetTypeMapping().Converter).ConvertFromProviderTyped, dataReader.GetString(5)) == null || namelessParameter{7}.IsReadOnly ? instance.<Images>k__BackingField = dataReader.IsDBNull(5) ? default(List<string>) : (List<string>)Invoke(((CollectionToJsonStringConverter<string>)((IReadOnlyProperty)[LIFTABLE Constant: Property: Journal.Images (List<string>) Required Element type: string Required | Resolver: namelessParameter{9} => namelessParameter{9}.Dependencies.Model.FindEntityType("JournalApp.Domain.Journal.Journal").FindProperty("Images")]).GetTypeMapping().Converter).ConvertFromProviderTyped, dataReader.GetString(5)) : EntityMaterializerSource.PopulateList<string>(
                                                buffer: dataReader.IsDBNull(5) ? default(List<string>) : (List<string>)Invoke(((CollectionToJsonStringConverter<string>)((IReadOnlyProperty)[LIFTABLE Constant: Property: Journal.Images (List<string>) Required Element type: string Required | Resolver: namelessParameter{10} => namelessParameter{10}.Dependencies.Model.FindEntityType("JournalApp.Domain.Journal.Journal").FindProperty("Images")]).GetTypeMapping().Converter).ConvertFromProviderTyped, dataReader.GetString(5)), 
                                                target: namelessParameter{7});
                                        }instance.<Title>k__BackingField = dataReader.IsDBNull(6) ? default(string) : dataReader.GetString(6);
                                        instance.<UserId>k__BackingField = dataReader.IsDBNull(7) ? default(int) : dataReader.GetInt32(7);
                                        (instance is IInjectableService) ? ((IInjectableService)instance).Injected(
                                            context: materializationContext2.Context, 
                                            entity: instance, 
                                            queryTrackingBehavior: TrackAll, 
                                            structuralType: [LIFTABLE Constant: EntityType: Journal | Resolver: namelessParameter{11} => namelessParameter{11}.Dependencies.Model.FindEntityType("JournalApp.Domain.Journal.Journal")]) : default(void);
                                        return instance;
                                    }}
                            default: 
                                default(Journal)
                        }
                        ;
                        entry2 = entityType2 == default(IEntityType) ? default(InternalEntityEntry) : queryContext.StartTracking(
                            entityType: entityType2, 
                            entity: instance2, 
                            snapshot: shadowSnapshot2);
                        return instance2;
                    } : default(void);
                    return instance2;
                };
                return entity;
            }, 
            inverseNavigation: [LIFTABLE Constant: Navigation: Journal.User (User) ToPrincipal User Inverse: Journals | Resolver: namelessParameter{12} => namelessParameter{12}.Dependencies.Model.FindEntityType("JournalApp.Domain.Journal.Journal").FindNavigation("User")], 
            fixup: (namelessParameter{13}, namelessParameter{14}) => 
            {
                [LIFTABLE Constant: ClrICollectionAccessor<User, List<Journal>, Journal> | Resolver: namelessParameter{15} => namelessParameter{15}.Dependencies.Model.FindEntityType("JournalApp.Domain.User.User").FindNavigation("Journals").GetCollectionAccessor()].Add(
                    entity: namelessParameter{13}, 
                    value: namelessParameter{14}, 
                    forMaterialization: True);
                return namelessParameter{14}.<User>k__BackingField = namelessParameter{13};
            }, 
            trackingQuery: True);
        return IsTrue(resultCoordinator.ResultReady)
         ? (User)(resultContext.Values[0]) : default(User);
    }, 
    contextType: JournalApp.Infrastructure.JournalAppDbContext, 
    standAloneStateManager: False, 
    detailedErrorsEnabled: False, 
    threadSafetyChecksEnabled: True)
    .SingleOrDefault()'
2026-09-27 17:20:56.991 +03:00 [DBG] Opening connection to database 'main' on server '/Users/sgrancharov/dev/dotnet/JournalApp/JournalApp/JournalApp.Infrastructure/JournalApp.db'.
2026-09-27 17:20:56.991 +03:00 [DBG] Opened connection to database 'main' on server '/Users/sgrancharov/dev/dotnet/JournalApp/JournalApp/JournalApp.Infrastructure/JournalApp.db'.
2026-09-27 17:20:56.992 +03:00 [DBG] Creating DbCommand for 'ExecuteReader'.
2026-09-27 17:20:56.992 +03:00 [DBG] Created DbCommand for 'ExecuteReader' (0ms).
2026-09-27 17:20:56.992 +03:00 [DBG] Initialized DbCommand for 'ExecuteReader' (0ms).
2026-09-27 17:20:56.992 +03:00 [DBG] Executing DbCommand [Parameters=[@__id_0='?' (DbType = Int32)], CommandType='"Text"', CommandTimeout='30']
SELECT "u0"."Id", "u0"."Password", "u0"."UserName", "j"."Id", "j"."Content", "j"."Images", "j"."Title", "j"."UserId"
FROM (
    SELECT "u"."Id", "u"."Password", "u"."UserName"
    FROM "Users" AS "u"
    WHERE "u"."Id" = @__id_0
    LIMIT 1
) AS "u0"
LEFT JOIN "Journals" AS "j" ON "u0"."Id" = "j"."UserId"
ORDER BY "u0"."Id"
2026-09-27 17:20:56.994 +03:00 [INF] Executed DbCommand (1ms) [Parameters=[@__id_0='?' (DbType = Int32)], CommandType='"Text"', CommandTimeout='30']
SELECT "u0"."Id", "u0"."Password", "u0"."UserName", "j"."Id", "j"."Content", "j"."Images", "j"."Title", "j"."UserId"
FROM (
    SELECT "u"."Id", "u"."Password", "u"."UserName"
    FROM "Users" AS "u"
    WHERE "u"."Id" = @__id_0
    LIMIT 1
) AS "u0"
LEFT JOIN "Journals" AS "j" ON "u0"."Id" = "j"."UserId"
ORDER BY "u0"."Id"
2026-09-27 17:20:56.996 +03:00 [DBG] Closing data reader to 'main' on server '/Users/sgrancharov/dev/dotnet/JournalApp/JournalApp/JournalApp.Infrastructure/JournalApp.db'.
2026-09-27 17:20:56.996 +03:00 [DBG] A data reader for 'main' on server '/Users/sgrancharov/dev/dotnet/JournalApp/JournalApp/JournalApp.Infrastructure/JournalApp.db' is being disposed after spending 2ms reading results.
2026-09-27 17:20:56.996 +03:00 [DBG] Closing connection to database 'main' on server '/Users/sgrancharov/dev/dotnet/JournalApp/JournalApp/JournalApp.Infrastructure/JournalApp.db'.
2026-09-27 17:20:56.996 +03:00 [DBG] Closed connection to database 'main' on server '/Users/sgrancharov/dev/dotnet/JournalApp/JournalApp/JournalApp.Infrastructure/JournalApp.db' (0ms).
2026-09-27 17:20:57.003 +03:00 [DBG] An entity of type 'Journal' tracked by 'JournalAppDbContext' changed state from '"Unchanged"' to '"Modified"'. Consider using 'DbContextOptionsBuilder.EnableSensitiveDataLogging' to see key values.
2026-09-27 17:20:57.004 +03:00 [DBG] SaveChanges starting for 'JournalAppDbContext'.
2026-09-27 17:20:57.005 +03:00 [DBG] DetectChanges starting for 'JournalAppDbContext'.
2026-09-27 17:20:57.012 +03:00 [DBG] DetectChanges completed for 'JournalAppDbContext'.
2026-09-27 17:20:57.042 +03:00 [DBG] Opening connection to database 'main' on server '/Users/sgrancharov/dev/dotnet/JournalApp/JournalApp/JournalApp.Infrastructure/JournalApp.db'.
2026-09-27 17:20:57.042 +03:00 [DBG] Opened connection to database 'main' on server '/Users/sgrancharov/dev/dotnet/JournalApp/JournalApp/JournalApp.Infrastructure/JournalApp.db'.
2026-09-27 17:20:57.043 +03:00 [DBG] Creating DbCommand for 'ExecuteReader'.
2026-09-27 17:20:57.043 +03:00 [DBG] Created DbCommand for 'ExecuteReader' (0ms).
2026-09-27 17:20:57.046 +03:00 [DBG] Initialized DbCommand for 'ExecuteReader' (2ms).
2026-09-27 17:20:57.046 +03:00 [DBG] Executing DbCommand [Parameters=[@p4='?' (DbType = Int32), @p0='?' (Size = 4), @p1='?' (Size = 2), @p2='?', @p3='?' (DbType = Int32)], CommandType='"Text"', CommandTimeout='30']
UPDATE "Journals" SET "Content" = @p0, "Images" = @p1, "Title" = @p2, "UserId" = @p3
WHERE "Id" = @p4
RETURNING 1;
2026-09-27 17:20:57.046 +03:00 [INF] Executed DbCommand (0ms) [Parameters=[@p4='?' (DbType = Int32), @p0='?' (Size = 4), @p1='?' (Size = 2), @p2='?', @p3='?' (DbType = Int32)], CommandType='"Text"', CommandTimeout='30']
UPDATE "Journals" SET "Content" = @p0, "Images" = @p1, "Title" = @p2, "UserId" = @p3
WHERE "Id" = @p4
RETURNING 1;
2026-09-27 17:20:57.049 +03:00 [DBG] Closing data reader to 'main' on server '/Users/sgrancharov/dev/dotnet/JournalApp/JournalApp/JournalApp.Infrastructure/JournalApp.db'.
2026-09-27 17:20:57.049 +03:00 [DBG] A data reader for 'main' on server '/Users/sgrancharov/dev/dotnet/JournalApp/JournalApp/JournalApp.Infrastructure/JournalApp.db' is being disposed after spending 2ms reading results.
2026-09-27 17:20:57.049 +03:00 [DBG] Closing connection to database 'main' on server '/Users/sgrancharov/dev/dotnet/JournalApp/JournalApp/JournalApp.Infrastructure/JournalApp.db'.
2026-09-27 17:20:57.049 +03:00 [DBG] Closed connection to database 'main' on server '/Users/sgrancharov/dev/dotnet/JournalApp/JournalApp/JournalApp.Infrastructure/JournalApp.db' (0ms).
2026-09-27 17:20:57.050 +03:00 [DBG] An entity of type 'Journal' tracked by 'JournalAppDbContext' changed state from '"Modified"' to '"Unchanged"'. Consider using 'DbContextOptionsBuilder.EnableSensitiveDataLogging' to see key values.
2026-09-27 17:20:57.051 +03:00 [DBG] SaveChanges completed for 'JournalAppDbContext' with 1 entities written to the database.
2026-09-27 17:26:53.786 +03:00 [WRN] You do not have a valid license key for the Lucky Penny software AutoMapper. This is allowed for development and testing scenarios. If you are running in production you are required to have a licensed version. Please visit https://luckypennysoftware.com to obtain a valid license.
2026-09-27 17:27:07.404 +03:00 [DBG] An 'IServiceProvider' was created for internal use by Entity Framework.
2026-09-27 17:27:07.610 +03:00 [DBG] Entity Framework Core 9.0.7 initialized 'JournalAppDbContext' using provider 'Microsoft.EntityFrameworkCore.Sqlite:9.0.7' with options: None
2026-09-27 17:27:07.632 +03:00 [DBG] Compiling query expression: 
'DbSet<User>()
    .Include(u => u.Journals)
    .FirstOrDefault(u => u.UserName == __userName_0)'
2026-09-27 17:27:07.654 +03:00 [DBG] Including navigation: 'User.Journals'.
2026-09-27 17:27:07.762 +03:00 [DBG] Generated query execution expression: 
'queryContext => ShapedQueryCompilingExpressionVisitor.SingleOrDefaultAsync<User>(
    asyncEnumerable: SingleQueryingEnumerable.Create<User>(
        relationalQueryContext: (RelationalQueryContext)queryContext, 
        relationalCommandResolver: parameters => [LIFTABLE Constant: RelationalCommandCache.QueryExpression(
            Client Projections:
                0 -> Dictionary<IProperty, int> { [Property: User.Id (int) Required PK AfterSave:Throw ValueGenerated.OnAdd, 0], [Property: User.Password (string) Required, 1], [Property: User.UserName (string) Required, 2] }
                1 -> 0
                2 -> Dictionary<IProperty, int> { [Property: Journal.Id (int) Required PK AfterSave:Throw ValueGenerated.OnAdd, 3], [Property: Journal.Content (string) Required, 4], [Property: Journal.Images (List<string>) Required Element type: string Required, 5], [Property: Journal.Title (string) Required, 6], [Property: Journal.UserId (int) Required FK Index, 7] }
                3 -> 3
            SELECT u0.Id, u0.Password, u0.UserName, j.Id, j.Content, j.Images, j.Title, j.UserId
            FROM 
            (
                SELECT TOP(1) u.Id, u.Password, u.UserName
                FROM Users AS u
                WHERE u.UserName == @__userName_0
            ) AS u0
            LEFT JOIN Journals AS j ON u0.Id == j.UserId
            ORDER BY u0.Id ASC) | Resolver: c => new RelationalCommandCache(
            c.Dependencies.MemoryCache, 
            c.RelationalDependencies.QuerySqlGeneratorFactory, 
            c.RelationalDependencies.RelationalParameterBasedSqlProcessorFactory, 
            Client Projections:
                0 -> Dictionary<IProperty, int> { [Property: User.Id (int) Required PK AfterSave:Throw ValueGenerated.OnAdd, 0], [Property: User.Password (string) Required, 1], [Property: User.UserName (string) Required, 2] }
                1 -> 0
                2 -> Dictionary<IProperty, int> { [Property: Journal.Id (int) Required PK AfterSave:Throw ValueGenerated.OnAdd, 3], [Property: Journal.Content (string) Required, 4], [Property: Journal.Images (List<string>) Required Element type: string Required, 5], [Property: Journal.Title (string) Required, 6], [Property: Journal.UserId (int) Required FK Index, 7] }
                3 -> 3
            SELECT u0.Id, u0.Password, u0.UserName, j.Id, j.Content, j.Images, j.Title, j.UserId
            FROM 
            (
                SELECT TOP(1) u.Id, u.Password, u.UserName
                FROM Users AS u
                WHERE u.UserName == @__userName_0
            ) AS u0
            LEFT JOIN Journals AS j ON u0.Id == j.UserId
            ORDER BY u0.Id ASC, 
            False, 
            new HashSet<string>(
                new string[]{ }, 
                StringComparer.Ordinal
            )
        )].GetRelationalCommandTemplate(parameters), 
        readerColumns: null, 
        shaper: (queryContext, dataReader, resultContext, resultCoordinator) => 
        {
            resultContext.Values == null ? 
            {
                User entity;
                entity = 
                {
                    MaterializationContext materializationContext1;
                    IEntityType entityType1;
                    User instance1;
                    InternalEntityEntry entry1;
                    bool hasNullKey1;
                    materializationContext1 = new MaterializationContext(
                        [LIFTABLE Constant: ValueBuffer | Resolver: _ => (object)ValueBuffer.Empty], 
                        queryContext.Context
                    );
                    instance1 = default(User);
                    entry1 = queryContext.TryGetEntry(
                        key: [LIFTABLE Constant: Key: User.Id PK | Resolver: c => c.Dependencies.Model.FindEntityType("JournalApp.Domain.User.User").FindPrimaryKey()], 
                        keyValues: new object[]{ (object)dataReader.GetInt32(0) }, 
                        throwOnNullKey: True, 
                        hasNullKey: hasNullKey1);
                    !(hasNullKey1) ? entry1 != default(InternalEntityEntry) ? 
                    {
                        entityType1 = entry1.EntityType;
                        return instance1 = (User)entry1.Entity;
                    } : 
                    {
                        ISnapshot shadowSnapshot1;
                        shadowSnapshot1 = [LIFTABLE Constant: Snapshot | Resolver: _ => Snapshot.Empty];
                        entityType1 = [LIFTABLE Constant: EntityType: User | Resolver: namelessParameter{0} => namelessParameter{0}.Dependencies.Model.FindEntityType("JournalApp.Domain.User.User")];
                        instance1 = switch (entityType1)
                        {
                            case [LIFTABLE Constant: EntityType: User | Resolver: namelessParameter{1} => namelessParameter{1}.Dependencies.Model.FindEntityType("JournalApp.Domain.User.User")]: 
                                {
                                    return 
                                    {
                                        User instance;
                                        instance = new User();
                                        instance.<Id>k__BackingField = dataReader.GetInt32(0);
                                        instance.<Password>k__BackingField = dataReader.GetString(1);
                                        instance.<UserName>k__BackingField = dataReader.GetString(2);
                                        (instance is IInjectableService) ? ((IInjectableService)instance).Injected(
                                            context: materializationContext1.Context, 
                                            entity: instance, 
                                            queryTrackingBehavior: TrackAll, 
                                            structuralType: [LIFTABLE Constant: EntityType: User | Resolver: namelessParameter{2} => namelessParameter{2}.Dependencies.Model.FindEntityType("JournalApp.Domain.User.User")]) : default(void);
                                        return instance;
                                    }}
                            default: 
                                default(User)
                        }
                        ;
                        entry1 = entityType1 == default(IEntityType) ? default(InternalEntityEntry) : queryContext.StartTracking(
                            entityType: entityType1, 
                            entity: instance1, 
                            snapshot: shadowSnapshot1);
                        return instance1;
                    } : default(void);
                    return instance1;
                };
                resultContext.Values = new object[]{ entity };
                ShaperProcessingExpressionVisitor.InitializeIncludeCollection<User, User>(
                    collectionId: 0, 
                    queryContext: queryContext, 
                    dbDataReader: dataReader, 
                    resultCoordinator: resultCoordinator, 
                    entity: (User)(resultContext.Values[0]), 
                    parentIdentifier: [LIFTABLE Constant: Func<QueryContext, DbDataReader, object[]> | Resolver: _ => (queryContext, dataReader) => new object[]{ (object)(int?)dataReader.GetInt32(0) }], 
                    outerIdentifier: [LIFTABLE Constant: Func<QueryContext, DbDataReader, object[]> | Resolver: _ => (queryContext, dataReader) => new object[]{ (object)(int?)dataReader.GetInt32(0) }], 
                    navigation: [LIFTABLE Constant: Navigation: User.Journals (List<Journal>) Collection ToDependent Journal Inverse: User | Resolver: namelessParameter{3} => namelessParameter{3}.Dependencies.Model.FindEntityType("JournalApp.Domain.User.User").FindNavigation("Journals")], 
                    clrCollectionAccessor: [LIFTABLE Constant: ClrICollectionAccessor<User, List<Journal>, Journal> | Resolver: namelessParameter{4} => namelessParameter{4}.Dependencies.Model.FindEntityType("JournalApp.Domain.User.User").FindNavigation("Journals").GetCollectionAccessor()], 
                    trackingQuery: True, 
                    setLoaded: True);
            } : default(void);
            ShaperProcessingExpressionVisitor.PopulateIncludeCollection<User, Journal>(
                collectionId: 0, 
                queryContext: queryContext, 
                dbDataReader: dataReader, 
                resultCoordinator: resultCoordinator, 
                parentIdentifier: [LIFTABLE Constant: Func<QueryContext, DbDataReader, object[]> | Resolver: _ => (queryContext, dataReader) => new object[]{ (object)(int?)dataReader.GetInt32(0) }], 
                outerIdentifier: [LIFTABLE Constant: Func<QueryContext, DbDataReader, object[]> | Resolver: _ => (queryContext, dataReader) => new object[]{ (object)(int?)dataReader.GetInt32(0) }], 
                selfIdentifier: [LIFTABLE Constant: Func<QueryContext, DbDataReader, object[]> | Resolver: _ => (queryContext, dataReader) => new object[]{ (object)dataReader.IsDBNull(3) ? default(int?) : (int?)dataReader.GetInt32(3) }], 
                parentIdentifierValueComparers: [LIFTABLE Constant: Func<object, object, bool>[] { Func<object, object, bool> } | Resolver: _ => new Func<object, object, bool>[]{ (left, right) => left == null ? right == null : right != null && (int)left == (int)right }], 
                outerIdentifierValueComparers: [LIFTABLE Constant: Func<object, object, bool>[] { Func<object, object, bool> } | Resolver: _ => new Func<object, object, bool>[]{ (left, right) => left == null ? right == null : right != null && (int)left == (int)right }], 
                selfIdentifierValueComparers: [LIFTABLE Constant: Func<object, object, bool>[] { Func<object, object, bool> } | Resolver: _ => new Func<object, object, bool>[]{ (left, right) => left == null ? right == null : right != null && (int)left == (int)right }], 
                innerShaper: (queryContext, dataReader, resultContext, resultCoordinator) => 
                {
                    Journal entity;
                    entity = 
                    {
                        MaterializationContext materializationContext2;
                        IEntityType entityType2;
                        Journal instance2;
                        InternalEntityEntry entry2;
                        bool hasNullKey2;
                        materializationContext2 = new MaterializationContext(
                            [LIFTABLE Constant: ValueBuffer | Resolver: _ => (object)ValueBuffer.Empty], 
                            queryContext.Context
                        );
                        instance2 = default(Journal);
                        entry2 = queryContext.TryGetEntry(
                            key: [LIFTABLE Constant: Key: Journal.Id PK | Resolver: c => c.Dependencies.Model.FindEntityType("JournalApp.Domain.Journal.Journal").FindPrimaryKey()], 
                            keyValues: new object[]{ dataReader.IsDBNull(3) ? default(object) : (object)dataReader.GetInt32(3) }, 
                            throwOnNullKey: False, 
                            hasNullKey: hasNullKey2);
                        !(hasNullKey2) ? entry2 != default(InternalEntityEntry) ? 
                        {
                            entityType2 = entry2.EntityType;
                            return instance2 = (Journal)entry2.Entity;
                        } : 
                        {
                            ISnapshot shadowSnapshot2;
                            shadowSnapshot2 = [LIFTABLE Constant: Snapshot | Resolver: _ => Snapshot.Empty];
                            entityType2 = [LIFTABLE Constant: EntityType: Journal | Resolver: namelessParameter{5} => namelessParameter{5}.Dependencies.Model.FindEntityType("JournalApp.Domain.Journal.Journal")];
                            instance2 = switch (entityType2)
                            {
                                case [LIFTABLE Constant: EntityType: Journal | Resolver: namelessParameter{6} => namelessParameter{6}.Dependencies.Model.FindEntityType("JournalApp.Domain.Journal.Journal")]: 
                                    {
                                        return 
                                        {
                                            Journal instance;
                                            instance = new Journal();
                                            instance.<Id>k__BackingField = dataReader.IsDBNull(3) ? default(int) : dataReader.GetInt32(3);
                                            instance.<Content>k__BackingField = dataReader.IsDBNull(4) ? default(string) : dataReader.GetString(4);
                                            {
                                                List<string> namelessParameter{7};
                                                namelessParameter{7} = instance.<Images>k__BackingField;
                                                namelessParameter{7} == null || dataReader.IsDBNull(5) ? default(List<string>) : (List<string>)Invoke(((CollectionToJsonStringConverter<string>)((IReadOnlyProperty)[LIFTABLE Constant: Property: Journal.Images (List<string>) Required Element type: string Required | Resolver: namelessParameter{8} => namelessParameter{8}.Dependencies.Model.FindEntityType("JournalApp.Domain.Journal.Journal").FindProperty("Images")]).GetTypeMapping().Converter).ConvertFromProviderTyped, dataReader.GetString(5)) == null || namelessParameter{7}.IsReadOnly ? instance.<Images>k__BackingField = dataReader.IsDBNull(5) ? default(List<string>) : (List<string>)Invoke(((CollectionToJsonStringConverter<string>)((IReadOnlyProperty)[LIFTABLE Constant: Property: Journal.Images (List<string>) Required Element type: string Required | Resolver: namelessParameter{9} => namelessParameter{9}.Dependencies.Model.FindEntityType("JournalApp.Domain.Journal.Journal").FindProperty("Images")]).GetTypeMapping().Converter).ConvertFromProviderTyped, dataReader.GetString(5)) : EntityMaterializerSource.PopulateList<string>(
                                                    buffer: dataReader.IsDBNull(5) ? default(List<string>) : (List<string>)Invoke(((CollectionToJsonStringConverter<string>)((IReadOnlyProperty)[LIFTABLE Constant: Property: Journal.Images (List<string>) Required Element type: string Required | Resolver: namelessParameter{10} => namelessParameter{10}.Dependencies.Model.FindEntityType("JournalApp.Domain.Journal.Journal").FindProperty("Images")]).GetTypeMapping().Converter).ConvertFromProviderTyped, dataReader.GetString(5)), 
                                                    target: namelessParameter{7});
                                            }instance.<Title>k__BackingField = dataReader.IsDBNull(6) ? default(string) : dataReader.GetString(6);
                                            instance.<UserId>k__BackingField = dataReader.IsDBNull(7) ? default(int) : dataReader.GetInt32(7);
                                            (instance is IInjectableService) ? ((IInjectableService)instance).Injected(
                                                context: materializationContext2.Context, 
                                                entity: instance, 
                                                queryTrackingBehavior: TrackAll, 
                                                structuralType: [LIFTABLE Constant: EntityType: Journal | Resolver: namelessParameter{11} => namelessParameter{11}.Dependencies.Model.FindEntityType("JournalApp.Domain.Journal.Journal")]) : default(void);
                                            return instance;
                                        }}
                                default: 
                                    default(Journal)
                            }
                            ;
                            entry2 = entityType2 == default(IEntityType) ? default(InternalEntityEntry) : queryContext.StartTracking(
                                entityType: entityType2, 
                                entity: instance2, 
                                snapshot: shadowSnapshot2);
                            return instance2;
                        } : default(void);
                        return instance2;
                    };
                    return entity;
                }, 
                inverseNavigation: [LIFTABLE Constant: Navigation: Journal.User (User) ToPrincipal User Inverse: Journals | Resolver: namelessParameter{12} => namelessParameter{12}.Dependencies.Model.FindEntityType("JournalApp.Domain.Journal.Journal").FindNavigation("User")], 
                fixup: (namelessParameter{13}, namelessParameter{14}) => 
                {
                    [LIFTABLE Constant: ClrICollectionAccessor<User, List<Journal>, Journal> | Resolver: namelessParameter{15} => namelessParameter{15}.Dependencies.Model.FindEntityType("JournalApp.Domain.User.User").FindNavigation("Journals").GetCollectionAccessor()].Add(
                        entity: namelessParameter{13}, 
                        value: namelessParameter{14}, 
                        forMaterialization: True);
                    return namelessParameter{14}.<User>k__BackingField = namelessParameter{13};
                }, 
                trackingQuery: True);
            return IsTrue(resultCoordinator.ResultReady)
             ? (User)(resultContext.Values[0]) : default(User);
        }, 
        contextType: JournalApp.Infrastructure.JournalAppDbContext, 
        standAloneStateManager: False, 
        detailedErrorsEnabled: False, 
        threadSafetyChecksEnabled: True), 
    cancellationToken: queryContext.CancellationToken)'
2026-09-27 17:27:07.777 +03:00 [DBG] Creating DbConnection.
2026-09-27 17:27:07.781 +03:00 [DBG] Created DbConnection. (3ms).
2026-09-27 17:27:07.783 +03:00 [DBG] Opening connection to database 'main' on server '/Users/sgrancharov/dev/dotnet/JournalApp/JournalApp/JournalApp.Infrastructure/JournalApp.db'.
2026-09-27 17:27:07.788 +03:00 [DBG] Opened connection to database 'main' on server '/Users/sgrancharov/dev/dotnet/JournalApp/JournalApp/JournalApp.Infrastructure/JournalApp.db'.
2026-09-27 17:27:07.789 +03:00 [DBG] Creating DbCommand for 'ExecuteReader'.
2026-09-27 17:27:07.791 +03:00 [DBG] Created DbCommand for 'ExecuteReader' (0ms).
2026-09-27 17:27:07.792 +03:00 [DBG] Initialized DbCommand for 'ExecuteReader' (2ms).
2026-09-27 17:27:07.794 +03:00 [DBG] Executing DbCommand [Parameters=[@__userName_0='?' (Size = 7)], CommandType='"Text"', CommandTimeout='30']
SELECT "u0"."Id", "u0"."Password", "u0"."UserName", "j"."Id", "j"."Content", "j"."Images", "j"."Title", "j"."UserId"
FROM (
    SELECT "u"."Id", "u"."Password", "u"."UserName"
    FROM "Users" AS "u"
    WHERE "u"."UserName" = @__userName_0
    LIMIT 1
) AS "u0"
LEFT JOIN "Journals" AS "j" ON "u0"."Id" = "j"."UserId"
ORDER BY "u0"."Id"
2026-09-27 17:27:07.805 +03:00 [INF] Executed DbCommand (7ms) [Parameters=[@__userName_0='?' (Size = 7)], CommandType='"Text"', CommandTimeout='30']
SELECT "u0"."Id", "u0"."Password", "u0"."UserName", "j"."Id", "j"."Content", "j"."Images", "j"."Title", "j"."UserId"
FROM (
    SELECT "u"."Id", "u"."Password", "u"."UserName"
    FROM "Users" AS "u"
    WHERE "u"."UserName" = @__userName_0
    LIMIT 1
) AS "u0"
LEFT JOIN "Journals" AS "j" ON "u0"."Id" = "j"."UserId"
ORDER BY "u0"."Id"
2026-09-27 17:27:07.817 +03:00 [DBG] Context 'JournalAppDbContext' started tracking 'User' entity. Consider using 'DbContextOptionsBuilder.EnableSensitiveDataLogging' to see key values.
2026-09-27 17:27:07.830 +03:00 [DBG] Context 'JournalAppDbContext' started tracking 'Journal' entity. Consider using 'DbContextOptionsBuilder.EnableSensitiveDataLogging' to see key values.
2026-09-27 17:27:07.834 +03:00 [DBG] Context 'JournalAppDbContext' started tracking 'Journal' entity. Consider using 'DbContextOptionsBuilder.EnableSensitiveDataLogging' to see key values.
2026-09-27 17:27:07.834 +03:00 [DBG] Context 'JournalAppDbContext' started tracking 'Journal' entity. Consider using 'DbContextOptionsBuilder.EnableSensitiveDataLogging' to see key values.
2026-09-27 17:27:07.834 +03:00 [DBG] Context 'JournalAppDbContext' started tracking 'Journal' entity. Consider using 'DbContextOptionsBuilder.EnableSensitiveDataLogging' to see key values.
2026-09-27 17:27:07.834 +03:00 [DBG] Context 'JournalAppDbContext' started tracking 'Journal' entity. Consider using 'DbContextOptionsBuilder.EnableSensitiveDataLogging' to see key values.
2026-09-27 17:27:07.835 +03:00 [DBG] Closing data reader to 'main' on server '/Users/sgrancharov/dev/dotnet/JournalApp/JournalApp/JournalApp.Infrastructure/JournalApp.db'.
2026-09-27 17:27:07.838 +03:00 [DBG] A data reader for 'main' on server '/Users/sgrancharov/dev/dotnet/JournalApp/JournalApp/JournalApp.Infrastructure/JournalApp.db' is being disposed after spending 30ms reading results.
2026-09-27 17:27:07.839 +03:00 [DBG] Closing connection to database 'main' on server '/Users/sgrancharov/dev/dotnet/JournalApp/JournalApp/JournalApp.Infrastructure/JournalApp.db'.
2026-09-27 17:27:07.840 +03:00 [DBG] Closed connection to database 'main' on server '/Users/sgrancharov/dev/dotnet/JournalApp/JournalApp/JournalApp.Infrastructure/JournalApp.db' (1ms).
2026-09-27 17:28:50.159 +03:00 [WRN] You do not have a valid license key for the Lucky Penny software AutoMapper. This is allowed for development and testing scenarios. If you are running in production you are required to have a licensed version. Please visit https://luckypennysoftware.com to obtain a valid license.
2026-09-27 17:28:56.304 +03:00 [DBG] An 'IServiceProvider' was created for internal use by Entity Framework.
2026-09-27 17:28:56.565 +03:00 [DBG] Entity Framework Core 9.0.7 initialized 'JournalAppDbContext' using provider 'Microsoft.EntityFrameworkCore.Sqlite:9.0.7' with options: None
2026-09-27 17:28:56.589 +03:00 [DBG] Compiling query expression: 
'DbSet<User>()
    .Include(u => u.Journals)
    .FirstOrDefault(u => u.UserName == __userName_0)'
2026-09-27 17:28:56.618 +03:00 [DBG] Including navigation: 'User.Journals'.
2026-09-27 17:28:56.722 +03:00 [DBG] Generated query execution expression: 
'queryContext => ShapedQueryCompilingExpressionVisitor.SingleOrDefaultAsync<User>(
    asyncEnumerable: SingleQueryingEnumerable.Create<User>(
        relationalQueryContext: (RelationalQueryContext)queryContext, 
        relationalCommandResolver: parameters => [LIFTABLE Constant: RelationalCommandCache.QueryExpression(
            Client Projections:
                0 -> Dictionary<IProperty, int> { [Property: User.Id (int) Required PK AfterSave:Throw ValueGenerated.OnAdd, 0], [Property: User.Password (string) Required, 1], [Property: User.UserName (string) Required, 2] }
                1 -> 0
                2 -> Dictionary<IProperty, int> { [Property: Journal.Id (int) Required PK AfterSave:Throw ValueGenerated.OnAdd, 3], [Property: Journal.Content (string) Required, 4], [Property: Journal.Images (List<string>) Required Element type: string Required, 5], [Property: Journal.Title (string) Required, 6], [Property: Journal.UserId (int) Required FK Index, 7] }
                3 -> 3
            SELECT u0.Id, u0.Password, u0.UserName, j.Id, j.Content, j.Images, j.Title, j.UserId
            FROM 
            (
                SELECT TOP(1) u.Id, u.Password, u.UserName
                FROM Users AS u
                WHERE u.UserName == @__userName_0
            ) AS u0
            LEFT JOIN Journals AS j ON u0.Id == j.UserId
            ORDER BY u0.Id ASC) | Resolver: c => new RelationalCommandCache(
            c.Dependencies.MemoryCache, 
            c.RelationalDependencies.QuerySqlGeneratorFactory, 
            c.RelationalDependencies.RelationalParameterBasedSqlProcessorFactory, 
            Client Projections:
                0 -> Dictionary<IProperty, int> { [Property: User.Id (int) Required PK AfterSave:Throw ValueGenerated.OnAdd, 0], [Property: User.Password (string) Required, 1], [Property: User.UserName (string) Required, 2] }
                1 -> 0
                2 -> Dictionary<IProperty, int> { [Property: Journal.Id (int) Required PK AfterSave:Throw ValueGenerated.OnAdd, 3], [Property: Journal.Content (string) Required, 4], [Property: Journal.Images (List<string>) Required Element type: string Required, 5], [Property: Journal.Title (string) Required, 6], [Property: Journal.UserId (int) Required FK Index, 7] }
                3 -> 3
            SELECT u0.Id, u0.Password, u0.UserName, j.Id, j.Content, j.Images, j.Title, j.UserId
            FROM 
            (
                SELECT TOP(1) u.Id, u.Password, u.UserName
                FROM Users AS u
                WHERE u.UserName == @__userName_0
            ) AS u0
            LEFT JOIN Journals AS j ON u0.Id == j.UserId
            ORDER BY u0.Id ASC, 
            False, 
            new HashSet<string>(
                new string[]{ }, 
                StringComparer.Ordinal
            )
        )].GetRelationalCommandTemplate(parameters), 
        readerColumns: null, 
        shaper: (queryContext, dataReader, resultContext, resultCoordinator) => 
        {
            resultContext.Values == null ? 
            {
                User entity;
                entity = 
                {
                    MaterializationContext materializationContext1;
                    IEntityType entityType1;
                    User instance1;
                    InternalEntityEntry entry1;
                    bool hasNullKey1;
                    materializationContext1 = new MaterializationContext(
                        [LIFTABLE Constant: ValueBuffer | Resolver: _ => (object)ValueBuffer.Empty], 
                        queryContext.Context
                    );
                    instance1 = default(User);
                    entry1 = queryContext.TryGetEntry(
                        key: [LIFTABLE Constant: Key: User.Id PK | Resolver: c => c.Dependencies.Model.FindEntityType("JournalApp.Domain.User.User").FindPrimaryKey()], 
                        keyValues: new object[]{ (object)dataReader.GetInt32(0) }, 
                        throwOnNullKey: True, 
                        hasNullKey: hasNullKey1);
                    !(hasNullKey1) ? entry1 != default(InternalEntityEntry) ? 
                    {
                        entityType1 = entry1.EntityType;
                        return instance1 = (User)entry1.Entity;
                    } : 
                    {
                        ISnapshot shadowSnapshot1;
                        shadowSnapshot1 = [LIFTABLE Constant: Snapshot | Resolver: _ => Snapshot.Empty];
                        entityType1 = [LIFTABLE Constant: EntityType: User | Resolver: namelessParameter{0} => namelessParameter{0}.Dependencies.Model.FindEntityType("JournalApp.Domain.User.User")];
                        instance1 = switch (entityType1)
                        {
                            case [LIFTABLE Constant: EntityType: User | Resolver: namelessParameter{1} => namelessParameter{1}.Dependencies.Model.FindEntityType("JournalApp.Domain.User.User")]: 
                                {
                                    return 
                                    {
                                        User instance;
                                        instance = new User();
                                        instance.<Id>k__BackingField = dataReader.GetInt32(0);
                                        instance.<Password>k__BackingField = dataReader.GetString(1);
                                        instance.<UserName>k__BackingField = dataReader.GetString(2);
                                        (instance is IInjectableService) ? ((IInjectableService)instance).Injected(
                                            context: materializationContext1.Context, 
                                            entity: instance, 
                                            queryTrackingBehavior: TrackAll, 
                                            structuralType: [LIFTABLE Constant: EntityType: User | Resolver: namelessParameter{2} => namelessParameter{2}.Dependencies.Model.FindEntityType("JournalApp.Domain.User.User")]) : default(void);
                                        return instance;
                                    }}
                            default: 
                                default(User)
                        }
                        ;
                        entry1 = entityType1 == default(IEntityType) ? default(InternalEntityEntry) : queryContext.StartTracking(
                            entityType: entityType1, 
                            entity: instance1, 
                            snapshot: shadowSnapshot1);
                        return instance1;
                    } : default(void);
                    return instance1;
                };
                resultContext.Values = new object[]{ entity };
                ShaperProcessingExpressionVisitor.InitializeIncludeCollection<User, User>(
                    collectionId: 0, 
                    queryContext: queryContext, 
                    dbDataReader: dataReader, 
                    resultCoordinator: resultCoordinator, 
                    entity: (User)(resultContext.Values[0]), 
                    parentIdentifier: [LIFTABLE Constant: Func<QueryContext, DbDataReader, object[]> | Resolver: _ => (queryContext, dataReader) => new object[]{ (object)(int?)dataReader.GetInt32(0) }], 
                    outerIdentifier: [LIFTABLE Constant: Func<QueryContext, DbDataReader, object[]> | Resolver: _ => (queryContext, dataReader) => new object[]{ (object)(int?)dataReader.GetInt32(0) }], 
                    navigation: [LIFTABLE Constant: Navigation: User.Journals (List<Journal>) Collection ToDependent Journal Inverse: User | Resolver: namelessParameter{3} => namelessParameter{3}.Dependencies.Model.FindEntityType("JournalApp.Domain.User.User").FindNavigation("Journals")], 
                    clrCollectionAccessor: [LIFTABLE Constant: ClrICollectionAccessor<User, List<Journal>, Journal> | Resolver: namelessParameter{4} => namelessParameter{4}.Dependencies.Model.FindEntityType("JournalApp.Domain.User.User").FindNavigation("Journals").GetCollectionAccessor()], 
                    trackingQuery: True, 
                    setLoaded: True);
            } : default(void);
            ShaperProcessingExpressionVisitor.PopulateIncludeCollection<User, Journal>(
                collectionId: 0, 
                queryContext: queryContext, 
                dbDataReader: dataReader, 
                resultCoordinator: resultCoordinator, 
                parentIdentifier: [LIFTABLE Constant: Func<QueryContext, DbDataReader, object[]> | Resolver: _ => (queryContext, dataReader) => new object[]{ (object)(int?)dataReader.GetInt32(0) }], 
                outerIdentifier: [LIFTABLE Constant: Func<QueryContext, DbDataReader, object[]> | Resolver: _ => (queryContext, dataReader) => new object[]{ (object)(int?)dataReader.GetInt32(0) }], 
                selfIdentifier: [LIFTABLE Constant: Func<QueryContext, DbDataReader, object[]> | Resolver: _ => (queryContext, dataReader) => new object[]{ (object)dataReader.IsDBNull(3) ? default(int?) : (int?)dataReader.GetInt32(3) }], 
                parentIdentifierValueComparers: [LIFTABLE Constant: Func<object, object, bool>[] { Func<object, object, bool> } | Resolver: _ => new Func<object, object, bool>[]{ (left, right) => left == null ? right == null : right != null && (int)left == (int)right }], 
                outerIdentifierValueComparers: [LIFTABLE Constant: Func<object, object, bool>[] { Func<object, object, bool> } | Resolver: _ => new Func<object, object, bool>[]{ (left, right) => left == null ? right == null : right != null && (int)left == (int)right }], 
                selfIdentifierValueComparers: [LIFTABLE Constant: Func<object, object, bool>[] { Func<object, object, bool> } | Resolver: _ => new Func<object, object, bool>[]{ (left, right) => left == null ? right == null : right != null && (int)left == (int)right }], 
                innerShaper: (queryContext, dataReader, resultContext, resultCoordinator) => 
                {
                    Journal entity;
                    entity = 
                    {
                        MaterializationContext materializationContext2;
                        IEntityType entityType2;
                        Journal instance2;
                        InternalEntityEntry entry2;
                        bool hasNullKey2;
                        materializationContext2 = new MaterializationContext(
                            [LIFTABLE Constant: ValueBuffer | Resolver: _ => (object)ValueBuffer.Empty], 
                            queryContext.Context
                        );
                        instance2 = default(Journal);
                        entry2 = queryContext.TryGetEntry(
                            key: [LIFTABLE Constant: Key: Journal.Id PK | Resolver: c => c.Dependencies.Model.FindEntityType("JournalApp.Domain.Journal.Journal").FindPrimaryKey()], 
                            keyValues: new object[]{ dataReader.IsDBNull(3) ? default(object) : (object)dataReader.GetInt32(3) }, 
                            throwOnNullKey: False, 
                            hasNullKey: hasNullKey2);
                        !(hasNullKey2) ? entry2 != default(InternalEntityEntry) ? 
                        {
                            entityType2 = entry2.EntityType;
                            return instance2 = (Journal)entry2.Entity;
                        } : 
                        {
                            ISnapshot shadowSnapshot2;
                            shadowSnapshot2 = [LIFTABLE Constant: Snapshot | Resolver: _ => Snapshot.Empty];
                            entityType2 = [LIFTABLE Constant: EntityType: Journal | Resolver: namelessParameter{5} => namelessParameter{5}.Dependencies.Model.FindEntityType("JournalApp.Domain.Journal.Journal")];
                            instance2 = switch (entityType2)
                            {
                                case [LIFTABLE Constant: EntityType: Journal | Resolver: namelessParameter{6} => namelessParameter{6}.Dependencies.Model.FindEntityType("JournalApp.Domain.Journal.Journal")]: 
                                    {
                                        return 
                                        {
                                            Journal instance;
                                            instance = new Journal();
                                            instance.<Id>k__BackingField = dataReader.IsDBNull(3) ? default(int) : dataReader.GetInt32(3);
                                            instance.<Content>k__BackingField = dataReader.IsDBNull(4) ? default(string) : dataReader.GetString(4);
                                            {
                                                List<string> namelessParameter{7};
                                                namelessParameter{7} = instance.<Images>k__BackingField;
                                                namelessParameter{7} == null || dataReader.IsDBNull(5) ? default(List<string>) : (List<string>)Invoke(((CollectionToJsonStringConverter<string>)((IReadOnlyProperty)[LIFTABLE Constant: Property: Journal.Images (List<string>) Required Element type: string Required | Resolver: namelessParameter{8} => namelessParameter{8}.Dependencies.Model.FindEntityType("JournalApp.Domain.Journal.Journal").FindProperty("Images")]).GetTypeMapping().Converter).ConvertFromProviderTyped, dataReader.GetString(5)) == null || namelessParameter{7}.IsReadOnly ? instance.<Images>k__BackingField = dataReader.IsDBNull(5) ? default(List<string>) : (List<string>)Invoke(((CollectionToJsonStringConverter<string>)((IReadOnlyProperty)[LIFTABLE Constant: Property: Journal.Images (List<string>) Required Element type: string Required | Resolver: namelessParameter{9} => namelessParameter{9}.Dependencies.Model.FindEntityType("JournalApp.Domain.Journal.Journal").FindProperty("Images")]).GetTypeMapping().Converter).ConvertFromProviderTyped, dataReader.GetString(5)) : EntityMaterializerSource.PopulateList<string>(
                                                    buffer: dataReader.IsDBNull(5) ? default(List<string>) : (List<string>)Invoke(((CollectionToJsonStringConverter<string>)((IReadOnlyProperty)[LIFTABLE Constant: Property: Journal.Images (List<string>) Required Element type: string Required | Resolver: namelessParameter{10} => namelessParameter{10}.Dependencies.Model.FindEntityType("JournalApp.Domain.Journal.Journal").FindProperty("Images")]).GetTypeMapping().Converter).ConvertFromProviderTyped, dataReader.GetString(5)), 
                                                    target: namelessParameter{7});
                                            }instance.<Title>k__BackingField = dataReader.IsDBNull(6) ? default(string) : dataReader.GetString(6);
                                            instance.<UserId>k__BackingField = dataReader.IsDBNull(7) ? default(int) : dataReader.GetInt32(7);
                                            (instance is IInjectableService) ? ((IInjectableService)instance).Injected(
                                                context: materializationContext2.Context, 
                                                entity: instance, 
                                                queryTrackingBehavior: TrackAll, 
                                                structuralType: [LIFTABLE Constant: EntityType: Journal | Resolver: namelessParameter{11} => namelessParameter{11}.Dependencies.Model.FindEntityType("JournalApp.Domain.Journal.Journal")]) : default(void);
                                            return instance;
                                        }}
                                default: 
                                    default(Journal)
                            }
                            ;
                            entry2 = entityType2 == default(IEntityType) ? default(InternalEntityEntry) : queryContext.StartTracking(
                                entityType: entityType2, 
                                entity: instance2, 
                                snapshot: shadowSnapshot2);
                            return instance2;
                        } : default(void);
                        return instance2;
                    };
                    return entity;
                }, 
                inverseNavigation: [LIFTABLE Constant: Navigation: Journal.User (User) ToPrincipal User Inverse: Journals | Resolver: namelessParameter{12} => namelessParameter{12}.Dependencies.Model.FindEntityType("JournalApp.Domain.Journal.Journal").FindNavigation("User")], 
                fixup: (namelessParameter{13}, namelessParameter{14}) => 
                {
                    [LIFTABLE Constant: ClrICollectionAccessor<User, List<Journal>, Journal> | Resolver: namelessParameter{15} => namelessParameter{15}.Dependencies.Model.FindEntityType("JournalApp.Domain.User.User").FindNavigation("Journals").GetCollectionAccessor()].Add(
                        entity: namelessParameter{13}, 
                        value: namelessParameter{14}, 
                        forMaterialization: True);
                    return namelessParameter{14}.<User>k__BackingField = namelessParameter{13};
                }, 
                trackingQuery: True);
            return IsTrue(resultCoordinator.ResultReady)
             ? (User)(resultContext.Values[0]) : default(User);
        }, 
        contextType: JournalApp.Infrastructure.JournalAppDbContext, 
        standAloneStateManager: False, 
        detailedErrorsEnabled: False, 
        threadSafetyChecksEnabled: True), 
    cancellationToken: queryContext.CancellationToken)'
2026-09-27 17:28:56.737 +03:00 [DBG] Creating DbConnection.
2026-09-27 17:28:56.742 +03:00 [DBG] Created DbConnection. (4ms).
2026-09-27 17:28:56.744 +03:00 [DBG] Opening connection to database 'main' on server '/Users/sgrancharov/dev/dotnet/JournalApp/JournalApp/JournalApp.Infrastructure/JournalApp.db'.
2026-09-27 17:28:56.749 +03:00 [DBG] Opened connection to database 'main' on server '/Users/sgrancharov/dev/dotnet/JournalApp/JournalApp/JournalApp.Infrastructure/JournalApp.db'.
2026-09-27 17:28:56.750 +03:00 [DBG] Creating DbCommand for 'ExecuteReader'.
2026-09-27 17:28:56.752 +03:00 [DBG] Created DbCommand for 'ExecuteReader' (0ms).
2026-09-27 17:28:56.754 +03:00 [DBG] Initialized DbCommand for 'ExecuteReader' (3ms).
2026-09-27 17:28:56.757 +03:00 [DBG] Executing DbCommand [Parameters=[@__userName_0='?' (Size = 7)], CommandType='"Text"', CommandTimeout='30']
SELECT "u0"."Id", "u0"."Password", "u0"."UserName", "j"."Id", "j"."Content", "j"."Images", "j"."Title", "j"."UserId"
FROM (
    SELECT "u"."Id", "u"."Password", "u"."UserName"
    FROM "Users" AS "u"
    WHERE "u"."UserName" = @__userName_0
    LIMIT 1
) AS "u0"
LEFT JOIN "Journals" AS "j" ON "u0"."Id" = "j"."UserId"
ORDER BY "u0"."Id"
2026-09-27 17:28:56.769 +03:00 [INF] Executed DbCommand (9ms) [Parameters=[@__userName_0='?' (Size = 7)], CommandType='"Text"', CommandTimeout='30']
SELECT "u0"."Id", "u0"."Password", "u0"."UserName", "j"."Id", "j"."Content", "j"."Images", "j"."Title", "j"."UserId"
FROM (
    SELECT "u"."Id", "u"."Password", "u"."UserName"
    FROM "Users" AS "u"
    WHERE "u"."UserName" = @__userName_0
    LIMIT 1
) AS "u0"
LEFT JOIN "Journals" AS "j" ON "u0"."Id" = "j"."UserId"
ORDER BY "u0"."Id"
2026-09-27 17:28:56.783 +03:00 [DBG] Context 'JournalAppDbContext' started tracking 'User' entity. Consider using 'DbContextOptionsBuilder.EnableSensitiveDataLogging' to see key values.
2026-09-27 17:28:56.798 +03:00 [DBG] Context 'JournalAppDbContext' started tracking 'Journal' entity. Consider using 'DbContextOptionsBuilder.EnableSensitiveDataLogging' to see key values.
2026-09-27 17:28:56.801 +03:00 [DBG] Context 'JournalAppDbContext' started tracking 'Journal' entity. Consider using 'DbContextOptionsBuilder.EnableSensitiveDataLogging' to see key values.
2026-09-27 17:28:56.801 +03:00 [DBG] Context 'JournalAppDbContext' started tracking 'Journal' entity. Consider using 'DbContextOptionsBuilder.EnableSensitiveDataLogging' to see key values.
2026-09-27 17:28:56.801 +03:00 [DBG] Context 'JournalAppDbContext' started tracking 'Journal' entity. Consider using 'DbContextOptionsBuilder.EnableSensitiveDataLogging' to see key values.
2026-09-27 17:28:56.801 +03:00 [DBG] Context 'JournalAppDbContext' started tracking 'Journal' entity. Consider using 'DbContextOptionsBuilder.EnableSensitiveDataLogging' to see key values.
2026-09-27 17:28:56.803 +03:00 [DBG] Closing data reader to 'main' on server '/Users/sgrancharov/dev/dotnet/JournalApp/JournalApp/JournalApp.Infrastructure/JournalApp.db'.
2026-09-27 17:28:56.805 +03:00 [DBG] A data reader for 'main' on server '/Users/sgrancharov/dev/dotnet/JournalApp/JournalApp/JournalApp.Infrastructure/JournalApp.db' is being disposed after spending 33ms reading results.
2026-09-27 17:28:56.806 +03:00 [DBG] Closing connection to database 'main' on server '/Users/sgrancharov/dev/dotnet/JournalApp/JournalApp/JournalApp.Infrastructure/JournalApp.db'.
2026-09-27 17:28:56.807 +03:00 [DBG] Closed connection to database 'main' on server '/Users/sgrancharov/dev/dotnet/JournalApp/JournalApp/JournalApp.Infrastructure/JournalApp.db' (1ms).
2026-09-27 17:30:01.901 +03:00 [WRN] You do not have a valid license key for the Lucky Penny software AutoMapper. This is allowed for development and testing scenarios. If you are running in production you are required to have a licensed version. Please visit https://luckypennysoftware.com to obtain a valid license.
2026-09-27 17:30:08.707 +03:00 [DBG] An 'IServiceProvider' was created for internal use by Entity Framework.
2026-09-27 17:30:08.987 +03:00 [DBG] Entity Framework Core 9.0.7 initialized 'JournalAppDbContext' using provider 'Microsoft.EntityFrameworkCore.Sqlite:9.0.7' with options: None
2026-09-27 17:30:09.011 +03:00 [DBG] Compiling query expression: 
'DbSet<User>()
    .Include(u => u.Journals)
    .FirstOrDefault(u => u.UserName == __userName_0)'
2026-09-27 17:30:09.034 +03:00 [DBG] Including navigation: 'User.Journals'.
2026-09-27 17:30:09.151 +03:00 [DBG] Generated query execution expression: 
'queryContext => ShapedQueryCompilingExpressionVisitor.SingleOrDefaultAsync<User>(
    asyncEnumerable: SingleQueryingEnumerable.Create<User>(
        relationalQueryContext: (RelationalQueryContext)queryContext, 
        relationalCommandResolver: parameters => [LIFTABLE Constant: RelationalCommandCache.QueryExpression(
            Client Projections:
                0 -> Dictionary<IProperty, int> { [Property: User.Id (int) Required PK AfterSave:Throw ValueGenerated.OnAdd, 0], [Property: User.Password (string) Required, 1], [Property: User.UserName (string) Required, 2] }
                1 -> 0
                2 -> Dictionary<IProperty, int> { [Property: Journal.Id (int) Required PK AfterSave:Throw ValueGenerated.OnAdd, 3], [Property: Journal.Content (string) Required, 4], [Property: Journal.Images (List<string>) Required Element type: string Required, 5], [Property: Journal.Title (string) Required, 6], [Property: Journal.UserId (int) Required FK Index, 7] }
                3 -> 3
            SELECT u0.Id, u0.Password, u0.UserName, j.Id, j.Content, j.Images, j.Title, j.UserId
            FROM 
            (
                SELECT TOP(1) u.Id, u.Password, u.UserName
                FROM Users AS u
                WHERE u.UserName == @__userName_0
            ) AS u0
            LEFT JOIN Journals AS j ON u0.Id == j.UserId
            ORDER BY u0.Id ASC) | Resolver: c => new RelationalCommandCache(
            c.Dependencies.MemoryCache, 
            c.RelationalDependencies.QuerySqlGeneratorFactory, 
            c.RelationalDependencies.RelationalParameterBasedSqlProcessorFactory, 
            Client Projections:
                0 -> Dictionary<IProperty, int> { [Property: User.Id (int) Required PK AfterSave:Throw ValueGenerated.OnAdd, 0], [Property: User.Password (string) Required, 1], [Property: User.UserName (string) Required, 2] }
                1 -> 0
                2 -> Dictionary<IProperty, int> { [Property: Journal.Id (int) Required PK AfterSave:Throw ValueGenerated.OnAdd, 3], [Property: Journal.Content (string) Required, 4], [Property: Journal.Images (List<string>) Required Element type: string Required, 5], [Property: Journal.Title (string) Required, 6], [Property: Journal.UserId (int) Required FK Index, 7] }
                3 -> 3
            SELECT u0.Id, u0.Password, u0.UserName, j.Id, j.Content, j.Images, j.Title, j.UserId
            FROM 
            (
                SELECT TOP(1) u.Id, u.Password, u.UserName
                FROM Users AS u
                WHERE u.UserName == @__userName_0
            ) AS u0
            LEFT JOIN Journals AS j ON u0.Id == j.UserId
            ORDER BY u0.Id ASC, 
            False, 
            new HashSet<string>(
                new string[]{ }, 
                StringComparer.Ordinal
            )
        )].GetRelationalCommandTemplate(parameters), 
        readerColumns: null, 
        shaper: (queryContext, dataReader, resultContext, resultCoordinator) => 
        {
            resultContext.Values == null ? 
            {
                User entity;
                entity = 
                {
                    MaterializationContext materializationContext1;
                    IEntityType entityType1;
                    User instance1;
                    InternalEntityEntry entry1;
                    bool hasNullKey1;
                    materializationContext1 = new MaterializationContext(
                        [LIFTABLE Constant: ValueBuffer | Resolver: _ => (object)ValueBuffer.Empty], 
                        queryContext.Context
                    );
                    instance1 = default(User);
                    entry1 = queryContext.TryGetEntry(
                        key: [LIFTABLE Constant: Key: User.Id PK | Resolver: c => c.Dependencies.Model.FindEntityType("JournalApp.Domain.User.User").FindPrimaryKey()], 
                        keyValues: new object[]{ (object)dataReader.GetInt32(0) }, 
                        throwOnNullKey: True, 
                        hasNullKey: hasNullKey1);
                    !(hasNullKey1) ? entry1 != default(InternalEntityEntry) ? 
                    {
                        entityType1 = entry1.EntityType;
                        return instance1 = (User)entry1.Entity;
                    } : 
                    {
                        ISnapshot shadowSnapshot1;
                        shadowSnapshot1 = [LIFTABLE Constant: Snapshot | Resolver: _ => Snapshot.Empty];
                        entityType1 = [LIFTABLE Constant: EntityType: User | Resolver: namelessParameter{0} => namelessParameter{0}.Dependencies.Model.FindEntityType("JournalApp.Domain.User.User")];
                        instance1 = switch (entityType1)
                        {
                            case [LIFTABLE Constant: EntityType: User | Resolver: namelessParameter{1} => namelessParameter{1}.Dependencies.Model.FindEntityType("JournalApp.Domain.User.User")]: 
                                {
                                    return 
                                    {
                                        User instance;
                                        instance = new User();
                                        instance.<Id>k__BackingField = dataReader.GetInt32(0);
                                        instance.<Password>k__BackingField = dataReader.GetString(1);
                                        instance.<UserName>k__BackingField = dataReader.GetString(2);
                                        (instance is IInjectableService) ? ((IInjectableService)instance).Injected(
                                            context: materializationContext1.Context, 
                                            entity: instance, 
                                            queryTrackingBehavior: TrackAll, 
                                            structuralType: [LIFTABLE Constant: EntityType: User | Resolver: namelessParameter{2} => namelessParameter{2}.Dependencies.Model.FindEntityType("JournalApp.Domain.User.User")]) : default(void);
                                        return instance;
                                    }}
                            default: 
                                default(User)
                        }
                        ;
                        entry1 = entityType1 == default(IEntityType) ? default(InternalEntityEntry) : queryContext.StartTracking(
                            entityType: entityType1, 
                            entity: instance1, 
                            snapshot: shadowSnapshot1);
                        return instance1;
                    } : default(void);
                    return instance1;
                };
                resultContext.Values = new object[]{ entity };
                ShaperProcessingExpressionVisitor.InitializeIncludeCollection<User, User>(
                    collectionId: 0, 
                    queryContext: queryContext, 
                    dbDataReader: dataReader, 
                    resultCoordinator: resultCoordinator, 
                    entity: (User)(resultContext.Values[0]), 
                    parentIdentifier: [LIFTABLE Constant: Func<QueryContext, DbDataReader, object[]> | Resolver: _ => (queryContext, dataReader) => new object[]{ (object)(int?)dataReader.GetInt32(0) }], 
                    outerIdentifier: [LIFTABLE Constant: Func<QueryContext, DbDataReader, object[]> | Resolver: _ => (queryContext, dataReader) => new object[]{ (object)(int?)dataReader.GetInt32(0) }], 
                    navigation: [LIFTABLE Constant: Navigation: User.Journals (List<Journal>) Collection ToDependent Journal Inverse: User | Resolver: namelessParameter{3} => namelessParameter{3}.Dependencies.Model.FindEntityType("JournalApp.Domain.User.User").FindNavigation("Journals")], 
                    clrCollectionAccessor: [LIFTABLE Constant: ClrICollectionAccessor<User, List<Journal>, Journal> | Resolver: namelessParameter{4} => namelessParameter{4}.Dependencies.Model.FindEntityType("JournalApp.Domain.User.User").FindNavigation("Journals").GetCollectionAccessor()], 
                    trackingQuery: True, 
                    setLoaded: True);
            } : default(void);
            ShaperProcessingExpressionVisitor.PopulateIncludeCollection<User, Journal>(
                collectionId: 0, 
                queryContext: queryContext, 
                dbDataReader: dataReader, 
                resultCoordinator: resultCoordinator, 
                parentIdentifier: [LIFTABLE Constant: Func<QueryContext, DbDataReader, object[]> | Resolver: _ => (queryContext, dataReader) => new object[]{ (object)(int?)dataReader.GetInt32(0) }], 
                outerIdentifier: [LIFTABLE Constant: Func<QueryContext, DbDataReader, object[]> | Resolver: _ => (queryContext, dataReader) => new object[]{ (object)(int?)dataReader.GetInt32(0) }], 
                selfIdentifier: [LIFTABLE Constant: Func<QueryContext, DbDataReader, object[]> | Resolver: _ => (queryContext, dataReader) => new object[]{ (object)dataReader.IsDBNull(3) ? default(int?) : (int?)dataReader.GetInt32(3) }], 
                parentIdentifierValueComparers: [LIFTABLE Constant: Func<object, object, bool>[] { Func<object, object, bool> } | Resolver: _ => new Func<object, object, bool>[]{ (left, right) => left == null ? right == null : right != null && (int)left == (int)right }], 
                outerIdentifierValueComparers: [LIFTABLE Constant: Func<object, object, bool>[] { Func<object, object, bool> } | Resolver: _ => new Func<object, object, bool>[]{ (left, right) => left == null ? right == null : right != null && (int)left == (int)right }], 
                selfIdentifierValueComparers: [LIFTABLE Constant: Func<object, object, bool>[] { Func<object, object, bool> } | Resolver: _ => new Func<object, object, bool>[]{ (left, right) => left == null ? right == null : right != null && (int)left == (int)right }], 
                innerShaper: (queryContext, dataReader, resultContext, resultCoordinator) => 
                {
                    Journal entity;
                    entity = 
                    {
                        MaterializationContext materializationContext2;
                        IEntityType entityType2;
                        Journal instance2;
                        InternalEntityEntry entry2;
                        bool hasNullKey2;
                        materializationContext2 = new MaterializationContext(
                            [LIFTABLE Constant: ValueBuffer | Resolver: _ => (object)ValueBuffer.Empty], 
                            queryContext.Context
                        );
                        instance2 = default(Journal);
                        entry2 = queryContext.TryGetEntry(
                            key: [LIFTABLE Constant: Key: Journal.Id PK | Resolver: c => c.Dependencies.Model.FindEntityType("JournalApp.Domain.Journal.Journal").FindPrimaryKey()], 
                            keyValues: new object[]{ dataReader.IsDBNull(3) ? default(object) : (object)dataReader.GetInt32(3) }, 
                            throwOnNullKey: False, 
                            hasNullKey: hasNullKey2);
                        !(hasNullKey2) ? entry2 != default(InternalEntityEntry) ? 
                        {
                            entityType2 = entry2.EntityType;
                            return instance2 = (Journal)entry2.Entity;
                        } : 
                        {
                            ISnapshot shadowSnapshot2;
                            shadowSnapshot2 = [LIFTABLE Constant: Snapshot | Resolver: _ => Snapshot.Empty];
                            entityType2 = [LIFTABLE Constant: EntityType: Journal | Resolver: namelessParameter{5} => namelessParameter{5}.Dependencies.Model.FindEntityType("JournalApp.Domain.Journal.Journal")];
                            instance2 = switch (entityType2)
                            {
                                case [LIFTABLE Constant: EntityType: Journal | Resolver: namelessParameter{6} => namelessParameter{6}.Dependencies.Model.FindEntityType("JournalApp.Domain.Journal.Journal")]: 
                                    {
                                        return 
                                        {
                                            Journal instance;
                                            instance = new Journal();
                                            instance.<Id>k__BackingField = dataReader.IsDBNull(3) ? default(int) : dataReader.GetInt32(3);
                                            instance.<Content>k__BackingField = dataReader.IsDBNull(4) ? default(string) : dataReader.GetString(4);
                                            {
                                                List<string> namelessParameter{7};
                                                namelessParameter{7} = instance.<Images>k__BackingField;
                                                namelessParameter{7} == null || dataReader.IsDBNull(5) ? default(List<string>) : (List<string>)Invoke(((CollectionToJsonStringConverter<string>)((IReadOnlyProperty)[LIFTABLE Constant: Property: Journal.Images (List<string>) Required Element type: string Required | Resolver: namelessParameter{8} => namelessParameter{8}.Dependencies.Model.FindEntityType("JournalApp.Domain.Journal.Journal").FindProperty("Images")]).GetTypeMapping().Converter).ConvertFromProviderTyped, dataReader.GetString(5)) == null || namelessParameter{7}.IsReadOnly ? instance.<Images>k__BackingField = dataReader.IsDBNull(5) ? default(List<string>) : (List<string>)Invoke(((CollectionToJsonStringConverter<string>)((IReadOnlyProperty)[LIFTABLE Constant: Property: Journal.Images (List<string>) Required Element type: string Required | Resolver: namelessParameter{9} => namelessParameter{9}.Dependencies.Model.FindEntityType("JournalApp.Domain.Journal.Journal").FindProperty("Images")]).GetTypeMapping().Converter).ConvertFromProviderTyped, dataReader.GetString(5)) : EntityMaterializerSource.PopulateList<string>(
                                                    buffer: dataReader.IsDBNull(5) ? default(List<string>) : (List<string>)Invoke(((CollectionToJsonStringConverter<string>)((IReadOnlyProperty)[LIFTABLE Constant: Property: Journal.Images (List<string>) Required Element type: string Required | Resolver: namelessParameter{10} => namelessParameter{10}.Dependencies.Model.FindEntityType("JournalApp.Domain.Journal.Journal").FindProperty("Images")]).GetTypeMapping().Converter).ConvertFromProviderTyped, dataReader.GetString(5)), 
                                                    target: namelessParameter{7});
                                            }instance.<Title>k__BackingField = dataReader.IsDBNull(6) ? default(string) : dataReader.GetString(6);
                                            instance.<UserId>k__BackingField = dataReader.IsDBNull(7) ? default(int) : dataReader.GetInt32(7);
                                            (instance is IInjectableService) ? ((IInjectableService)instance).Injected(
                                                context: materializationContext2.Context, 
                                                entity: instance, 
                                                queryTrackingBehavior: TrackAll, 
                                                structuralType: [LIFTABLE Constant: EntityType: Journal | Resolver: namelessParameter{11} => namelessParameter{11}.Dependencies.Model.FindEntityType("JournalApp.Domain.Journal.Journal")]) : default(void);
                                            return instance;
                                        }}
                                default: 
                                    default(Journal)
                            }
                            ;
                            entry2 = entityType2 == default(IEntityType) ? default(InternalEntityEntry) : queryContext.StartTracking(
                                entityType: entityType2, 
                                entity: instance2, 
                                snapshot: shadowSnapshot2);
                            return instance2;
                        } : default(void);
                        return instance2;
                    };
                    return entity;
                }, 
                inverseNavigation: [LIFTABLE Constant: Navigation: Journal.User (User) ToPrincipal User Inverse: Journals | Resolver: namelessParameter{12} => namelessParameter{12}.Dependencies.Model.FindEntityType("JournalApp.Domain.Journal.Journal").FindNavigation("User")], 
                fixup: (namelessParameter{13}, namelessParameter{14}) => 
                {
                    [LIFTABLE Constant: ClrICollectionAccessor<User, List<Journal>, Journal> | Resolver: namelessParameter{15} => namelessParameter{15}.Dependencies.Model.FindEntityType("JournalApp.Domain.User.User").FindNavigation("Journals").GetCollectionAccessor()].Add(
                        entity: namelessParameter{13}, 
                        value: namelessParameter{14}, 
                        forMaterialization: True);
                    return namelessParameter{14}.<User>k__BackingField = namelessParameter{13};
                }, 
                trackingQuery: True);
            return IsTrue(resultCoordinator.ResultReady)
             ? (User)(resultContext.Values[0]) : default(User);
        }, 
        contextType: JournalApp.Infrastructure.JournalAppDbContext, 
        standAloneStateManager: False, 
        detailedErrorsEnabled: False, 
        threadSafetyChecksEnabled: True), 
    cancellationToken: queryContext.CancellationToken)'
2026-09-27 17:30:09.165 +03:00 [DBG] Creating DbConnection.
2026-09-27 17:30:09.170 +03:00 [DBG] Created DbConnection. (4ms).
2026-09-27 17:30:09.172 +03:00 [DBG] Opening connection to database 'main' on server '/Users/sgrancharov/dev/dotnet/JournalApp/JournalApp/JournalApp.Infrastructure/JournalApp.db'.
2026-09-27 17:30:09.176 +03:00 [DBG] Opened connection to database 'main' on server '/Users/sgrancharov/dev/dotnet/JournalApp/JournalApp/JournalApp.Infrastructure/JournalApp.db'.
2026-09-27 17:30:09.177 +03:00 [DBG] Creating DbCommand for 'ExecuteReader'.
2026-09-27 17:30:09.179 +03:00 [DBG] Created DbCommand for 'ExecuteReader' (0ms).
2026-09-27 17:30:09.180 +03:00 [DBG] Initialized DbCommand for 'ExecuteReader' (2ms).
2026-09-27 17:30:09.183 +03:00 [DBG] Executing DbCommand [Parameters=[@__userName_0='?' (Size = 7)], CommandType='"Text"', CommandTimeout='30']
SELECT "u0"."Id", "u0"."Password", "u0"."UserName", "j"."Id", "j"."Content", "j"."Images", "j"."Title", "j"."UserId"
FROM (
    SELECT "u"."Id", "u"."Password", "u"."UserName"
    FROM "Users" AS "u"
    WHERE "u"."UserName" = @__userName_0
    LIMIT 1
) AS "u0"
LEFT JOIN "Journals" AS "j" ON "u0"."Id" = "j"."UserId"
ORDER BY "u0"."Id"
2026-09-27 17:30:09.195 +03:00 [INF] Executed DbCommand (8ms) [Parameters=[@__userName_0='?' (Size = 7)], CommandType='"Text"', CommandTimeout='30']
SELECT "u0"."Id", "u0"."Password", "u0"."UserName", "j"."Id", "j"."Content", "j"."Images", "j"."Title", "j"."UserId"
FROM (
    SELECT "u"."Id", "u"."Password", "u"."UserName"
    FROM "Users" AS "u"
    WHERE "u"."UserName" = @__userName_0
    LIMIT 1
) AS "u0"
LEFT JOIN "Journals" AS "j" ON "u0"."Id" = "j"."UserId"
ORDER BY "u0"."Id"
2026-09-27 17:30:09.209 +03:00 [DBG] Context 'JournalAppDbContext' started tracking 'User' entity. Consider using 'DbContextOptionsBuilder.EnableSensitiveDataLogging' to see key values.
2026-09-27 17:30:09.225 +03:00 [DBG] Context 'JournalAppDbContext' started tracking 'Journal' entity. Consider using 'DbContextOptionsBuilder.EnableSensitiveDataLogging' to see key values.
2026-09-27 17:30:09.228 +03:00 [DBG] Context 'JournalAppDbContext' started tracking 'Journal' entity. Consider using 'DbContextOptionsBuilder.EnableSensitiveDataLogging' to see key values.
2026-09-27 17:30:09.228 +03:00 [DBG] Context 'JournalAppDbContext' started tracking 'Journal' entity. Consider using 'DbContextOptionsBuilder.EnableSensitiveDataLogging' to see key values.
2026-09-27 17:30:09.228 +03:00 [DBG] Context 'JournalAppDbContext' started tracking 'Journal' entity. Consider using 'DbContextOptionsBuilder.EnableSensitiveDataLogging' to see key values.
2026-09-27 17:30:09.228 +03:00 [DBG] Context 'JournalAppDbContext' started tracking 'Journal' entity. Consider using 'DbContextOptionsBuilder.EnableSensitiveDataLogging' to see key values.
2026-09-27 17:30:09.230 +03:00 [DBG] Closing data reader to 'main' on server '/Users/sgrancharov/dev/dotnet/JournalApp/JournalApp/JournalApp.Infrastructure/JournalApp.db'.
2026-09-27 17:30:09.232 +03:00 [DBG] A data reader for 'main' on server '/Users/sgrancharov/dev/dotnet/JournalApp/JournalApp/JournalApp.Infrastructure/JournalApp.db' is being disposed after spending 34ms reading results.
2026-09-27 17:30:09.233 +03:00 [DBG] Closing connection to database 'main' on server '/Users/sgrancharov/dev/dotnet/JournalApp/JournalApp/JournalApp.Infrastructure/JournalApp.db'.
2026-09-27 17:30:09.235 +03:00 [DBG] Closed connection to database 'main' on server '/Users/sgrancharov/dev/dotnet/JournalApp/JournalApp/JournalApp.Infrastructure/JournalApp.db' (1ms).
2026-09-27 17:30:21.569 +03:00 [DBG] Opening connection to database 'main' on server '/Users/sgrancharov/dev/dotnet/JournalApp/JournalApp/JournalApp.Infrastructure/JournalApp.db'.
2026-09-27 17:30:21.569 +03:00 [DBG] Opened connection to database 'main' on server '/Users/sgrancharov/dev/dotnet/JournalApp/JournalApp/JournalApp.Infrastructure/JournalApp.db'.
2026-09-27 17:30:21.569 +03:00 [DBG] Creating DbCommand for 'ExecuteReader'.
2026-09-27 17:30:21.569 +03:00 [DBG] Created DbCommand for 'ExecuteReader' (0ms).
2026-09-27 17:30:21.569 +03:00 [DBG] Initialized DbCommand for 'ExecuteReader' (0ms).
2026-09-27 17:30:21.570 +03:00 [DBG] Executing DbCommand [Parameters=[@__userName_0='?' (Size = 7)], CommandType='"Text"', CommandTimeout='30']
SELECT "u0"."Id", "u0"."Password", "u0"."UserName", "j"."Id", "j"."Content", "j"."Images", "j"."Title", "j"."UserId"
FROM (
    SELECT "u"."Id", "u"."Password", "u"."UserName"
    FROM "Users" AS "u"
    WHERE "u"."UserName" = @__userName_0
    LIMIT 1
) AS "u0"
LEFT JOIN "Journals" AS "j" ON "u0"."Id" = "j"."UserId"
ORDER BY "u0"."Id"
2026-09-27 17:30:21.570 +03:00 [INF] Executed DbCommand (1ms) [Parameters=[@__userName_0='?' (Size = 7)], CommandType='"Text"', CommandTimeout='30']
SELECT "u0"."Id", "u0"."Password", "u0"."UserName", "j"."Id", "j"."Content", "j"."Images", "j"."Title", "j"."UserId"
FROM (
    SELECT "u"."Id", "u"."Password", "u"."UserName"
    FROM "Users" AS "u"
    WHERE "u"."UserName" = @__userName_0
    LIMIT 1
) AS "u0"
LEFT JOIN "Journals" AS "j" ON "u0"."Id" = "j"."UserId"
ORDER BY "u0"."Id"
2026-09-27 17:30:21.570 +03:00 [DBG] Closing data reader to 'main' on server '/Users/sgrancharov/dev/dotnet/JournalApp/JournalApp/JournalApp.Infrastructure/JournalApp.db'.
2026-09-27 17:30:21.571 +03:00 [DBG] A data reader for 'main' on server '/Users/sgrancharov/dev/dotnet/JournalApp/JournalApp/JournalApp.Infrastructure/JournalApp.db' is being disposed after spending 0ms reading results.
2026-09-27 17:30:21.571 +03:00 [DBG] Closing connection to database 'main' on server '/Users/sgrancharov/dev/dotnet/JournalApp/JournalApp/JournalApp.Infrastructure/JournalApp.db'.
2026-09-27 17:30:21.571 +03:00 [DBG] Closed connection to database 'main' on server '/Users/sgrancharov/dev/dotnet/JournalApp/JournalApp/JournalApp.Infrastructure/JournalApp.db' (0ms).
2026-09-27 17:30:27.807 +03:00 [DBG] Opening connection to database 'main' on server '/Users/sgrancharov/dev/dotnet/JournalApp/JournalApp/JournalApp.Infrastructure/JournalApp.db'.
2026-09-27 17:30:27.807 +03:00 [DBG] Opened connection to database 'main' on server '/Users/sgrancharov/dev/dotnet/JournalApp/JournalApp/JournalApp.Infrastructure/JournalApp.db'.
2026-09-27 17:30:27.807 +03:00 [DBG] Creating DbCommand for 'ExecuteReader'.
2026-09-27 17:30:27.807 +03:00 [DBG] Created DbCommand for 'ExecuteReader' (0ms).
2026-09-27 17:30:27.808 +03:00 [DBG] Initialized DbCommand for 'ExecuteReader' (0ms).
2026-09-27 17:30:27.808 +03:00 [DBG] Executing DbCommand [Parameters=[@__userName_0='?' (Size = 7)], CommandType='"Text"', CommandTimeout='30']
SELECT "u0"."Id", "u0"."Password", "u0"."UserName", "j"."Id", "j"."Content", "j"."Images", "j"."Title", "j"."UserId"
FROM (
    SELECT "u"."Id", "u"."Password", "u"."UserName"
    FROM "Users" AS "u"
    WHERE "u"."UserName" = @__userName_0
    LIMIT 1
) AS "u0"
LEFT JOIN "Journals" AS "j" ON "u0"."Id" = "j"."UserId"
ORDER BY "u0"."Id"
2026-09-27 17:30:27.808 +03:00 [INF] Executed DbCommand (0ms) [Parameters=[@__userName_0='?' (Size = 7)], CommandType='"Text"', CommandTimeout='30']
SELECT "u0"."Id", "u0"."Password", "u0"."UserName", "j"."Id", "j"."Content", "j"."Images", "j"."Title", "j"."UserId"
FROM (
    SELECT "u"."Id", "u"."Password", "u"."UserName"
    FROM "Users" AS "u"
    WHERE "u"."UserName" = @__userName_0
    LIMIT 1
) AS "u0"
LEFT JOIN "Journals" AS "j" ON "u0"."Id" = "j"."UserId"
ORDER BY "u0"."Id"
2026-09-27 17:30:27.808 +03:00 [DBG] Closing data reader to 'main' on server '/Users/sgrancharov/dev/dotnet/JournalApp/JournalApp/JournalApp.Infrastructure/JournalApp.db'.
2026-09-27 17:30:27.809 +03:00 [DBG] A data reader for 'main' on server '/Users/sgrancharov/dev/dotnet/JournalApp/JournalApp/JournalApp.Infrastructure/JournalApp.db' is being disposed after spending 0ms reading results.
2026-09-27 17:30:27.809 +03:00 [DBG] Closing connection to database 'main' on server '/Users/sgrancharov/dev/dotnet/JournalApp/JournalApp/JournalApp.Infrastructure/JournalApp.db'.
2026-09-27 17:30:27.809 +03:00 [DBG] Closed connection to database 'main' on server '/Users/sgrancharov/dev/dotnet/JournalApp/JournalApp/JournalApp.Infrastructure/JournalApp.db' (0ms).
2026-09-27 17:32:01.087 +03:00 [WRN] You do not have a valid license key for the Lucky Penny software AutoMapper. This is allowed for development and testing scenarios. If you are running in production you are required to have a licensed version. Please visit https://luckypennysoftware.com to obtain a valid license.
2026-09-27 17:32:07.762 +03:00 [DBG] An 'IServiceProvider' was created for internal use by Entity Framework.
2026-09-27 17:32:08.020 +03:00 [DBG] Entity Framework Core 9.0.7 initialized 'JournalAppDbContext' using provider 'Microsoft.EntityFrameworkCore.Sqlite:9.0.7' with options: None
2026-09-27 17:32:08.044 +03:00 [DBG] Compiling query expression: 
'DbSet<User>()
    .Include(u => u.Journals)
    .FirstOrDefault(u => u.UserName == __userName_0)'
2026-09-27 17:32:08.067 +03:00 [DBG] Including navigation: 'User.Journals'.
2026-09-27 17:32:08.179 +03:00 [DBG] Generated query execution expression: 
'queryContext => ShapedQueryCompilingExpressionVisitor.SingleOrDefaultAsync<User>(
    asyncEnumerable: SingleQueryingEnumerable.Create<User>(
        relationalQueryContext: (RelationalQueryContext)queryContext, 
        relationalCommandResolver: parameters => [LIFTABLE Constant: RelationalCommandCache.QueryExpression(
            Client Projections:
                0 -> Dictionary<IProperty, int> { [Property: User.Id (int) Required PK AfterSave:Throw ValueGenerated.OnAdd, 0], [Property: User.Password (string) Required, 1], [Property: User.UserName (string) Required, 2] }
                1 -> 0
                2 -> Dictionary<IProperty, int> { [Property: Journal.Id (int) Required PK AfterSave:Throw ValueGenerated.OnAdd, 3], [Property: Journal.Content (string) Required, 4], [Property: Journal.Images (List<string>) Required Element type: string Required, 5], [Property: Journal.Title (string) Required, 6], [Property: Journal.UserId (int) Required FK Index, 7] }
                3 -> 3
            SELECT u0.Id, u0.Password, u0.UserName, j.Id, j.Content, j.Images, j.Title, j.UserId
            FROM 
            (
                SELECT TOP(1) u.Id, u.Password, u.UserName
                FROM Users AS u
                WHERE u.UserName == @__userName_0
            ) AS u0
            LEFT JOIN Journals AS j ON u0.Id == j.UserId
            ORDER BY u0.Id ASC) | Resolver: c => new RelationalCommandCache(
            c.Dependencies.MemoryCache, 
            c.RelationalDependencies.QuerySqlGeneratorFactory, 
            c.RelationalDependencies.RelationalParameterBasedSqlProcessorFactory, 
            Client Projections:
                0 -> Dictionary<IProperty, int> { [Property: User.Id (int) Required PK AfterSave:Throw ValueGenerated.OnAdd, 0], [Property: User.Password (string) Required, 1], [Property: User.UserName (string) Required, 2] }
                1 -> 0
                2 -> Dictionary<IProperty, int> { [Property: Journal.Id (int) Required PK AfterSave:Throw ValueGenerated.OnAdd, 3], [Property: Journal.Content (string) Required, 4], [Property: Journal.Images (List<string>) Required Element type: string Required, 5], [Property: Journal.Title (string) Required, 6], [Property: Journal.UserId (int) Required FK Index, 7] }
                3 -> 3
            SELECT u0.Id, u0.Password, u0.UserName, j.Id, j.Content, j.Images, j.Title, j.UserId
            FROM 
            (
                SELECT TOP(1) u.Id, u.Password, u.UserName
                FROM Users AS u
                WHERE u.UserName == @__userName_0
            ) AS u0
            LEFT JOIN Journals AS j ON u0.Id == j.UserId
            ORDER BY u0.Id ASC, 
            False, 
            new HashSet<string>(
                new string[]{ }, 
                StringComparer.Ordinal
            )
        )].GetRelationalCommandTemplate(parameters), 
        readerColumns: null, 
        shaper: (queryContext, dataReader, resultContext, resultCoordinator) => 
        {
            resultContext.Values == null ? 
            {
                User entity;
                entity = 
                {
                    MaterializationContext materializationContext1;
                    IEntityType entityType1;
                    User instance1;
                    InternalEntityEntry entry1;
                    bool hasNullKey1;
                    materializationContext1 = new MaterializationContext(
                        [LIFTABLE Constant: ValueBuffer | Resolver: _ => (object)ValueBuffer.Empty], 
                        queryContext.Context
                    );
                    instance1 = default(User);
                    entry1 = queryContext.TryGetEntry(
                        key: [LIFTABLE Constant: Key: User.Id PK | Resolver: c => c.Dependencies.Model.FindEntityType("JournalApp.Domain.User.User").FindPrimaryKey()], 
                        keyValues: new object[]{ (object)dataReader.GetInt32(0) }, 
                        throwOnNullKey: True, 
                        hasNullKey: hasNullKey1);
                    !(hasNullKey1) ? entry1 != default(InternalEntityEntry) ? 
                    {
                        entityType1 = entry1.EntityType;
                        return instance1 = (User)entry1.Entity;
                    } : 
                    {
                        ISnapshot shadowSnapshot1;
                        shadowSnapshot1 = [LIFTABLE Constant: Snapshot | Resolver: _ => Snapshot.Empty];
                        entityType1 = [LIFTABLE Constant: EntityType: User | Resolver: namelessParameter{0} => namelessParameter{0}.Dependencies.Model.FindEntityType("JournalApp.Domain.User.User")];
                        instance1 = switch (entityType1)
                        {
                            case [LIFTABLE Constant: EntityType: User | Resolver: namelessParameter{1} => namelessParameter{1}.Dependencies.Model.FindEntityType("JournalApp.Domain.User.User")]: 
                                {
                                    return 
                                    {
                                        User instance;
                                        instance = new User();
                                        instance.<Id>k__BackingField = dataReader.GetInt32(0);
                                        instance.<Password>k__BackingField = dataReader.GetString(1);
                                        instance.<UserName>k__BackingField = dataReader.GetString(2);
                                        (instance is IInjectableService) ? ((IInjectableService)instance).Injected(
                                            context: materializationContext1.Context, 
                                            entity: instance, 
                                            queryTrackingBehavior: TrackAll, 
                                            structuralType: [LIFTABLE Constant: EntityType: User | Resolver: namelessParameter{2} => namelessParameter{2}.Dependencies.Model.FindEntityType("JournalApp.Domain.User.User")]) : default(void);
                                        return instance;
                                    }}
                            default: 
                                default(User)
                        }
                        ;
                        entry1 = entityType1 == default(IEntityType) ? default(InternalEntityEntry) : queryContext.StartTracking(
                            entityType: entityType1, 
                            entity: instance1, 
                            snapshot: shadowSnapshot1);
                        return instance1;
                    } : default(void);
                    return instance1;
                };
                resultContext.Values = new object[]{ entity };
                ShaperProcessingExpressionVisitor.InitializeIncludeCollection<User, User>(
                    collectionId: 0, 
                    queryContext: queryContext, 
                    dbDataReader: dataReader, 
                    resultCoordinator: resultCoordinator, 
                    entity: (User)(resultContext.Values[0]), 
                    parentIdentifier: [LIFTABLE Constant: Func<QueryContext, DbDataReader, object[]> | Resolver: _ => (queryContext, dataReader) => new object[]{ (object)(int?)dataReader.GetInt32(0) }], 
                    outerIdentifier: [LIFTABLE Constant: Func<QueryContext, DbDataReader, object[]> | Resolver: _ => (queryContext, dataReader) => new object[]{ (object)(int?)dataReader.GetInt32(0) }], 
                    navigation: [LIFTABLE Constant: Navigation: User.Journals (List<Journal>) Collection ToDependent Journal Inverse: User | Resolver: namelessParameter{3} => namelessParameter{3}.Dependencies.Model.FindEntityType("JournalApp.Domain.User.User").FindNavigation("Journals")], 
                    clrCollectionAccessor: [LIFTABLE Constant: ClrICollectionAccessor<User, List<Journal>, Journal> | Resolver: namelessParameter{4} => namelessParameter{4}.Dependencies.Model.FindEntityType("JournalApp.Domain.User.User").FindNavigation("Journals").GetCollectionAccessor()], 
                    trackingQuery: True, 
                    setLoaded: True);
            } : default(void);
            ShaperProcessingExpressionVisitor.PopulateIncludeCollection<User, Journal>(
                collectionId: 0, 
                queryContext: queryContext, 
                dbDataReader: dataReader, 
                resultCoordinator: resultCoordinator, 
                parentIdentifier: [LIFTABLE Constant: Func<QueryContext, DbDataReader, object[]> | Resolver: _ => (queryContext, dataReader) => new object[]{ (object)(int?)dataReader.GetInt32(0) }], 
                outerIdentifier: [LIFTABLE Constant: Func<QueryContext, DbDataReader, object[]> | Resolver: _ => (queryContext, dataReader) => new object[]{ (object)(int?)dataReader.GetInt32(0) }], 
                selfIdentifier: [LIFTABLE Constant: Func<QueryContext, DbDataReader, object[]> | Resolver: _ => (queryContext, dataReader) => new object[]{ (object)dataReader.IsDBNull(3) ? default(int?) : (int?)dataReader.GetInt32(3) }], 
                parentIdentifierValueComparers: [LIFTABLE Constant: Func<object, object, bool>[] { Func<object, object, bool> } | Resolver: _ => new Func<object, object, bool>[]{ (left, right) => left == null ? right == null : right != null && (int)left == (int)right }], 
                outerIdentifierValueComparers: [LIFTABLE Constant: Func<object, object, bool>[] { Func<object, object, bool> } | Resolver: _ => new Func<object, object, bool>[]{ (left, right) => left == null ? right == null : right != null && (int)left == (int)right }], 
                selfIdentifierValueComparers: [LIFTABLE Constant: Func<object, object, bool>[] { Func<object, object, bool> } | Resolver: _ => new Func<object, object, bool>[]{ (left, right) => left == null ? right == null : right != null && (int)left == (int)right }], 
                innerShaper: (queryContext, dataReader, resultContext, resultCoordinator) => 
                {
                    Journal entity;
                    entity = 
                    {
                        MaterializationContext materializationContext2;
                        IEntityType entityType2;
                        Journal instance2;
                        InternalEntityEntry entry2;
                        bool hasNullKey2;
                        materializationContext2 = new MaterializationContext(
                            [LIFTABLE Constant: ValueBuffer | Resolver: _ => (object)ValueBuffer.Empty], 
                            queryContext.Context
                        );
                        instance2 = default(Journal);
                        entry2 = queryContext.TryGetEntry(
                            key: [LIFTABLE Constant: Key: Journal.Id PK | Resolver: c => c.Dependencies.Model.FindEntityType("JournalApp.Domain.Journal.Journal").FindPrimaryKey()], 
                            keyValues: new object[]{ dataReader.IsDBNull(3) ? default(object) : (object)dataReader.GetInt32(3) }, 
                            throwOnNullKey: False, 
                            hasNullKey: hasNullKey2);
                        !(hasNullKey2) ? entry2 != default(InternalEntityEntry) ? 
                        {
                            entityType2 = entry2.EntityType;
                            return instance2 = (Journal)entry2.Entity;
                        } : 
                        {
                            ISnapshot shadowSnapshot2;
                            shadowSnapshot2 = [LIFTABLE Constant: Snapshot | Resolver: _ => Snapshot.Empty];
                            entityType2 = [LIFTABLE Constant: EntityType: Journal | Resolver: namelessParameter{5} => namelessParameter{5}.Dependencies.Model.FindEntityType("JournalApp.Domain.Journal.Journal")];
                            instance2 = switch (entityType2)
                            {
                                case [LIFTABLE Constant: EntityType: Journal | Resolver: namelessParameter{6} => namelessParameter{6}.Dependencies.Model.FindEntityType("JournalApp.Domain.Journal.Journal")]: 
                                    {
                                        return 
                                        {
                                            Journal instance;
                                            instance = new Journal();
                                            instance.<Id>k__BackingField = dataReader.IsDBNull(3) ? default(int) : dataReader.GetInt32(3);
                                            instance.<Content>k__BackingField = dataReader.IsDBNull(4) ? default(string) : dataReader.GetString(4);
                                            {
                                                List<string> namelessParameter{7};
                                                namelessParameter{7} = instance.<Images>k__BackingField;
                                                namelessParameter{7} == null || dataReader.IsDBNull(5) ? default(List<string>) : (List<string>)Invoke(((CollectionToJsonStringConverter<string>)((IReadOnlyProperty)[LIFTABLE Constant: Property: Journal.Images (List<string>) Required Element type: string Required | Resolver: namelessParameter{8} => namelessParameter{8}.Dependencies.Model.FindEntityType("JournalApp.Domain.Journal.Journal").FindProperty("Images")]).GetTypeMapping().Converter).ConvertFromProviderTyped, dataReader.GetString(5)) == null || namelessParameter{7}.IsReadOnly ? instance.<Images>k__BackingField = dataReader.IsDBNull(5) ? default(List<string>) : (List<string>)Invoke(((CollectionToJsonStringConverter<string>)((IReadOnlyProperty)[LIFTABLE Constant: Property: Journal.Images (List<string>) Required Element type: string Required | Resolver: namelessParameter{9} => namelessParameter{9}.Dependencies.Model.FindEntityType("JournalApp.Domain.Journal.Journal").FindProperty("Images")]).GetTypeMapping().Converter).ConvertFromProviderTyped, dataReader.GetString(5)) : EntityMaterializerSource.PopulateList<string>(
                                                    buffer: dataReader.IsDBNull(5) ? default(List<string>) : (List<string>)Invoke(((CollectionToJsonStringConverter<string>)((IReadOnlyProperty)[LIFTABLE Constant: Property: Journal.Images (List<string>) Required Element type: string Required | Resolver: namelessParameter{10} => namelessParameter{10}.Dependencies.Model.FindEntityType("JournalApp.Domain.Journal.Journal").FindProperty("Images")]).GetTypeMapping().Converter).ConvertFromProviderTyped, dataReader.GetString(5)), 
                                                    target: namelessParameter{7});
                                            }instance.<Title>k__BackingField = dataReader.IsDBNull(6) ? default(string) : dataReader.GetString(6);
                                            instance.<UserId>k__BackingField = dataReader.IsDBNull(7) ? default(int) : dataReader.GetInt32(7);
                                            (instance is IInjectableService) ? ((IInjectableService)instance).Injected(
                                                context: materializationContext2.Context, 
                                                entity: instance, 
                                                queryTrackingBehavior: TrackAll, 
                                                structuralType: [LIFTABLE Constant: EntityType: Journal | Resolver: namelessParameter{11} => namelessParameter{11}.Dependencies.Model.FindEntityType("JournalApp.Domain.Journal.Journal")]) : default(void);
                                            return instance;
                                        }}
                                default: 
                                    default(Journal)
                            }
                            ;
                            entry2 = entityType2 == default(IEntityType) ? default(InternalEntityEntry) : queryContext.StartTracking(
                                entityType: entityType2, 
                                entity: instance2, 
                                snapshot: shadowSnapshot2);
                            return instance2;
                        } : default(void);
                        return instance2;
                    };
                    return entity;
                }, 
                inverseNavigation: [LIFTABLE Constant: Navigation: Journal.User (User) ToPrincipal User Inverse: Journals | Resolver: namelessParameter{12} => namelessParameter{12}.Dependencies.Model.FindEntityType("JournalApp.Domain.Journal.Journal").FindNavigation("User")], 
                fixup: (namelessParameter{13}, namelessParameter{14}) => 
                {
                    [LIFTABLE Constant: ClrICollectionAccessor<User, List<Journal>, Journal> | Resolver: namelessParameter{15} => namelessParameter{15}.Dependencies.Model.FindEntityType("JournalApp.Domain.User.User").FindNavigation("Journals").GetCollectionAccessor()].Add(
                        entity: namelessParameter{13}, 
                        value: namelessParameter{14}, 
                        forMaterialization: True);
                    return namelessParameter{14}.<User>k__BackingField = namelessParameter{13};
                }, 
                trackingQuery: True);
            return IsTrue(resultCoordinator.ResultReady)
             ? (User)(resultContext.Values[0]) : default(User);
        }, 
        contextType: JournalApp.Infrastructure.JournalAppDbContext, 
        standAloneStateManager: False, 
        detailedErrorsEnabled: False, 
        threadSafetyChecksEnabled: True), 
    cancellationToken: queryContext.CancellationToken)'
2026-09-27 17:32:08.194 +03:00 [DBG] Creating DbConnection.
2026-09-27 17:32:08.198 +03:00 [DBG] Created DbConnection. (3ms).
2026-09-27 17:32:08.200 +03:00 [DBG] Opening connection to database 'main' on server '/Users/sgrancharov/dev/dotnet/JournalApp/JournalApp/JournalApp.Infrastructure/JournalApp.db'.
2026-09-27 17:32:08.204 +03:00 [DBG] Opened connection to database 'main' on server '/Users/sgrancharov/dev/dotnet/JournalApp/JournalApp/JournalApp.Infrastructure/JournalApp.db'.
2026-09-27 17:32:08.205 +03:00 [DBG] Creating DbCommand for 'ExecuteReader'.
2026-09-27 17:32:08.208 +03:00 [DBG] Created DbCommand for 'ExecuteReader' (0ms).
2026-09-27 17:32:08.209 +03:00 [DBG] Initialized DbCommand for 'ExecuteReader' (3ms).
2026-09-27 17:32:08.212 +03:00 [DBG] Executing DbCommand [Parameters=[@__userName_0='?' (Size = 7)], CommandType='"Text"', CommandTimeout='30']
SELECT "u0"."Id", "u0"."Password", "u0"."UserName", "j"."Id", "j"."Content", "j"."Images", "j"."Title", "j"."UserId"
FROM (
    SELECT "u"."Id", "u"."Password", "u"."UserName"
    FROM "Users" AS "u"
    WHERE "u"."UserName" = @__userName_0
    LIMIT 1
) AS "u0"
LEFT JOIN "Journals" AS "j" ON "u0"."Id" = "j"."UserId"
ORDER BY "u0"."Id"
2026-09-27 17:32:08.223 +03:00 [INF] Executed DbCommand (8ms) [Parameters=[@__userName_0='?' (Size = 7)], CommandType='"Text"', CommandTimeout='30']
SELECT "u0"."Id", "u0"."Password", "u0"."UserName", "j"."Id", "j"."Content", "j"."Images", "j"."Title", "j"."UserId"
FROM (
    SELECT "u"."Id", "u"."Password", "u"."UserName"
    FROM "Users" AS "u"
    WHERE "u"."UserName" = @__userName_0
    LIMIT 1
) AS "u0"
LEFT JOIN "Journals" AS "j" ON "u0"."Id" = "j"."UserId"
ORDER BY "u0"."Id"
2026-09-27 17:32:08.236 +03:00 [DBG] Context 'JournalAppDbContext' started tracking 'User' entity. Consider using 'DbContextOptionsBuilder.EnableSensitiveDataLogging' to see key values.
2026-09-27 17:32:08.251 +03:00 [DBG] Context 'JournalAppDbContext' started tracking 'Journal' entity. Consider using 'DbContextOptionsBuilder.EnableSensitiveDataLogging' to see key values.
2026-09-27 17:32:08.255 +03:00 [DBG] Context 'JournalAppDbContext' started tracking 'Journal' entity. Consider using 'DbContextOptionsBuilder.EnableSensitiveDataLogging' to see key values.
2026-09-27 17:32:08.255 +03:00 [DBG] Context 'JournalAppDbContext' started tracking 'Journal' entity. Consider using 'DbContextOptionsBuilder.EnableSensitiveDataLogging' to see key values.
2026-09-27 17:32:08.255 +03:00 [DBG] Context 'JournalAppDbContext' started tracking 'Journal' entity. Consider using 'DbContextOptionsBuilder.EnableSensitiveDataLogging' to see key values.
2026-09-27 17:32:08.255 +03:00 [DBG] Context 'JournalAppDbContext' started tracking 'Journal' entity. Consider using 'DbContextOptionsBuilder.EnableSensitiveDataLogging' to see key values.
2026-09-27 17:32:08.257 +03:00 [DBG] Closing data reader to 'main' on server '/Users/sgrancharov/dev/dotnet/JournalApp/JournalApp/JournalApp.Infrastructure/JournalApp.db'.
2026-09-27 17:32:08.260 +03:00 [DBG] A data reader for 'main' on server '/Users/sgrancharov/dev/dotnet/JournalApp/JournalApp/JournalApp.Infrastructure/JournalApp.db' is being disposed after spending 34ms reading results.
2026-09-27 17:32:08.261 +03:00 [DBG] Closing connection to database 'main' on server '/Users/sgrancharov/dev/dotnet/JournalApp/JournalApp/JournalApp.Infrastructure/JournalApp.db'.
2026-09-27 17:32:08.262 +03:00 [DBG] Closed connection to database 'main' on server '/Users/sgrancharov/dev/dotnet/JournalApp/JournalApp/JournalApp.Infrastructure/JournalApp.db' (1ms).
2026-09-27 17:32:18.379 +03:00 [DBG] Opening connection to database 'main' on server '/Users/sgrancharov/dev/dotnet/JournalApp/JournalApp/JournalApp.Infrastructure/JournalApp.db'.
2026-09-27 17:32:18.379 +03:00 [DBG] Opened connection to database 'main' on server '/Users/sgrancharov/dev/dotnet/JournalApp/JournalApp/JournalApp.Infrastructure/JournalApp.db'.
2026-09-27 17:32:18.379 +03:00 [DBG] Creating DbCommand for 'ExecuteReader'.
2026-09-27 17:32:18.380 +03:00 [DBG] Created DbCommand for 'ExecuteReader' (0ms).
2026-09-27 17:32:18.380 +03:00 [DBG] Initialized DbCommand for 'ExecuteReader' (0ms).
2026-09-27 17:32:18.380 +03:00 [DBG] Executing DbCommand [Parameters=[@__userName_0='?' (Size = 7)], CommandType='"Text"', CommandTimeout='30']
SELECT "u0"."Id", "u0"."Password", "u0"."UserName", "j"."Id", "j"."Content", "j"."Images", "j"."Title", "j"."UserId"
FROM (
    SELECT "u"."Id", "u"."Password", "u"."UserName"
    FROM "Users" AS "u"
    WHERE "u"."UserName" = @__userName_0
    LIMIT 1
) AS "u0"
LEFT JOIN "Journals" AS "j" ON "u0"."Id" = "j"."UserId"
ORDER BY "u0"."Id"
2026-09-27 17:32:18.381 +03:00 [INF] Executed DbCommand (1ms) [Parameters=[@__userName_0='?' (Size = 7)], CommandType='"Text"', CommandTimeout='30']
SELECT "u0"."Id", "u0"."Password", "u0"."UserName", "j"."Id", "j"."Content", "j"."Images", "j"."Title", "j"."UserId"
FROM (
    SELECT "u"."Id", "u"."Password", "u"."UserName"
    FROM "Users" AS "u"
    WHERE "u"."UserName" = @__userName_0
    LIMIT 1
) AS "u0"
LEFT JOIN "Journals" AS "j" ON "u0"."Id" = "j"."UserId"
ORDER BY "u0"."Id"
2026-09-27 17:32:18.381 +03:00 [DBG] Closing data reader to 'main' on server '/Users/sgrancharov/dev/dotnet/JournalApp/JournalApp/JournalApp.Infrastructure/JournalApp.db'.
2026-09-27 17:32:18.381 +03:00 [DBG] A data reader for 'main' on server '/Users/sgrancharov/dev/dotnet/JournalApp/JournalApp/JournalApp.Infrastructure/JournalApp.db' is being disposed after spending 0ms reading results.
2026-09-27 17:32:18.381 +03:00 [DBG] Closing connection to database 'main' on server '/Users/sgrancharov/dev/dotnet/JournalApp/JournalApp/JournalApp.Infrastructure/JournalApp.db'.
2026-09-27 17:32:18.381 +03:00 [DBG] Closed connection to database 'main' on server '/Users/sgrancharov/dev/dotnet/JournalApp/JournalApp/JournalApp.Infrastructure/JournalApp.db' (0ms).
2026-09-27 17:33:19.652 +03:00 [WRN] You do not have a valid license key for the Lucky Penny software AutoMapper. This is allowed for development and testing scenarios. If you are running in production you are required to have a licensed version. Please visit https://luckypennysoftware.com to obtain a valid license.
2026-09-27 17:33:26.555 +03:00 [DBG] An 'IServiceProvider' was created for internal use by Entity Framework.
2026-09-27 17:33:26.851 +03:00 [DBG] Entity Framework Core 9.0.7 initialized 'JournalAppDbContext' using provider 'Microsoft.EntityFrameworkCore.Sqlite:9.0.7' with options: None
2026-09-27 17:33:26.875 +03:00 [DBG] Compiling query expression: 
'DbSet<User>()
    .Include(u => u.Journals)
    .FirstOrDefault(u => u.UserName == __userName_0)'
2026-09-27 17:33:26.897 +03:00 [DBG] Including navigation: 'User.Journals'.
2026-09-27 17:33:27.013 +03:00 [DBG] Generated query execution expression: 
'queryContext => ShapedQueryCompilingExpressionVisitor.SingleOrDefaultAsync<User>(
    asyncEnumerable: SingleQueryingEnumerable.Create<User>(
        relationalQueryContext: (RelationalQueryContext)queryContext, 
        relationalCommandResolver: parameters => [LIFTABLE Constant: RelationalCommandCache.QueryExpression(
            Client Projections:
                0 -> Dictionary<IProperty, int> { [Property: User.Id (int) Required PK AfterSave:Throw ValueGenerated.OnAdd, 0], [Property: User.Password (string) Required, 1], [Property: User.UserName (string) Required, 2] }
                1 -> 0
                2 -> Dictionary<IProperty, int> { [Property: Journal.Id (int) Required PK AfterSave:Throw ValueGenerated.OnAdd, 3], [Property: Journal.Content (string) Required, 4], [Property: Journal.Images (List<string>) Required Element type: string Required, 5], [Property: Journal.Title (string) Required, 6], [Property: Journal.UserId (int) Required FK Index, 7] }
                3 -> 3
            SELECT u0.Id, u0.Password, u0.UserName, j.Id, j.Content, j.Images, j.Title, j.UserId
            FROM 
            (
                SELECT TOP(1) u.Id, u.Password, u.UserName
                FROM Users AS u
                WHERE u.UserName == @__userName_0
            ) AS u0
            LEFT JOIN Journals AS j ON u0.Id == j.UserId
            ORDER BY u0.Id ASC) | Resolver: c => new RelationalCommandCache(
            c.Dependencies.MemoryCache, 
            c.RelationalDependencies.QuerySqlGeneratorFactory, 
            c.RelationalDependencies.RelationalParameterBasedSqlProcessorFactory, 
            Client Projections:
                0 -> Dictionary<IProperty, int> { [Property: User.Id (int) Required PK AfterSave:Throw ValueGenerated.OnAdd, 0], [Property: User.Password (string) Required, 1], [Property: User.UserName (string) Required, 2] }
                1 -> 0
                2 -> Dictionary<IProperty, int> { [Property: Journal.Id (int) Required PK AfterSave:Throw ValueGenerated.OnAdd, 3], [Property: Journal.Content (string) Required, 4], [Property: Journal.Images (List<string>) Required Element type: string Required, 5], [Property: Journal.Title (string) Required, 6], [Property: Journal.UserId (int) Required FK Index, 7] }
                3 -> 3
            SELECT u0.Id, u0.Password, u0.UserName, j.Id, j.Content, j.Images, j.Title, j.UserId
            FROM 
            (
                SELECT TOP(1) u.Id, u.Password, u.UserName
                FROM Users AS u
                WHERE u.UserName == @__userName_0
            ) AS u0
            LEFT JOIN Journals AS j ON u0.Id == j.UserId
            ORDER BY u0.Id ASC, 
            False, 
            new HashSet<string>(
                new string[]{ }, 
                StringComparer.Ordinal
            )
        )].GetRelationalCommandTemplate(parameters), 
        readerColumns: null, 
        shaper: (queryContext, dataReader, resultContext, resultCoordinator) => 
        {
            resultContext.Values == null ? 
            {
                User entity;
                entity = 
                {
                    MaterializationContext materializationContext1;
                    IEntityType entityType1;
                    User instance1;
                    InternalEntityEntry entry1;
                    bool hasNullKey1;
                    materializationContext1 = new MaterializationContext(
                        [LIFTABLE Constant: ValueBuffer | Resolver: _ => (object)ValueBuffer.Empty], 
                        queryContext.Context
                    );
                    instance1 = default(User);
                    entry1 = queryContext.TryGetEntry(
                        key: [LIFTABLE Constant: Key: User.Id PK | Resolver: c => c.Dependencies.Model.FindEntityType("JournalApp.Domain.User.User").FindPrimaryKey()], 
                        keyValues: new object[]{ (object)dataReader.GetInt32(0) }, 
                        throwOnNullKey: True, 
                        hasNullKey: hasNullKey1);
                    !(hasNullKey1) ? entry1 != default(InternalEntityEntry) ? 
                    {
                        entityType1 = entry1.EntityType;
                        return instance1 = (User)entry1.Entity;
                    } : 
                    {
                        ISnapshot shadowSnapshot1;
                        shadowSnapshot1 = [LIFTABLE Constant: Snapshot | Resolver: _ => Snapshot.Empty];
                        entityType1 = [LIFTABLE Constant: EntityType: User | Resolver: namelessParameter{0} => namelessParameter{0}.Dependencies.Model.FindEntityType("JournalApp.Domain.User.User")];
                        instance1 = switch (entityType1)
                        {
                            case [LIFTABLE Constant: EntityType: User | Resolver: namelessParameter{1} => namelessParameter{1}.Dependencies.Model.FindEntityType("JournalApp.Domain.User.User")]: 
                                {
                                    return 
                                    {
                                        User instance;
                                        instance = new User();
                                        instance.<Id>k__BackingField = dataReader.GetInt32(0);
                                        instance.<Password>k__BackingField = dataReader.GetString(1);
                                        instance.<UserName>k__BackingField = dataReader.GetString(2);
                                        (instance is IInjectableService) ? ((IInjectableService)instance).Injected(
                                            context: materializationContext1.Context, 
                                            entity: instance, 
                                            queryTrackingBehavior: TrackAll, 
                                            structuralType: [LIFTABLE Constant: EntityType: User | Resolver: namelessParameter{2} => namelessParameter{2}.Dependencies.Model.FindEntityType("JournalApp.Domain.User.User")]) : default(void);
                                        return instance;
                                    }}
                            default: 
                                default(User)
                        }
                        ;
                        entry1 = entityType1 == default(IEntityType) ? default(InternalEntityEntry) : queryContext.StartTracking(
                            entityType: entityType1, 
                            entity: instance1, 
                            snapshot: shadowSnapshot1);
                        return instance1;
                    } : default(void);
                    return instance1;
                };
                resultContext.Values = new object[]{ entity };
                ShaperProcessingExpressionVisitor.InitializeIncludeCollection<User, User>(
                    collectionId: 0, 
                    queryContext: queryContext, 
                    dbDataReader: dataReader, 
                    resultCoordinator: resultCoordinator, 
                    entity: (User)(resultContext.Values[0]), 
                    parentIdentifier: [LIFTABLE Constant: Func<QueryContext, DbDataReader, object[]> | Resolver: _ => (queryContext, dataReader) => new object[]{ (object)(int?)dataReader.GetInt32(0) }], 
                    outerIdentifier: [LIFTABLE Constant: Func<QueryContext, DbDataReader, object[]> | Resolver: _ => (queryContext, dataReader) => new object[]{ (object)(int?)dataReader.GetInt32(0) }], 
                    navigation: [LIFTABLE Constant: Navigation: User.Journals (List<Journal>) Collection ToDependent Journal Inverse: User | Resolver: namelessParameter{3} => namelessParameter{3}.Dependencies.Model.FindEntityType("JournalApp.Domain.User.User").FindNavigation("Journals")], 
                    clrCollectionAccessor: [LIFTABLE Constant: ClrICollectionAccessor<User, List<Journal>, Journal> | Resolver: namelessParameter{4} => namelessParameter{4}.Dependencies.Model.FindEntityType("JournalApp.Domain.User.User").FindNavigation("Journals").GetCollectionAccessor()], 
                    trackingQuery: True, 
                    setLoaded: True);
            } : default(void);
            ShaperProcessingExpressionVisitor.PopulateIncludeCollection<User, Journal>(
                collectionId: 0, 
                queryContext: queryContext, 
                dbDataReader: dataReader, 
                resultCoordinator: resultCoordinator, 
                parentIdentifier: [LIFTABLE Constant: Func<QueryContext, DbDataReader, object[]> | Resolver: _ => (queryContext, dataReader) => new object[]{ (object)(int?)dataReader.GetInt32(0) }], 
                outerIdentifier: [LIFTABLE Constant: Func<QueryContext, DbDataReader, object[]> | Resolver: _ => (queryContext, dataReader) => new object[]{ (object)(int?)dataReader.GetInt32(0) }], 
                selfIdentifier: [LIFTABLE Constant: Func<QueryContext, DbDataReader, object[]> | Resolver: _ => (queryContext, dataReader) => new object[]{ (object)dataReader.IsDBNull(3) ? default(int?) : (int?)dataReader.GetInt32(3) }], 
                parentIdentifierValueComparers: [LIFTABLE Constant: Func<object, object, bool>[] { Func<object, object, bool> } | Resolver: _ => new Func<object, object, bool>[]{ (left, right) => left == null ? right == null : right != null && (int)left == (int)right }], 
                outerIdentifierValueComparers: [LIFTABLE Constant: Func<object, object, bool>[] { Func<object, object, bool> } | Resolver: _ => new Func<object, object, bool>[]{ (left, right) => left == null ? right == null : right != null && (int)left == (int)right }], 
                selfIdentifierValueComparers: [LIFTABLE Constant: Func<object, object, bool>[] { Func<object, object, bool> } | Resolver: _ => new Func<object, object, bool>[]{ (left, right) => left == null ? right == null : right != null && (int)left == (int)right }], 
                innerShaper: (queryContext, dataReader, resultContext, resultCoordinator) => 
                {
                    Journal entity;
                    entity = 
                    {
                        MaterializationContext materializationContext2;
                        IEntityType entityType2;
                        Journal instance2;
                        InternalEntityEntry entry2;
                        bool hasNullKey2;
                        materializationContext2 = new MaterializationContext(
                            [LIFTABLE Constant: ValueBuffer | Resolver: _ => (object)ValueBuffer.Empty], 
                            queryContext.Context
                        );
                        instance2 = default(Journal);
                        entry2 = queryContext.TryGetEntry(
                            key: [LIFTABLE Constant: Key: Journal.Id PK | Resolver: c => c.Dependencies.Model.FindEntityType("JournalApp.Domain.Journal.Journal").FindPrimaryKey()], 
                            keyValues: new object[]{ dataReader.IsDBNull(3) ? default(object) : (object)dataReader.GetInt32(3) }, 
                            throwOnNullKey: False, 
                            hasNullKey: hasNullKey2);
                        !(hasNullKey2) ? entry2 != default(InternalEntityEntry) ? 
                        {
                            entityType2 = entry2.EntityType;
                            return instance2 = (Journal)entry2.Entity;
                        } : 
                        {
                            ISnapshot shadowSnapshot2;
                            shadowSnapshot2 = [LIFTABLE Constant: Snapshot | Resolver: _ => Snapshot.Empty];
                            entityType2 = [LIFTABLE Constant: EntityType: Journal | Resolver: namelessParameter{5} => namelessParameter{5}.Dependencies.Model.FindEntityType("JournalApp.Domain.Journal.Journal")];
                            instance2 = switch (entityType2)
                            {
                                case [LIFTABLE Constant: EntityType: Journal | Resolver: namelessParameter{6} => namelessParameter{6}.Dependencies.Model.FindEntityType("JournalApp.Domain.Journal.Journal")]: 
                                    {
                                        return 
                                        {
                                            Journal instance;
                                            instance = new Journal();
                                            instance.<Id>k__BackingField = dataReader.IsDBNull(3) ? default(int) : dataReader.GetInt32(3);
                                            instance.<Content>k__BackingField = dataReader.IsDBNull(4) ? default(string) : dataReader.GetString(4);
                                            {
                                                List<string> namelessParameter{7};
                                                namelessParameter{7} = instance.<Images>k__BackingField;
                                                namelessParameter{7} == null || dataReader.IsDBNull(5) ? default(List<string>) : (List<string>)Invoke(((CollectionToJsonStringConverter<string>)((IReadOnlyProperty)[LIFTABLE Constant: Property: Journal.Images (List<string>) Required Element type: string Required | Resolver: namelessParameter{8} => namelessParameter{8}.Dependencies.Model.FindEntityType("JournalApp.Domain.Journal.Journal").FindProperty("Images")]).GetTypeMapping().Converter).ConvertFromProviderTyped, dataReader.GetString(5)) == null || namelessParameter{7}.IsReadOnly ? instance.<Images>k__BackingField = dataReader.IsDBNull(5) ? default(List<string>) : (List<string>)Invoke(((CollectionToJsonStringConverter<string>)((IReadOnlyProperty)[LIFTABLE Constant: Property: Journal.Images (List<string>) Required Element type: string Required | Resolver: namelessParameter{9} => namelessParameter{9}.Dependencies.Model.FindEntityType("JournalApp.Domain.Journal.Journal").FindProperty("Images")]).GetTypeMapping().Converter).ConvertFromProviderTyped, dataReader.GetString(5)) : EntityMaterializerSource.PopulateList<string>(
                                                    buffer: dataReader.IsDBNull(5) ? default(List<string>) : (List<string>)Invoke(((CollectionToJsonStringConverter<string>)((IReadOnlyProperty)[LIFTABLE Constant: Property: Journal.Images (List<string>) Required Element type: string Required | Resolver: namelessParameter{10} => namelessParameter{10}.Dependencies.Model.FindEntityType("JournalApp.Domain.Journal.Journal").FindProperty("Images")]).GetTypeMapping().Converter).ConvertFromProviderTyped, dataReader.GetString(5)), 
                                                    target: namelessParameter{7});
                                            }instance.<Title>k__BackingField = dataReader.IsDBNull(6) ? default(string) : dataReader.GetString(6);
                                            instance.<UserId>k__BackingField = dataReader.IsDBNull(7) ? default(int) : dataReader.GetInt32(7);
                                            (instance is IInjectableService) ? ((IInjectableService)instance).Injected(
                                                context: materializationContext2.Context, 
                                                entity: instance, 
                                                queryTrackingBehavior: TrackAll, 
                                                structuralType: [LIFTABLE Constant: EntityType: Journal | Resolver: namelessParameter{11} => namelessParameter{11}.Dependencies.Model.FindEntityType("JournalApp.Domain.Journal.Journal")]) : default(void);
                                            return instance;
                                        }}
                                default: 
                                    default(Journal)
                            }
                            ;
                            entry2 = entityType2 == default(IEntityType) ? default(InternalEntityEntry) : queryContext.StartTracking(
                                entityType: entityType2, 
                                entity: instance2, 
                                snapshot: shadowSnapshot2);
                            return instance2;
                        } : default(void);
                        return instance2;
                    };
                    return entity;
                }, 
                inverseNavigation: [LIFTABLE Constant: Navigation: Journal.User (User) ToPrincipal User Inverse: Journals | Resolver: namelessParameter{12} => namelessParameter{12}.Dependencies.Model.FindEntityType("JournalApp.Domain.Journal.Journal").FindNavigation("User")], 
                fixup: (namelessParameter{13}, namelessParameter{14}) => 
                {
                    [LIFTABLE Constant: ClrICollectionAccessor<User, List<Journal>, Journal> | Resolver: namelessParameter{15} => namelessParameter{15}.Dependencies.Model.FindEntityType("JournalApp.Domain.User.User").FindNavigation("Journals").GetCollectionAccessor()].Add(
                        entity: namelessParameter{13}, 
                        value: namelessParameter{14}, 
                        forMaterialization: True);
                    return namelessParameter{14}.<User>k__BackingField = namelessParameter{13};
                }, 
                trackingQuery: True);
            return IsTrue(resultCoordinator.ResultReady)
             ? (User)(resultContext.Values[0]) : default(User);
        }, 
        contextType: JournalApp.Infrastructure.JournalAppDbContext, 
        standAloneStateManager: False, 
        detailedErrorsEnabled: False, 
        threadSafetyChecksEnabled: True), 
    cancellationToken: queryContext.CancellationToken)'
2026-09-27 17:33:27.028 +03:00 [DBG] Creating DbConnection.
2026-09-27 17:33:27.033 +03:00 [DBG] Created DbConnection. (3ms).
2026-09-27 17:33:27.035 +03:00 [DBG] Opening connection to database 'main' on server '/Users/sgrancharov/dev/dotnet/JournalApp/JournalApp/JournalApp.Infrastructure/JournalApp.db'.
2026-09-27 17:33:27.039 +03:00 [DBG] Opened connection to database 'main' on server '/Users/sgrancharov/dev/dotnet/JournalApp/JournalApp/JournalApp.Infrastructure/JournalApp.db'.
2026-09-27 17:33:27.040 +03:00 [DBG] Creating DbCommand for 'ExecuteReader'.
2026-09-27 17:33:27.042 +03:00 [DBG] Created DbCommand for 'ExecuteReader' (0ms).
2026-09-27 17:33:27.043 +03:00 [DBG] Initialized DbCommand for 'ExecuteReader' (3ms).
2026-09-27 17:33:27.047 +03:00 [DBG] Executing DbCommand [Parameters=[@__userName_0='?' (Size = 7)], CommandType='"Text"', CommandTimeout='30']
SELECT "u0"."Id", "u0"."Password", "u0"."UserName", "j"."Id", "j"."Content", "j"."Images", "j"."Title", "j"."UserId"
FROM (
    SELECT "u"."Id", "u"."Password", "u"."UserName"
    FROM "Users" AS "u"
    WHERE "u"."UserName" = @__userName_0
    LIMIT 1
) AS "u0"
LEFT JOIN "Journals" AS "j" ON "u0"."Id" = "j"."UserId"
ORDER BY "u0"."Id"
2026-09-27 17:33:27.058 +03:00 [INF] Executed DbCommand (8ms) [Parameters=[@__userName_0='?' (Size = 7)], CommandType='"Text"', CommandTimeout='30']
SELECT "u0"."Id", "u0"."Password", "u0"."UserName", "j"."Id", "j"."Content", "j"."Images", "j"."Title", "j"."UserId"
FROM (
    SELECT "u"."Id", "u"."Password", "u"."UserName"
    FROM "Users" AS "u"
    WHERE "u"."UserName" = @__userName_0
    LIMIT 1
) AS "u0"
LEFT JOIN "Journals" AS "j" ON "u0"."Id" = "j"."UserId"
ORDER BY "u0"."Id"
2026-09-27 17:33:27.071 +03:00 [DBG] Context 'JournalAppDbContext' started tracking 'User' entity. Consider using 'DbContextOptionsBuilder.EnableSensitiveDataLogging' to see key values.
2026-09-27 17:33:27.085 +03:00 [DBG] Context 'JournalAppDbContext' started tracking 'Journal' entity. Consider using 'DbContextOptionsBuilder.EnableSensitiveDataLogging' to see key values.
2026-09-27 17:33:27.089 +03:00 [DBG] Context 'JournalAppDbContext' started tracking 'Journal' entity. Consider using 'DbContextOptionsBuilder.EnableSensitiveDataLogging' to see key values.
2026-09-27 17:33:27.089 +03:00 [DBG] Context 'JournalAppDbContext' started tracking 'Journal' entity. Consider using 'DbContextOptionsBuilder.EnableSensitiveDataLogging' to see key values.
2026-09-27 17:33:27.089 +03:00 [DBG] Context 'JournalAppDbContext' started tracking 'Journal' entity. Consider using 'DbContextOptionsBuilder.EnableSensitiveDataLogging' to see key values.
2026-09-27 17:33:27.089 +03:00 [DBG] Context 'JournalAppDbContext' started tracking 'Journal' entity. Consider using 'DbContextOptionsBuilder.EnableSensitiveDataLogging' to see key values.
2026-09-27 17:33:27.091 +03:00 [DBG] Closing data reader to 'main' on server '/Users/sgrancharov/dev/dotnet/JournalApp/JournalApp/JournalApp.Infrastructure/JournalApp.db'.
2026-09-27 17:33:27.093 +03:00 [DBG] A data reader for 'main' on server '/Users/sgrancharov/dev/dotnet/JournalApp/JournalApp/JournalApp.Infrastructure/JournalApp.db' is being disposed after spending 32ms reading results.
2026-09-27 17:33:27.094 +03:00 [DBG] Closing connection to database 'main' on server '/Users/sgrancharov/dev/dotnet/JournalApp/JournalApp/JournalApp.Infrastructure/JournalApp.db'.
2026-09-27 17:33:27.095 +03:00 [DBG] Closed connection to database 'main' on server '/Users/sgrancharov/dev/dotnet/JournalApp/JournalApp/JournalApp.Infrastructure/JournalApp.db' (1ms).
2026-09-27 17:34:06.713 +03:00 [WRN] You do not have a valid license key for the Lucky Penny software AutoMapper. This is allowed for development and testing scenarios. If you are running in production you are required to have a licensed version. Please visit https://luckypennysoftware.com to obtain a valid license.
2026-09-27 17:34:13.031 +03:00 [DBG] An 'IServiceProvider' was created for internal use by Entity Framework.
2026-09-27 17:34:13.290 +03:00 [DBG] Entity Framework Core 9.0.7 initialized 'JournalAppDbContext' using provider 'Microsoft.EntityFrameworkCore.Sqlite:9.0.7' with options: None
2026-09-27 17:34:13.314 +03:00 [DBG] Compiling query expression: 
'DbSet<User>()
    .Include(u => u.Journals)
    .FirstOrDefault(u => u.UserName == __userName_0)'
2026-09-27 17:34:13.337 +03:00 [DBG] Including navigation: 'User.Journals'.
2026-09-27 17:34:13.450 +03:00 [DBG] Generated query execution expression: 
'queryContext => ShapedQueryCompilingExpressionVisitor.SingleOrDefaultAsync<User>(
    asyncEnumerable: SingleQueryingEnumerable.Create<User>(
        relationalQueryContext: (RelationalQueryContext)queryContext, 
        relationalCommandResolver: parameters => [LIFTABLE Constant: RelationalCommandCache.QueryExpression(
            Client Projections:
                0 -> Dictionary<IProperty, int> { [Property: User.Id (int) Required PK AfterSave:Throw ValueGenerated.OnAdd, 0], [Property: User.Password (string) Required, 1], [Property: User.UserName (string) Required, 2] }
                1 -> 0
                2 -> Dictionary<IProperty, int> { [Property: Journal.Id (int) Required PK AfterSave:Throw ValueGenerated.OnAdd, 3], [Property: Journal.Content (string) Required, 4], [Property: Journal.Images (List<string>) Required Element type: string Required, 5], [Property: Journal.Title (string) Required, 6], [Property: Journal.UserId (int) Required FK Index, 7] }
                3 -> 3
            SELECT u0.Id, u0.Password, u0.UserName, j.Id, j.Content, j.Images, j.Title, j.UserId
            FROM 
            (
                SELECT TOP(1) u.Id, u.Password, u.UserName
                FROM Users AS u
                WHERE u.UserName == @__userName_0
            ) AS u0
            LEFT JOIN Journals AS j ON u0.Id == j.UserId
            ORDER BY u0.Id ASC) | Resolver: c => new RelationalCommandCache(
            c.Dependencies.MemoryCache, 
            c.RelationalDependencies.QuerySqlGeneratorFactory, 
            c.RelationalDependencies.RelationalParameterBasedSqlProcessorFactory, 
            Client Projections:
                0 -> Dictionary<IProperty, int> { [Property: User.Id (int) Required PK AfterSave:Throw ValueGenerated.OnAdd, 0], [Property: User.Password (string) Required, 1], [Property: User.UserName (string) Required, 2] }
                1 -> 0
                2 -> Dictionary<IProperty, int> { [Property: Journal.Id (int) Required PK AfterSave:Throw ValueGenerated.OnAdd, 3], [Property: Journal.Content (string) Required, 4], [Property: Journal.Images (List<string>) Required Element type: string Required, 5], [Property: Journal.Title (string) Required, 6], [Property: Journal.UserId (int) Required FK Index, 7] }
                3 -> 3
            SELECT u0.Id, u0.Password, u0.UserName, j.Id, j.Content, j.Images, j.Title, j.UserId
            FROM 
            (
                SELECT TOP(1) u.Id, u.Password, u.UserName
                FROM Users AS u
                WHERE u.UserName == @__userName_0
            ) AS u0
            LEFT JOIN Journals AS j ON u0.Id == j.UserId
            ORDER BY u0.Id ASC, 
            False, 
            new HashSet<string>(
                new string[]{ }, 
                StringComparer.Ordinal
            )
        )].GetRelationalCommandTemplate(parameters), 
        readerColumns: null, 
        shaper: (queryContext, dataReader, resultContext, resultCoordinator) => 
        {
            resultContext.Values == null ? 
            {
                User entity;
                entity = 
                {
                    MaterializationContext materializationContext1;
                    IEntityType entityType1;
                    User instance1;
                    InternalEntityEntry entry1;
                    bool hasNullKey1;
                    materializationContext1 = new MaterializationContext(
                        [LIFTABLE Constant: ValueBuffer | Resolver: _ => (object)ValueBuffer.Empty], 
                        queryContext.Context
                    );
                    instance1 = default(User);
                    entry1 = queryContext.TryGetEntry(
                        key: [LIFTABLE Constant: Key: User.Id PK | Resolver: c => c.Dependencies.Model.FindEntityType("JournalApp.Domain.User.User").FindPrimaryKey()], 
                        keyValues: new object[]{ (object)dataReader.GetInt32(0) }, 
                        throwOnNullKey: True, 
                        hasNullKey: hasNullKey1);
                    !(hasNullKey1) ? entry1 != default(InternalEntityEntry) ? 
                    {
                        entityType1 = entry1.EntityType;
                        return instance1 = (User)entry1.Entity;
                    } : 
                    {
                        ISnapshot shadowSnapshot1;
                        shadowSnapshot1 = [LIFTABLE Constant: Snapshot | Resolver: _ => Snapshot.Empty];
                        entityType1 = [LIFTABLE Constant: EntityType: User | Resolver: namelessParameter{0} => namelessParameter{0}.Dependencies.Model.FindEntityType("JournalApp.Domain.User.User")];
                        instance1 = switch (entityType1)
                        {
                            case [LIFTABLE Constant: EntityType: User | Resolver: namelessParameter{1} => namelessParameter{1}.Dependencies.Model.FindEntityType("JournalApp.Domain.User.User")]: 
                                {
                                    return 
                                    {
                                        User instance;
                                        instance = new User();
                                        instance.<Id>k__BackingField = dataReader.GetInt32(0);
                                        instance.<Password>k__BackingField = dataReader.GetString(1);
                                        instance.<UserName>k__BackingField = dataReader.GetString(2);
                                        (instance is IInjectableService) ? ((IInjectableService)instance).Injected(
                                            context: materializationContext1.Context, 
                                            entity: instance, 
                                            queryTrackingBehavior: TrackAll, 
                                            structuralType: [LIFTABLE Constant: EntityType: User | Resolver: namelessParameter{2} => namelessParameter{2}.Dependencies.Model.FindEntityType("JournalApp.Domain.User.User")]) : default(void);
                                        return instance;
                                    }}
                            default: 
                                default(User)
                        }
                        ;
                        entry1 = entityType1 == default(IEntityType) ? default(InternalEntityEntry) : queryContext.StartTracking(
                            entityType: entityType1, 
                            entity: instance1, 
                            snapshot: shadowSnapshot1);
                        return instance1;
                    } : default(void);
                    return instance1;
                };
                resultContext.Values = new object[]{ entity };
                ShaperProcessingExpressionVisitor.InitializeIncludeCollection<User, User>(
                    collectionId: 0, 
                    queryContext: queryContext, 
                    dbDataReader: dataReader, 
                    resultCoordinator: resultCoordinator, 
                    entity: (User)(resultContext.Values[0]), 
                    parentIdentifier: [LIFTABLE Constant: Func<QueryContext, DbDataReader, object[]> | Resolver: _ => (queryContext, dataReader) => new object[]{ (object)(int?)dataReader.GetInt32(0) }], 
                    outerIdentifier: [LIFTABLE Constant: Func<QueryContext, DbDataReader, object[]> | Resolver: _ => (queryContext, dataReader) => new object[]{ (object)(int?)dataReader.GetInt32(0) }], 
                    navigation: [LIFTABLE Constant: Navigation: User.Journals (List<Journal>) Collection ToDependent Journal Inverse: User | Resolver: namelessParameter{3} => namelessParameter{3}.Dependencies.Model.FindEntityType("JournalApp.Domain.User.User").FindNavigation("Journals")], 
                    clrCollectionAccessor: [LIFTABLE Constant: ClrICollectionAccessor<User, List<Journal>, Journal> | Resolver: namelessParameter{4} => namelessParameter{4}.Dependencies.Model.FindEntityType("JournalApp.Domain.User.User").FindNavigation("Journals").GetCollectionAccessor()], 
                    trackingQuery: True, 
                    setLoaded: True);
            } : default(void);
            ShaperProcessingExpressionVisitor.PopulateIncludeCollection<User, Journal>(
                collectionId: 0, 
                queryContext: queryContext, 
                dbDataReader: dataReader, 
                resultCoordinator: resultCoordinator, 
                parentIdentifier: [LIFTABLE Constant: Func<QueryContext, DbDataReader, object[]> | Resolver: _ => (queryContext, dataReader) => new object[]{ (object)(int?)dataReader.GetInt32(0) }], 
                outerIdentifier: [LIFTABLE Constant: Func<QueryContext, DbDataReader, object[]> | Resolver: _ => (queryContext, dataReader) => new object[]{ (object)(int?)dataReader.GetInt32(0) }], 
                selfIdentifier: [LIFTABLE Constant: Func<QueryContext, DbDataReader, object[]> | Resolver: _ => (queryContext, dataReader) => new object[]{ (object)dataReader.IsDBNull(3) ? default(int?) : (int?)dataReader.GetInt32(3) }], 
                parentIdentifierValueComparers: [LIFTABLE Constant: Func<object, object, bool>[] { Func<object, object, bool> } | Resolver: _ => new Func<object, object, bool>[]{ (left, right) => left == null ? right == null : right != null && (int)left == (int)right }], 
                outerIdentifierValueComparers: [LIFTABLE Constant: Func<object, object, bool>[] { Func<object, object, bool> } | Resolver: _ => new Func<object, object, bool>[]{ (left, right) => left == null ? right == null : right != null && (int)left == (int)right }], 
                selfIdentifierValueComparers: [LIFTABLE Constant: Func<object, object, bool>[] { Func<object, object, bool> } | Resolver: _ => new Func<object, object, bool>[]{ (left, right) => left == null ? right == null : right != null && (int)left == (int)right }], 
                innerShaper: (queryContext, dataReader, resultContext, resultCoordinator) => 
                {
                    Journal entity;
                    entity = 
                    {
                        MaterializationContext materializationContext2;
                        IEntityType entityType2;
                        Journal instance2;
                        InternalEntityEntry entry2;
                        bool hasNullKey2;
                        materializationContext2 = new MaterializationContext(
                            [LIFTABLE Constant: ValueBuffer | Resolver: _ => (object)ValueBuffer.Empty], 
                            queryContext.Context
                        );
                        instance2 = default(Journal);
                        entry2 = queryContext.TryGetEntry(
                            key: [LIFTABLE Constant: Key: Journal.Id PK | Resolver: c => c.Dependencies.Model.FindEntityType("JournalApp.Domain.Journal.Journal").FindPrimaryKey()], 
                            keyValues: new object[]{ dataReader.IsDBNull(3) ? default(object) : (object)dataReader.GetInt32(3) }, 
                            throwOnNullKey: False, 
                            hasNullKey: hasNullKey2);
                        !(hasNullKey2) ? entry2 != default(InternalEntityEntry) ? 
                        {
                            entityType2 = entry2.EntityType;
                            return instance2 = (Journal)entry2.Entity;
                        } : 
                        {
                            ISnapshot shadowSnapshot2;
                            shadowSnapshot2 = [LIFTABLE Constant: Snapshot | Resolver: _ => Snapshot.Empty];
                            entityType2 = [LIFTABLE Constant: EntityType: Journal | Resolver: namelessParameter{5} => namelessParameter{5}.Dependencies.Model.FindEntityType("JournalApp.Domain.Journal.Journal")];
                            instance2 = switch (entityType2)
                            {
                                case [LIFTABLE Constant: EntityType: Journal | Resolver: namelessParameter{6} => namelessParameter{6}.Dependencies.Model.FindEntityType("JournalApp.Domain.Journal.Journal")]: 
                                    {
                                        return 
                                        {
                                            Journal instance;
                                            instance = new Journal();
                                            instance.<Id>k__BackingField = dataReader.IsDBNull(3) ? default(int) : dataReader.GetInt32(3);
                                            instance.<Content>k__BackingField = dataReader.IsDBNull(4) ? default(string) : dataReader.GetString(4);
                                            {
                                                List<string> namelessParameter{7};
                                                namelessParameter{7} = instance.<Images>k__BackingField;
                                                namelessParameter{7} == null || dataReader.IsDBNull(5) ? default(List<string>) : (List<string>)Invoke(((CollectionToJsonStringConverter<string>)((IReadOnlyProperty)[LIFTABLE Constant: Property: Journal.Images (List<string>) Required Element type: string Required | Resolver: namelessParameter{8} => namelessParameter{8}.Dependencies.Model.FindEntityType("JournalApp.Domain.Journal.Journal").FindProperty("Images")]).GetTypeMapping().Converter).ConvertFromProviderTyped, dataReader.GetString(5)) == null || namelessParameter{7}.IsReadOnly ? instance.<Images>k__BackingField = dataReader.IsDBNull(5) ? default(List<string>) : (List<string>)Invoke(((CollectionToJsonStringConverter<string>)((IReadOnlyProperty)[LIFTABLE Constant: Property: Journal.Images (List<string>) Required Element type: string Required | Resolver: namelessParameter{9} => namelessParameter{9}.Dependencies.Model.FindEntityType("JournalApp.Domain.Journal.Journal").FindProperty("Images")]).GetTypeMapping().Converter).ConvertFromProviderTyped, dataReader.GetString(5)) : EntityMaterializerSource.PopulateList<string>(
                                                    buffer: dataReader.IsDBNull(5) ? default(List<string>) : (List<string>)Invoke(((CollectionToJsonStringConverter<string>)((IReadOnlyProperty)[LIFTABLE Constant: Property: Journal.Images (List<string>) Required Element type: string Required | Resolver: namelessParameter{10} => namelessParameter{10}.Dependencies.Model.FindEntityType("JournalApp.Domain.Journal.Journal").FindProperty("Images")]).GetTypeMapping().Converter).ConvertFromProviderTyped, dataReader.GetString(5)), 
                                                    target: namelessParameter{7});
                                            }instance.<Title>k__BackingField = dataReader.IsDBNull(6) ? default(string) : dataReader.GetString(6);
                                            instance.<UserId>k__BackingField = dataReader.IsDBNull(7) ? default(int) : dataReader.GetInt32(7);
                                            (instance is IInjectableService) ? ((IInjectableService)instance).Injected(
                                                context: materializationContext2.Context, 
                                                entity: instance, 
                                                queryTrackingBehavior: TrackAll, 
                                                structuralType: [LIFTABLE Constant: EntityType: Journal | Resolver: namelessParameter{11} => namelessParameter{11}.Dependencies.Model.FindEntityType("JournalApp.Domain.Journal.Journal")]) : default(void);
                                            return instance;
                                        }}
                                default: 
                                    default(Journal)
                            }
                            ;
                            entry2 = entityType2 == default(IEntityType) ? default(InternalEntityEntry) : queryContext.StartTracking(
                                entityType: entityType2, 
                                entity: instance2, 
                                snapshot: shadowSnapshot2);
                            return instance2;
                        } : default(void);
                        return instance2;
                    };
                    return entity;
                }, 
                inverseNavigation: [LIFTABLE Constant: Navigation: Journal.User (User) ToPrincipal User Inverse: Journals | Resolver: namelessParameter{12} => namelessParameter{12}.Dependencies.Model.FindEntityType("JournalApp.Domain.Journal.Journal").FindNavigation("User")], 
                fixup: (namelessParameter{13}, namelessParameter{14}) => 
                {
                    [LIFTABLE Constant: ClrICollectionAccessor<User, List<Journal>, Journal> | Resolver: namelessParameter{15} => namelessParameter{15}.Dependencies.Model.FindEntityType("JournalApp.Domain.User.User").FindNavigation("Journals").GetCollectionAccessor()].Add(
                        entity: namelessParameter{13}, 
                        value: namelessParameter{14}, 
                        forMaterialization: True);
                    return namelessParameter{14}.<User>k__BackingField = namelessParameter{13};
                }, 
                trackingQuery: True);
            return IsTrue(resultCoordinator.ResultReady)
             ? (User)(resultContext.Values[0]) : default(User);
        }, 
        contextType: JournalApp.Infrastructure.JournalAppDbContext, 
        standAloneStateManager: False, 
        detailedErrorsEnabled: False, 
        threadSafetyChecksEnabled: True), 
    cancellationToken: queryContext.CancellationToken)'
2026-09-27 17:34:13.465 +03:00 [DBG] Creating DbConnection.
2026-09-27 17:34:13.469 +03:00 [DBG] Created DbConnection. (3ms).
2026-09-27 17:34:13.471 +03:00 [DBG] Opening connection to database 'main' on server '/Users/sgrancharov/dev/dotnet/JournalApp/JournalApp/JournalApp.Infrastructure/JournalApp.db'.
2026-09-27 17:34:13.476 +03:00 [DBG] Opened connection to database 'main' on server '/Users/sgrancharov/dev/dotnet/JournalApp/JournalApp/JournalApp.Infrastructure/JournalApp.db'.
2026-09-27 17:34:13.477 +03:00 [DBG] Creating DbCommand for 'ExecuteReader'.
2026-09-27 17:34:13.479 +03:00 [DBG] Created DbCommand for 'ExecuteReader' (0ms).
2026-09-27 17:34:13.480 +03:00 [DBG] Initialized DbCommand for 'ExecuteReader' (3ms).
2026-09-27 17:34:13.483 +03:00 [DBG] Executing DbCommand [Parameters=[@__userName_0='?' (Size = 7)], CommandType='"Text"', CommandTimeout='30']
SELECT "u0"."Id", "u0"."Password", "u0"."UserName", "j"."Id", "j"."Content", "j"."Images", "j"."Title", "j"."UserId"
FROM (
    SELECT "u"."Id", "u"."Password", "u"."UserName"
    FROM "Users" AS "u"
    WHERE "u"."UserName" = @__userName_0
    LIMIT 1
) AS "u0"
LEFT JOIN "Journals" AS "j" ON "u0"."Id" = "j"."UserId"
ORDER BY "u0"."Id"
2026-09-27 17:34:13.494 +03:00 [INF] Executed DbCommand (8ms) [Parameters=[@__userName_0='?' (Size = 7)], CommandType='"Text"', CommandTimeout='30']
SELECT "u0"."Id", "u0"."Password", "u0"."UserName", "j"."Id", "j"."Content", "j"."Images", "j"."Title", "j"."UserId"
FROM (
    SELECT "u"."Id", "u"."Password", "u"."UserName"
    FROM "Users" AS "u"
    WHERE "u"."UserName" = @__userName_0
    LIMIT 1
) AS "u0"
LEFT JOIN "Journals" AS "j" ON "u0"."Id" = "j"."UserId"
ORDER BY "u0"."Id"
2026-09-27 17:34:13.507 +03:00 [DBG] Context 'JournalAppDbContext' started tracking 'User' entity. Consider using 'DbContextOptionsBuilder.EnableSensitiveDataLogging' to see key values.
2026-09-27 17:34:13.521 +03:00 [DBG] Context 'JournalAppDbContext' started tracking 'Journal' entity. Consider using 'DbContextOptionsBuilder.EnableSensitiveDataLogging' to see key values.
2026-09-27 17:34:13.525 +03:00 [DBG] Context 'JournalAppDbContext' started tracking 'Journal' entity. Consider using 'DbContextOptionsBuilder.EnableSensitiveDataLogging' to see key values.
2026-09-27 17:34:13.525 +03:00 [DBG] Context 'JournalAppDbContext' started tracking 'Journal' entity. Consider using 'DbContextOptionsBuilder.EnableSensitiveDataLogging' to see key values.
2026-09-27 17:34:13.525 +03:00 [DBG] Context 'JournalAppDbContext' started tracking 'Journal' entity. Consider using 'DbContextOptionsBuilder.EnableSensitiveDataLogging' to see key values.
2026-09-27 17:34:13.525 +03:00 [DBG] Context 'JournalAppDbContext' started tracking 'Journal' entity. Consider using 'DbContextOptionsBuilder.EnableSensitiveDataLogging' to see key values.
2026-09-27 17:34:13.527 +03:00 [DBG] Closing data reader to 'main' on server '/Users/sgrancharov/dev/dotnet/JournalApp/JournalApp/JournalApp.Infrastructure/JournalApp.db'.
2026-09-27 17:34:13.529 +03:00 [DBG] A data reader for 'main' on server '/Users/sgrancharov/dev/dotnet/JournalApp/JournalApp/JournalApp.Infrastructure/JournalApp.db' is being disposed after spending 32ms reading results.
2026-09-27 17:34:13.530 +03:00 [DBG] Closing connection to database 'main' on server '/Users/sgrancharov/dev/dotnet/JournalApp/JournalApp/JournalApp.Infrastructure/JournalApp.db'.
2026-09-27 17:34:13.531 +03:00 [DBG] Closed connection to database 'main' on server '/Users/sgrancharov/dev/dotnet/JournalApp/JournalApp/JournalApp.Infrastructure/JournalApp.db' (1ms).
2026-09-27 17:35:25.535 +03:00 [WRN] You do not have a valid license key for the Lucky Penny software AutoMapper. This is allowed for development and testing scenarios. If you are running in production you are required to have a licensed version. Please visit https://luckypennysoftware.com to obtain a valid license.
2026-09-27 17:35:31.501 +03:00 [DBG] An 'IServiceProvider' was created for internal use by Entity Framework.
2026-09-27 17:35:31.737 +03:00 [DBG] Entity Framework Core 9.0.7 initialized 'JournalAppDbContext' using provider 'Microsoft.EntityFrameworkCore.Sqlite:9.0.7' with options: None
2026-09-27 17:35:31.761 +03:00 [DBG] Compiling query expression: 
'DbSet<User>()
    .Include(u => u.Journals)
    .FirstOrDefault(u => u.UserName == __userName_0)'
2026-09-27 17:35:31.789 +03:00 [DBG] Including navigation: 'User.Journals'.
2026-09-27 17:35:31.895 +03:00 [DBG] Generated query execution expression: 
'queryContext => ShapedQueryCompilingExpressionVisitor.SingleOrDefaultAsync<User>(
    asyncEnumerable: SingleQueryingEnumerable.Create<User>(
        relationalQueryContext: (RelationalQueryContext)queryContext, 
        relationalCommandResolver: parameters => [LIFTABLE Constant: RelationalCommandCache.QueryExpression(
            Client Projections:
                0 -> Dictionary<IProperty, int> { [Property: User.Id (int) Required PK AfterSave:Throw ValueGenerated.OnAdd, 0], [Property: User.Password (string) Required, 1], [Property: User.UserName (string) Required, 2] }
                1 -> 0
                2 -> Dictionary<IProperty, int> { [Property: Journal.Id (int) Required PK AfterSave:Throw ValueGenerated.OnAdd, 3], [Property: Journal.Content (string) Required, 4], [Property: Journal.Images (List<string>) Required Element type: string Required, 5], [Property: Journal.Title (string) Required, 6], [Property: Journal.UserId (int) Required FK Index, 7] }
                3 -> 3
            SELECT u0.Id, u0.Password, u0.UserName, j.Id, j.Content, j.Images, j.Title, j.UserId
            FROM 
            (
                SELECT TOP(1) u.Id, u.Password, u.UserName
                FROM Users AS u
                WHERE u.UserName == @__userName_0
            ) AS u0
            LEFT JOIN Journals AS j ON u0.Id == j.UserId
            ORDER BY u0.Id ASC) | Resolver: c => new RelationalCommandCache(
            c.Dependencies.MemoryCache, 
            c.RelationalDependencies.QuerySqlGeneratorFactory, 
            c.RelationalDependencies.RelationalParameterBasedSqlProcessorFactory, 
            Client Projections:
                0 -> Dictionary<IProperty, int> { [Property: User.Id (int) Required PK AfterSave:Throw ValueGenerated.OnAdd, 0], [Property: User.Password (string) Required, 1], [Property: User.UserName (string) Required, 2] }
                1 -> 0
                2 -> Dictionary<IProperty, int> { [Property: Journal.Id (int) Required PK AfterSave:Throw ValueGenerated.OnAdd, 3], [Property: Journal.Content (string) Required, 4], [Property: Journal.Images (List<string>) Required Element type: string Required, 5], [Property: Journal.Title (string) Required, 6], [Property: Journal.UserId (int) Required FK Index, 7] }
                3 -> 3
            SELECT u0.Id, u0.Password, u0.UserName, j.Id, j.Content, j.Images, j.Title, j.UserId
            FROM 
            (
                SELECT TOP(1) u.Id, u.Password, u.UserName
                FROM Users AS u
                WHERE u.UserName == @__userName_0
            ) AS u0
            LEFT JOIN Journals AS j ON u0.Id == j.UserId
            ORDER BY u0.Id ASC, 
            False, 
            new HashSet<string>(
                new string[]{ }, 
                StringComparer.Ordinal
            )
        )].GetRelationalCommandTemplate(parameters), 
        readerColumns: null, 
        shaper: (queryContext, dataReader, resultContext, resultCoordinator) => 
        {
            resultContext.Values == null ? 
            {
                User entity;
                entity = 
                {
                    MaterializationContext materializationContext1;
                    IEntityType entityType1;
                    User instance1;
                    InternalEntityEntry entry1;
                    bool hasNullKey1;
                    materializationContext1 = new MaterializationContext(
                        [LIFTABLE Constant: ValueBuffer | Resolver: _ => (object)ValueBuffer.Empty], 
                        queryContext.Context
                    );
                    instance1 = default(User);
                    entry1 = queryContext.TryGetEntry(
                        key: [LIFTABLE Constant: Key: User.Id PK | Resolver: c => c.Dependencies.Model.FindEntityType("JournalApp.Domain.User.User").FindPrimaryKey()], 
                        keyValues: new object[]{ (object)dataReader.GetInt32(0) }, 
                        throwOnNullKey: True, 
                        hasNullKey: hasNullKey1);
                    !(hasNullKey1) ? entry1 != default(InternalEntityEntry) ? 
                    {
                        entityType1 = entry1.EntityType;
                        return instance1 = (User)entry1.Entity;
                    } : 
                    {
                        ISnapshot shadowSnapshot1;
                        shadowSnapshot1 = [LIFTABLE Constant: Snapshot | Resolver: _ => Snapshot.Empty];
                        entityType1 = [LIFTABLE Constant: EntityType: User | Resolver: namelessParameter{0} => namelessParameter{0}.Dependencies.Model.FindEntityType("JournalApp.Domain.User.User")];
                        instance1 = switch (entityType1)
                        {
                            case [LIFTABLE Constant: EntityType: User | Resolver: namelessParameter{1} => namelessParameter{1}.Dependencies.Model.FindEntityType("JournalApp.Domain.User.User")]: 
                                {
                                    return 
                                    {
                                        User instance;
                                        instance = new User();
                                        instance.<Id>k__BackingField = dataReader.GetInt32(0);
                                        instance.<Password>k__BackingField = dataReader.GetString(1);
                                        instance.<UserName>k__BackingField = dataReader.GetString(2);
                                        (instance is IInjectableService) ? ((IInjectableService)instance).Injected(
                                            context: materializationContext1.Context, 
                                            entity: instance, 
                                            queryTrackingBehavior: TrackAll, 
                                            structuralType: [LIFTABLE Constant: EntityType: User | Resolver: namelessParameter{2} => namelessParameter{2}.Dependencies.Model.FindEntityType("JournalApp.Domain.User.User")]) : default(void);
                                        return instance;
                                    }}
                            default: 
                                default(User)
                        }
                        ;
                        entry1 = entityType1 == default(IEntityType) ? default(InternalEntityEntry) : queryContext.StartTracking(
                            entityType: entityType1, 
                            entity: instance1, 
                            snapshot: shadowSnapshot1);
                        return instance1;
                    } : default(void);
                    return instance1;
                };
                resultContext.Values = new object[]{ entity };
                ShaperProcessingExpressionVisitor.InitializeIncludeCollection<User, User>(
                    collectionId: 0, 
                    queryContext: queryContext, 
                    dbDataReader: dataReader, 
                    resultCoordinator: resultCoordinator, 
                    entity: (User)(resultContext.Values[0]), 
                    parentIdentifier: [LIFTABLE Constant: Func<QueryContext, DbDataReader, object[]> | Resolver: _ => (queryContext, dataReader) => new object[]{ (object)(int?)dataReader.GetInt32(0) }], 
                    outerIdentifier: [LIFTABLE Constant: Func<QueryContext, DbDataReader, object[]> | Resolver: _ => (queryContext, dataReader) => new object[]{ (object)(int?)dataReader.GetInt32(0) }], 
                    navigation: [LIFTABLE Constant: Navigation: User.Journals (List<Journal>) Collection ToDependent Journal Inverse: User | Resolver: namelessParameter{3} => namelessParameter{3}.Dependencies.Model.FindEntityType("JournalApp.Domain.User.User").FindNavigation("Journals")], 
                    clrCollectionAccessor: [LIFTABLE Constant: ClrICollectionAccessor<User, List<Journal>, Journal> | Resolver: namelessParameter{4} => namelessParameter{4}.Dependencies.Model.FindEntityType("JournalApp.Domain.User.User").FindNavigation("Journals").GetCollectionAccessor()], 
                    trackingQuery: True, 
                    setLoaded: True);
            } : default(void);
            ShaperProcessingExpressionVisitor.PopulateIncludeCollection<User, Journal>(
                collectionId: 0, 
                queryContext: queryContext, 
                dbDataReader: dataReader, 
                resultCoordinator: resultCoordinator, 
                parentIdentifier: [LIFTABLE Constant: Func<QueryContext, DbDataReader, object[]> | Resolver: _ => (queryContext, dataReader) => new object[]{ (object)(int?)dataReader.GetInt32(0) }], 
                outerIdentifier: [LIFTABLE Constant: Func<QueryContext, DbDataReader, object[]> | Resolver: _ => (queryContext, dataReader) => new object[]{ (object)(int?)dataReader.GetInt32(0) }], 
                selfIdentifier: [LIFTABLE Constant: Func<QueryContext, DbDataReader, object[]> | Resolver: _ => (queryContext, dataReader) => new object[]{ (object)dataReader.IsDBNull(3) ? default(int?) : (int?)dataReader.GetInt32(3) }], 
                parentIdentifierValueComparers: [LIFTABLE Constant: Func<object, object, bool>[] { Func<object, object, bool> } | Resolver: _ => new Func<object, object, bool>[]{ (left, right) => left == null ? right == null : right != null && (int)left == (int)right }], 
                outerIdentifierValueComparers: [LIFTABLE Constant: Func<object, object, bool>[] { Func<object, object, bool> } | Resolver: _ => new Func<object, object, bool>[]{ (left, right) => left == null ? right == null : right != null && (int)left == (int)right }], 
                selfIdentifierValueComparers: [LIFTABLE Constant: Func<object, object, bool>[] { Func<object, object, bool> } | Resolver: _ => new Func<object, object, bool>[]{ (left, right) => left == null ? right == null : right != null && (int)left == (int)right }], 
                innerShaper: (queryContext, dataReader, resultContext, resultCoordinator) => 
                {
                    Journal entity;
                    entity = 
                    {
                        MaterializationContext materializationContext2;
                        IEntityType entityType2;
                        Journal instance2;
                        InternalEntityEntry entry2;
                        bool hasNullKey2;
                        materializationContext2 = new MaterializationContext(
                            [LIFTABLE Constant: ValueBuffer | Resolver: _ => (object)ValueBuffer.Empty], 
                            queryContext.Context
                        );
                        instance2 = default(Journal);
                        entry2 = queryContext.TryGetEntry(
                            key: [LIFTABLE Constant: Key: Journal.Id PK | Resolver: c => c.Dependencies.Model.FindEntityType("JournalApp.Domain.Journal.Journal").FindPrimaryKey()], 
                            keyValues: new object[]{ dataReader.IsDBNull(3) ? default(object) : (object)dataReader.GetInt32(3) }, 
                            throwOnNullKey: False, 
                            hasNullKey: hasNullKey2);
                        !(hasNullKey2) ? entry2 != default(InternalEntityEntry) ? 
                        {
                            entityType2 = entry2.EntityType;
                            return instance2 = (Journal)entry2.Entity;
                        } : 
                        {
                            ISnapshot shadowSnapshot2;
                            shadowSnapshot2 = [LIFTABLE Constant: Snapshot | Resolver: _ => Snapshot.Empty];
                            entityType2 = [LIFTABLE Constant: EntityType: Journal | Resolver: namelessParameter{5} => namelessParameter{5}.Dependencies.Model.FindEntityType("JournalApp.Domain.Journal.Journal")];
                            instance2 = switch (entityType2)
                            {
                                case [LIFTABLE Constant: EntityType: Journal | Resolver: namelessParameter{6} => namelessParameter{6}.Dependencies.Model.FindEntityType("JournalApp.Domain.Journal.Journal")]: 
                                    {
                                        return 
                                        {
                                            Journal instance;
                                            instance = new Journal();
                                            instance.<Id>k__BackingField = dataReader.IsDBNull(3) ? default(int) : dataReader.GetInt32(3);
                                            instance.<Content>k__BackingField = dataReader.IsDBNull(4) ? default(string) : dataReader.GetString(4);
                                            {
                                                List<string> namelessParameter{7};
                                                namelessParameter{7} = instance.<Images>k__BackingField;
                                                namelessParameter{7} == null || dataReader.IsDBNull(5) ? default(List<string>) : (List<string>)Invoke(((CollectionToJsonStringConverter<string>)((IReadOnlyProperty)[LIFTABLE Constant: Property: Journal.Images (List<string>) Required Element type: string Required | Resolver: namelessParameter{8} => namelessParameter{8}.Dependencies.Model.FindEntityType("JournalApp.Domain.Journal.Journal").FindProperty("Images")]).GetTypeMapping().Converter).ConvertFromProviderTyped, dataReader.GetString(5)) == null || namelessParameter{7}.IsReadOnly ? instance.<Images>k__BackingField = dataReader.IsDBNull(5) ? default(List<string>) : (List<string>)Invoke(((CollectionToJsonStringConverter<string>)((IReadOnlyProperty)[LIFTABLE Constant: Property: Journal.Images (List<string>) Required Element type: string Required | Resolver: namelessParameter{9} => namelessParameter{9}.Dependencies.Model.FindEntityType("JournalApp.Domain.Journal.Journal").FindProperty("Images")]).GetTypeMapping().Converter).ConvertFromProviderTyped, dataReader.GetString(5)) : EntityMaterializerSource.PopulateList<string>(
                                                    buffer: dataReader.IsDBNull(5) ? default(List<string>) : (List<string>)Invoke(((CollectionToJsonStringConverter<string>)((IReadOnlyProperty)[LIFTABLE Constant: Property: Journal.Images (List<string>) Required Element type: string Required | Resolver: namelessParameter{10} => namelessParameter{10}.Dependencies.Model.FindEntityType("JournalApp.Domain.Journal.Journal").FindProperty("Images")]).GetTypeMapping().Converter).ConvertFromProviderTyped, dataReader.GetString(5)), 
                                                    target: namelessParameter{7});
                                            }instance.<Title>k__BackingField = dataReader.IsDBNull(6) ? default(string) : dataReader.GetString(6);
                                            instance.<UserId>k__BackingField = dataReader.IsDBNull(7) ? default(int) : dataReader.GetInt32(7);
                                            (instance is IInjectableService) ? ((IInjectableService)instance).Injected(
                                                context: materializationContext2.Context, 
                                                entity: instance, 
                                                queryTrackingBehavior: TrackAll, 
                                                structuralType: [LIFTABLE Constant: EntityType: Journal | Resolver: namelessParameter{11} => namelessParameter{11}.Dependencies.Model.FindEntityType("JournalApp.Domain.Journal.Journal")]) : default(void);
                                            return instance;
                                        }}
                                default: 
                                    default(Journal)
                            }
                            ;
                            entry2 = entityType2 == default(IEntityType) ? default(InternalEntityEntry) : queryContext.StartTracking(
                                entityType: entityType2, 
                                entity: instance2, 
                                snapshot: shadowSnapshot2);
                            return instance2;
                        } : default(void);
                        return instance2;
                    };
                    return entity;
                }, 
                inverseNavigation: [LIFTABLE Constant: Navigation: Journal.User (User) ToPrincipal User Inverse: Journals | Resolver: namelessParameter{12} => namelessParameter{12}.Dependencies.Model.FindEntityType("JournalApp.Domain.Journal.Journal").FindNavigation("User")], 
                fixup: (namelessParameter{13}, namelessParameter{14}) => 
                {
                    [LIFTABLE Constant: ClrICollectionAccessor<User, List<Journal>, Journal> | Resolver: namelessParameter{15} => namelessParameter{15}.Dependencies.Model.FindEntityType("JournalApp.Domain.User.User").FindNavigation("Journals").GetCollectionAccessor()].Add(
                        entity: namelessParameter{13}, 
                        value: namelessParameter{14}, 
                        forMaterialization: True);
                    return namelessParameter{14}.<User>k__BackingField = namelessParameter{13};
                }, 
                trackingQuery: True);
            return IsTrue(resultCoordinator.ResultReady)
             ? (User)(resultContext.Values[0]) : default(User);
        }, 
        contextType: JournalApp.Infrastructure.JournalAppDbContext, 
        standAloneStateManager: False, 
        detailedErrorsEnabled: False, 
        threadSafetyChecksEnabled: True), 
    cancellationToken: queryContext.CancellationToken)'
2026-09-27 17:35:31.909 +03:00 [DBG] Creating DbConnection.
2026-09-27 17:35:31.914 +03:00 [DBG] Created DbConnection. (4ms).
2026-09-27 17:35:31.916 +03:00 [DBG] Opening connection to database 'main' on server '/Users/sgrancharov/dev/dotnet/JournalApp/JournalApp/JournalApp.Infrastructure/JournalApp.db'.
2026-09-27 17:35:31.920 +03:00 [DBG] Opened connection to database 'main' on server '/Users/sgrancharov/dev/dotnet/JournalApp/JournalApp/JournalApp.Infrastructure/JournalApp.db'.
2026-09-27 17:35:31.921 +03:00 [DBG] Creating DbCommand for 'ExecuteReader'.
2026-09-27 17:35:31.924 +03:00 [DBG] Created DbCommand for 'ExecuteReader' (0ms).
2026-09-27 17:35:31.925 +03:00 [DBG] Initialized DbCommand for 'ExecuteReader' (3ms).
2026-09-27 17:35:31.928 +03:00 [DBG] Executing DbCommand [Parameters=[@__userName_0='?' (Size = 7)], CommandType='"Text"', CommandTimeout='30']
SELECT "u0"."Id", "u0"."Password", "u0"."UserName", "j"."Id", "j"."Content", "j"."Images", "j"."Title", "j"."UserId"
FROM (
    SELECT "u"."Id", "u"."Password", "u"."UserName"
    FROM "Users" AS "u"
    WHERE "u"."UserName" = @__userName_0
    LIMIT 1
) AS "u0"
LEFT JOIN "Journals" AS "j" ON "u0"."Id" = "j"."UserId"
ORDER BY "u0"."Id"
2026-09-27 17:35:31.938 +03:00 [INF] Executed DbCommand (7ms) [Parameters=[@__userName_0='?' (Size = 7)], CommandType='"Text"', CommandTimeout='30']
SELECT "u0"."Id", "u0"."Password", "u0"."UserName", "j"."Id", "j"."Content", "j"."Images", "j"."Title", "j"."UserId"
FROM (
    SELECT "u"."Id", "u"."Password", "u"."UserName"
    FROM "Users" AS "u"
    WHERE "u"."UserName" = @__userName_0
    LIMIT 1
) AS "u0"
LEFT JOIN "Journals" AS "j" ON "u0"."Id" = "j"."UserId"
ORDER BY "u0"."Id"
2026-09-27 17:35:31.950 +03:00 [DBG] Context 'JournalAppDbContext' started tracking 'User' entity. Consider using 'DbContextOptionsBuilder.EnableSensitiveDataLogging' to see key values.
2026-09-27 17:35:31.965 +03:00 [DBG] Context 'JournalAppDbContext' started tracking 'Journal' entity. Consider using 'DbContextOptionsBuilder.EnableSensitiveDataLogging' to see key values.
2026-09-27 17:35:31.968 +03:00 [DBG] Context 'JournalAppDbContext' started tracking 'Journal' entity. Consider using 'DbContextOptionsBuilder.EnableSensitiveDataLogging' to see key values.
2026-09-27 17:35:31.968 +03:00 [DBG] Context 'JournalAppDbContext' started tracking 'Journal' entity. Consider using 'DbContextOptionsBuilder.EnableSensitiveDataLogging' to see key values.
2026-09-27 17:35:31.968 +03:00 [DBG] Context 'JournalAppDbContext' started tracking 'Journal' entity. Consider using 'DbContextOptionsBuilder.EnableSensitiveDataLogging' to see key values.
2026-09-27 17:35:31.968 +03:00 [DBG] Context 'JournalAppDbContext' started tracking 'Journal' entity. Consider using 'DbContextOptionsBuilder.EnableSensitiveDataLogging' to see key values.
2026-09-27 17:35:31.970 +03:00 [DBG] Closing data reader to 'main' on server '/Users/sgrancharov/dev/dotnet/JournalApp/JournalApp/JournalApp.Infrastructure/JournalApp.db'.
2026-09-27 17:35:31.973 +03:00 [DBG] A data reader for 'main' on server '/Users/sgrancharov/dev/dotnet/JournalApp/JournalApp/JournalApp.Infrastructure/JournalApp.db' is being disposed after spending 32ms reading results.
2026-09-27 17:35:31.974 +03:00 [DBG] Closing connection to database 'main' on server '/Users/sgrancharov/dev/dotnet/JournalApp/JournalApp/JournalApp.Infrastructure/JournalApp.db'.
2026-09-27 17:35:31.975 +03:00 [DBG] Closed connection to database 'main' on server '/Users/sgrancharov/dev/dotnet/JournalApp/JournalApp/JournalApp.Infrastructure/JournalApp.db' (1ms).
2026-09-27 17:36:26.753 +03:00 [WRN] You do not have a valid license key for the Lucky Penny software AutoMapper. This is allowed for development and testing scenarios. If you are running in production you are required to have a licensed version. Please visit https://luckypennysoftware.com to obtain a valid license.
2026-09-27 17:36:32.938 +03:00 [DBG] An 'IServiceProvider' was created for internal use by Entity Framework.
2026-09-27 17:36:33.203 +03:00 [DBG] Entity Framework Core 9.0.7 initialized 'JournalAppDbContext' using provider 'Microsoft.EntityFrameworkCore.Sqlite:9.0.7' with options: None
2026-09-27 17:36:33.227 +03:00 [DBG] Compiling query expression: 
'DbSet<User>()
    .Include(u => u.Journals)
    .FirstOrDefault(u => u.UserName == __userName_0)'
2026-09-27 17:36:33.249 +03:00 [DBG] Including navigation: 'User.Journals'.
2026-09-27 17:36:33.361 +03:00 [DBG] Generated query execution expression: 
'queryContext => ShapedQueryCompilingExpressionVisitor.SingleOrDefaultAsync<User>(
    asyncEnumerable: SingleQueryingEnumerable.Create<User>(
        relationalQueryContext: (RelationalQueryContext)queryContext, 
        relationalCommandResolver: parameters => [LIFTABLE Constant: RelationalCommandCache.QueryExpression(
            Client Projections:
                0 -> Dictionary<IProperty, int> { [Property: User.Id (int) Required PK AfterSave:Throw ValueGenerated.OnAdd, 0], [Property: User.Password (string) Required, 1], [Property: User.UserName (string) Required, 2] }
                1 -> 0
                2 -> Dictionary<IProperty, int> { [Property: Journal.Id (int) Required PK AfterSave:Throw ValueGenerated.OnAdd, 3], [Property: Journal.Content (string) Required, 4], [Property: Journal.Images (List<string>) Required Element type: string Required, 5], [Property: Journal.Title (string) Required, 6], [Property: Journal.UserId (int) Required FK Index, 7] }
                3 -> 3
            SELECT u0.Id, u0.Password, u0.UserName, j.Id, j.Content, j.Images, j.Title, j.UserId
            FROM 
            (
                SELECT TOP(1) u.Id, u.Password, u.UserName
                FROM Users AS u
                WHERE u.UserName == @__userName_0
            ) AS u0
            LEFT JOIN Journals AS j ON u0.Id == j.UserId
            ORDER BY u0.Id ASC) | Resolver: c => new RelationalCommandCache(
            c.Dependencies.MemoryCache, 
            c.RelationalDependencies.QuerySqlGeneratorFactory, 
            c.RelationalDependencies.RelationalParameterBasedSqlProcessorFactory, 
            Client Projections:
                0 -> Dictionary<IProperty, int> { [Property: User.Id (int) Required PK AfterSave:Throw ValueGenerated.OnAdd, 0], [Property: User.Password (string) Required, 1], [Property: User.UserName (string) Required, 2] }
                1 -> 0
                2 -> Dictionary<IProperty, int> { [Property: Journal.Id (int) Required PK AfterSave:Throw ValueGenerated.OnAdd, 3], [Property: Journal.Content (string) Required, 4], [Property: Journal.Images (List<string>) Required Element type: string Required, 5], [Property: Journal.Title (string) Required, 6], [Property: Journal.UserId (int) Required FK Index, 7] }
                3 -> 3
            SELECT u0.Id, u0.Password, u0.UserName, j.Id, j.Content, j.Images, j.Title, j.UserId
            FROM 
            (
                SELECT TOP(1) u.Id, u.Password, u.UserName
                FROM Users AS u
                WHERE u.UserName == @__userName_0
            ) AS u0
            LEFT JOIN Journals AS j ON u0.Id == j.UserId
            ORDER BY u0.Id ASC, 
            False, 
            new HashSet<string>(
                new string[]{ }, 
                StringComparer.Ordinal
            )
        )].GetRelationalCommandTemplate(parameters), 
        readerColumns: null, 
        shaper: (queryContext, dataReader, resultContext, resultCoordinator) => 
        {
            resultContext.Values == null ? 
            {
                User entity;
                entity = 
                {
                    MaterializationContext materializationContext1;
                    IEntityType entityType1;
                    User instance1;
                    InternalEntityEntry entry1;
                    bool hasNullKey1;
                    materializationContext1 = new MaterializationContext(
                        [LIFTABLE Constant: ValueBuffer | Resolver: _ => (object)ValueBuffer.Empty], 
                        queryContext.Context
                    );
                    instance1 = default(User);
                    entry1 = queryContext.TryGetEntry(
                        key: [LIFTABLE Constant: Key: User.Id PK | Resolver: c => c.Dependencies.Model.FindEntityType("JournalApp.Domain.User.User").FindPrimaryKey()], 
                        keyValues: new object[]{ (object)dataReader.GetInt32(0) }, 
                        throwOnNullKey: True, 
                        hasNullKey: hasNullKey1);
                    !(hasNullKey1) ? entry1 != default(InternalEntityEntry) ? 
                    {
                        entityType1 = entry1.EntityType;
                        return instance1 = (User)entry1.Entity;
                    } : 
                    {
                        ISnapshot shadowSnapshot1;
                        shadowSnapshot1 = [LIFTABLE Constant: Snapshot | Resolver: _ => Snapshot.Empty];
                        entityType1 = [LIFTABLE Constant: EntityType: User | Resolver: namelessParameter{0} => namelessParameter{0}.Dependencies.Model.FindEntityType("JournalApp.Domain.User.User")];
                        instance1 = switch (entityType1)
                        {
                            case [LIFTABLE Constant: EntityType: User | Resolver: namelessParameter{1} => namelessParameter{1}.Dependencies.Model.FindEntityType("JournalApp.Domain.User.User")]: 
                                {
                                    return 
                                    {
                                        User instance;
                                        instance = new User();
                                        instance.<Id>k__BackingField = dataReader.GetInt32(0);
                                        instance.<Password>k__BackingField = dataReader.GetString(1);
                                        instance.<UserName>k__BackingField = dataReader.GetString(2);
                                        (instance is IInjectableService) ? ((IInjectableService)instance).Injected(
                                            context: materializationContext1.Context, 
                                            entity: instance, 
                                            queryTrackingBehavior: TrackAll, 
                                            structuralType: [LIFTABLE Constant: EntityType: User | Resolver: namelessParameter{2} => namelessParameter{2}.Dependencies.Model.FindEntityType("JournalApp.Domain.User.User")]) : default(void);
                                        return instance;
                                    }}
                            default: 
                                default(User)
                        }
                        ;
                        entry1 = entityType1 == default(IEntityType) ? default(InternalEntityEntry) : queryContext.StartTracking(
                            entityType: entityType1, 
                            entity: instance1, 
                            snapshot: shadowSnapshot1);
                        return instance1;
                    } : default(void);
                    return instance1;
                };
                resultContext.Values = new object[]{ entity };
                ShaperProcessingExpressionVisitor.InitializeIncludeCollection<User, User>(
                    collectionId: 0, 
                    queryContext: queryContext, 
                    dbDataReader: dataReader, 
                    resultCoordinator: resultCoordinator, 
                    entity: (User)(resultContext.Values[0]), 
                    parentIdentifier: [LIFTABLE Constant: Func<QueryContext, DbDataReader, object[]> | Resolver: _ => (queryContext, dataReader) => new object[]{ (object)(int?)dataReader.GetInt32(0) }], 
                    outerIdentifier: [LIFTABLE Constant: Func<QueryContext, DbDataReader, object[]> | Resolver: _ => (queryContext, dataReader) => new object[]{ (object)(int?)dataReader.GetInt32(0) }], 
                    navigation: [LIFTABLE Constant: Navigation: User.Journals (List<Journal>) Collection ToDependent Journal Inverse: User | Resolver: namelessParameter{3} => namelessParameter{3}.Dependencies.Model.FindEntityType("JournalApp.Domain.User.User").FindNavigation("Journals")], 
                    clrCollectionAccessor: [LIFTABLE Constant: ClrICollectionAccessor<User, List<Journal>, Journal> | Resolver: namelessParameter{4} => namelessParameter{4}.Dependencies.Model.FindEntityType("JournalApp.Domain.User.User").FindNavigation("Journals").GetCollectionAccessor()], 
                    trackingQuery: True, 
                    setLoaded: True);
            } : default(void);
            ShaperProcessingExpressionVisitor.PopulateIncludeCollection<User, Journal>(
                collectionId: 0, 
                queryContext: queryContext, 
                dbDataReader: dataReader, 
                resultCoordinator: resultCoordinator, 
                parentIdentifier: [LIFTABLE Constant: Func<QueryContext, DbDataReader, object[]> | Resolver: _ => (queryContext, dataReader) => new object[]{ (object)(int?)dataReader.GetInt32(0) }], 
                outerIdentifier: [LIFTABLE Constant: Func<QueryContext, DbDataReader, object[]> | Resolver: _ => (queryContext, dataReader) => new object[]{ (object)(int?)dataReader.GetInt32(0) }], 
                selfIdentifier: [LIFTABLE Constant: Func<QueryContext, DbDataReader, object[]> | Resolver: _ => (queryContext, dataReader) => new object[]{ (object)dataReader.IsDBNull(3) ? default(int?) : (int?)dataReader.GetInt32(3) }], 
                parentIdentifierValueComparers: [LIFTABLE Constant: Func<object, object, bool>[] { Func<object, object, bool> } | Resolver: _ => new Func<object, object, bool>[]{ (left, right) => left == null ? right == null : right != null && (int)left == (int)right }], 
                outerIdentifierValueComparers: [LIFTABLE Constant: Func<object, object, bool>[] { Func<object, object, bool> } | Resolver: _ => new Func<object, object, bool>[]{ (left, right) => left == null ? right == null : right != null && (int)left == (int)right }], 
                selfIdentifierValueComparers: [LIFTABLE Constant: Func<object, object, bool>[] { Func<object, object, bool> } | Resolver: _ => new Func<object, object, bool>[]{ (left, right) => left == null ? right == null : right != null && (int)left == (int)right }], 
                innerShaper: (queryContext, dataReader, resultContext, resultCoordinator) => 
                {
                    Journal entity;
                    entity = 
                    {
                        MaterializationContext materializationContext2;
                        IEntityType entityType2;
                        Journal instance2;
                        InternalEntityEntry entry2;
                        bool hasNullKey2;
                        materializationContext2 = new MaterializationContext(
                            [LIFTABLE Constant: ValueBuffer | Resolver: _ => (object)ValueBuffer.Empty], 
                            queryContext.Context
                        );
                        instance2 = default(Journal);
                        entry2 = queryContext.TryGetEntry(
                            key: [LIFTABLE Constant: Key: Journal.Id PK | Resolver: c => c.Dependencies.Model.FindEntityType("JournalApp.Domain.Journal.Journal").FindPrimaryKey()], 
                            keyValues: new object[]{ dataReader.IsDBNull(3) ? default(object) : (object)dataReader.GetInt32(3) }, 
                            throwOnNullKey: False, 
                            hasNullKey: hasNullKey2);
                        !(hasNullKey2) ? entry2 != default(InternalEntityEntry) ? 
                        {
                            entityType2 = entry2.EntityType;
                            return instance2 = (Journal)entry2.Entity;
                        } : 
                        {
                            ISnapshot shadowSnapshot2;
                            shadowSnapshot2 = [LIFTABLE Constant: Snapshot | Resolver: _ => Snapshot.Empty];
                            entityType2 = [LIFTABLE Constant: EntityType: Journal | Resolver: namelessParameter{5} => namelessParameter{5}.Dependencies.Model.FindEntityType("JournalApp.Domain.Journal.Journal")];
                            instance2 = switch (entityType2)
                            {
                                case [LIFTABLE Constant: EntityType: Journal | Resolver: namelessParameter{6} => namelessParameter{6}.Dependencies.Model.FindEntityType("JournalApp.Domain.Journal.Journal")]: 
                                    {
                                        return 
                                        {
                                            Journal instance;
                                            instance = new Journal();
                                            instance.<Id>k__BackingField = dataReader.IsDBNull(3) ? default(int) : dataReader.GetInt32(3);
                                            instance.<Content>k__BackingField = dataReader.IsDBNull(4) ? default(string) : dataReader.GetString(4);
                                            {
                                                List<string> namelessParameter{7};
                                                namelessParameter{7} = instance.<Images>k__BackingField;
                                                namelessParameter{7} == null || dataReader.IsDBNull(5) ? default(List<string>) : (List<string>)Invoke(((CollectionToJsonStringConverter<string>)((IReadOnlyProperty)[LIFTABLE Constant: Property: Journal.Images (List<string>) Required Element type: string Required | Resolver: namelessParameter{8} => namelessParameter{8}.Dependencies.Model.FindEntityType("JournalApp.Domain.Journal.Journal").FindProperty("Images")]).GetTypeMapping().Converter).ConvertFromProviderTyped, dataReader.GetString(5)) == null || namelessParameter{7}.IsReadOnly ? instance.<Images>k__BackingField = dataReader.IsDBNull(5) ? default(List<string>) : (List<string>)Invoke(((CollectionToJsonStringConverter<string>)((IReadOnlyProperty)[LIFTABLE Constant: Property: Journal.Images (List<string>) Required Element type: string Required | Resolver: namelessParameter{9} => namelessParameter{9}.Dependencies.Model.FindEntityType("JournalApp.Domain.Journal.Journal").FindProperty("Images")]).GetTypeMapping().Converter).ConvertFromProviderTyped, dataReader.GetString(5)) : EntityMaterializerSource.PopulateList<string>(
                                                    buffer: dataReader.IsDBNull(5) ? default(List<string>) : (List<string>)Invoke(((CollectionToJsonStringConverter<string>)((IReadOnlyProperty)[LIFTABLE Constant: Property: Journal.Images (List<string>) Required Element type: string Required | Resolver: namelessParameter{10} => namelessParameter{10}.Dependencies.Model.FindEntityType("JournalApp.Domain.Journal.Journal").FindProperty("Images")]).GetTypeMapping().Converter).ConvertFromProviderTyped, dataReader.GetString(5)), 
                                                    target: namelessParameter{7});
                                            }instance.<Title>k__BackingField = dataReader.IsDBNull(6) ? default(string) : dataReader.GetString(6);
                                            instance.<UserId>k__BackingField = dataReader.IsDBNull(7) ? default(int) : dataReader.GetInt32(7);
                                            (instance is IInjectableService) ? ((IInjectableService)instance).Injected(
                                                context: materializationContext2.Context, 
                                                entity: instance, 
                                                queryTrackingBehavior: TrackAll, 
                                                structuralType: [LIFTABLE Constant: EntityType: Journal | Resolver: namelessParameter{11} => namelessParameter{11}.Dependencies.Model.FindEntityType("JournalApp.Domain.Journal.Journal")]) : default(void);
                                            return instance;
                                        }}
                                default: 
                                    default(Journal)
                            }
                            ;
                            entry2 = entityType2 == default(IEntityType) ? default(InternalEntityEntry) : queryContext.StartTracking(
                                entityType: entityType2, 
                                entity: instance2, 
                                snapshot: shadowSnapshot2);
                            return instance2;
                        } : default(void);
                        return instance2;
                    };
                    return entity;
                }, 
                inverseNavigation: [LIFTABLE Constant: Navigation: Journal.User (User) ToPrincipal User Inverse: Journals | Resolver: namelessParameter{12} => namelessParameter{12}.Dependencies.Model.FindEntityType("JournalApp.Domain.Journal.Journal").FindNavigation("User")], 
                fixup: (namelessParameter{13}, namelessParameter{14}) => 
                {
                    [LIFTABLE Constant: ClrICollectionAccessor<User, List<Journal>, Journal> | Resolver: namelessParameter{15} => namelessParameter{15}.Dependencies.Model.FindEntityType("JournalApp.Domain.User.User").FindNavigation("Journals").GetCollectionAccessor()].Add(
                        entity: namelessParameter{13}, 
                        value: namelessParameter{14}, 
                        forMaterialization: True);
                    return namelessParameter{14}.<User>k__BackingField = namelessParameter{13};
                }, 
                trackingQuery: True);
            return IsTrue(resultCoordinator.ResultReady)
             ? (User)(resultContext.Values[0]) : default(User);
        }, 
        contextType: JournalApp.Infrastructure.JournalAppDbContext, 
        standAloneStateManager: False, 
        detailedErrorsEnabled: False, 
        threadSafetyChecksEnabled: True), 
    cancellationToken: queryContext.CancellationToken)'
2026-09-27 17:36:33.375 +03:00 [DBG] Creating DbConnection.
2026-09-27 17:36:33.380 +03:00 [DBG] Created DbConnection. (3ms).
2026-09-27 17:36:33.382 +03:00 [DBG] Opening connection to database 'main' on server '/Users/sgrancharov/dev/dotnet/JournalApp/JournalApp/JournalApp.Infrastructure/JournalApp.db'.
2026-09-27 17:36:33.386 +03:00 [DBG] Opened connection to database 'main' on server '/Users/sgrancharov/dev/dotnet/JournalApp/JournalApp/JournalApp.Infrastructure/JournalApp.db'.
2026-09-27 17:36:33.387 +03:00 [DBG] Creating DbCommand for 'ExecuteReader'.
2026-09-27 17:36:33.389 +03:00 [DBG] Created DbCommand for 'ExecuteReader' (0ms).
2026-09-27 17:36:33.390 +03:00 [DBG] Initialized DbCommand for 'ExecuteReader' (3ms).
2026-09-27 17:36:33.394 +03:00 [DBG] Executing DbCommand [Parameters=[@__userName_0='?' (Size = 7)], CommandType='"Text"', CommandTimeout='30']
SELECT "u0"."Id", "u0"."Password", "u0"."UserName", "j"."Id", "j"."Content", "j"."Images", "j"."Title", "j"."UserId"
FROM (
    SELECT "u"."Id", "u"."Password", "u"."UserName"
    FROM "Users" AS "u"
    WHERE "u"."UserName" = @__userName_0
    LIMIT 1
) AS "u0"
LEFT JOIN "Journals" AS "j" ON "u0"."Id" = "j"."UserId"
ORDER BY "u0"."Id"
2026-09-27 17:36:33.405 +03:00 [INF] Executed DbCommand (8ms) [Parameters=[@__userName_0='?' (Size = 7)], CommandType='"Text"', CommandTimeout='30']
SELECT "u0"."Id", "u0"."Password", "u0"."UserName", "j"."Id", "j"."Content", "j"."Images", "j"."Title", "j"."UserId"
FROM (
    SELECT "u"."Id", "u"."Password", "u"."UserName"
    FROM "Users" AS "u"
    WHERE "u"."UserName" = @__userName_0
    LIMIT 1
) AS "u0"
LEFT JOIN "Journals" AS "j" ON "u0"."Id" = "j"."UserId"
ORDER BY "u0"."Id"
2026-09-27 17:36:33.418 +03:00 [DBG] Context 'JournalAppDbContext' started tracking 'User' entity. Consider using 'DbContextOptionsBuilder.EnableSensitiveDataLogging' to see key values.
2026-09-27 17:36:33.432 +03:00 [DBG] Context 'JournalAppDbContext' started tracking 'Journal' entity. Consider using 'DbContextOptionsBuilder.EnableSensitiveDataLogging' to see key values.
2026-09-27 17:36:33.435 +03:00 [DBG] Context 'JournalAppDbContext' started tracking 'Journal' entity. Consider using 'DbContextOptionsBuilder.EnableSensitiveDataLogging' to see key values.
2026-09-27 17:36:33.435 +03:00 [DBG] Context 'JournalAppDbContext' started tracking 'Journal' entity. Consider using 'DbContextOptionsBuilder.EnableSensitiveDataLogging' to see key values.
2026-09-27 17:36:33.435 +03:00 [DBG] Context 'JournalAppDbContext' started tracking 'Journal' entity. Consider using 'DbContextOptionsBuilder.EnableSensitiveDataLogging' to see key values.
2026-09-27 17:36:33.435 +03:00 [DBG] Context 'JournalAppDbContext' started tracking 'Journal' entity. Consider using 'DbContextOptionsBuilder.EnableSensitiveDataLogging' to see key values.
2026-09-27 17:36:33.437 +03:00 [DBG] Closing data reader to 'main' on server '/Users/sgrancharov/dev/dotnet/JournalApp/JournalApp/JournalApp.Infrastructure/JournalApp.db'.
2026-09-27 17:36:33.439 +03:00 [DBG] A data reader for 'main' on server '/Users/sgrancharov/dev/dotnet/JournalApp/JournalApp/JournalApp.Infrastructure/JournalApp.db' is being disposed after spending 32ms reading results.
2026-09-27 17:36:33.440 +03:00 [DBG] Closing connection to database 'main' on server '/Users/sgrancharov/dev/dotnet/JournalApp/JournalApp/JournalApp.Infrastructure/JournalApp.db'.
2026-09-27 17:36:33.442 +03:00 [DBG] Closed connection to database 'main' on server '/Users/sgrancharov/dev/dotnet/JournalApp/JournalApp/JournalApp.Infrastructure/JournalApp.db' (1ms).
2026-09-27 17:37:13.849 +03:00 [WRN] You do not have a valid license key for the Lucky Penny software AutoMapper. This is allowed for development and testing scenarios. If you are running in production you are required to have a licensed version. Please visit https://luckypennysoftware.com to obtain a valid license.
2026-09-27 17:37:20.086 +03:00 [DBG] An 'IServiceProvider' was created for internal use by Entity Framework.
2026-09-27 17:37:20.348 +03:00 [DBG] Entity Framework Core 9.0.7 initialized 'JournalAppDbContext' using provider 'Microsoft.EntityFrameworkCore.Sqlite:9.0.7' with options: None
2026-09-27 17:37:20.372 +03:00 [DBG] Compiling query expression: 
'DbSet<User>()
    .Include(u => u.Journals)
    .FirstOrDefault(u => u.UserName == __userName_0)'
2026-09-27 17:37:20.394 +03:00 [DBG] Including navigation: 'User.Journals'.
2026-09-27 17:37:20.506 +03:00 [DBG] Generated query execution expression: 
'queryContext => ShapedQueryCompilingExpressionVisitor.SingleOrDefaultAsync<User>(
    asyncEnumerable: SingleQueryingEnumerable.Create<User>(
        relationalQueryContext: (RelationalQueryContext)queryContext, 
        relationalCommandResolver: parameters => [LIFTABLE Constant: RelationalCommandCache.QueryExpression(
            Client Projections:
                0 -> Dictionary<IProperty, int> { [Property: User.Id (int) Required PK AfterSave:Throw ValueGenerated.OnAdd, 0], [Property: User.Password (string) Required, 1], [Property: User.UserName (string) Required, 2] }
                1 -> 0
                2 -> Dictionary<IProperty, int> { [Property: Journal.Id (int) Required PK AfterSave:Throw ValueGenerated.OnAdd, 3], [Property: Journal.Content (string) Required, 4], [Property: Journal.Images (List<string>) Required Element type: string Required, 5], [Property: Journal.Title (string) Required, 6], [Property: Journal.UserId (int) Required FK Index, 7] }
                3 -> 3
            SELECT u0.Id, u0.Password, u0.UserName, j.Id, j.Content, j.Images, j.Title, j.UserId
            FROM 
            (
                SELECT TOP(1) u.Id, u.Password, u.UserName
                FROM Users AS u
                WHERE u.UserName == @__userName_0
            ) AS u0
            LEFT JOIN Journals AS j ON u0.Id == j.UserId
            ORDER BY u0.Id ASC) | Resolver: c => new RelationalCommandCache(
            c.Dependencies.MemoryCache, 
            c.RelationalDependencies.QuerySqlGeneratorFactory, 
            c.RelationalDependencies.RelationalParameterBasedSqlProcessorFactory, 
            Client Projections:
                0 -> Dictionary<IProperty, int> { [Property: User.Id (int) Required PK AfterSave:Throw ValueGenerated.OnAdd, 0], [Property: User.Password (string) Required, 1], [Property: User.UserName (string) Required, 2] }
                1 -> 0
                2 -> Dictionary<IProperty, int> { [Property: Journal.Id (int) Required PK AfterSave:Throw ValueGenerated.OnAdd, 3], [Property: Journal.Content (string) Required, 4], [Property: Journal.Images (List<string>) Required Element type: string Required, 5], [Property: Journal.Title (string) Required, 6], [Property: Journal.UserId (int) Required FK Index, 7] }
                3 -> 3
            SELECT u0.Id, u0.Password, u0.UserName, j.Id, j.Content, j.Images, j.Title, j.UserId
            FROM 
            (
                SELECT TOP(1) u.Id, u.Password, u.UserName
                FROM Users AS u
                WHERE u.UserName == @__userName_0
            ) AS u0
            LEFT JOIN Journals AS j ON u0.Id == j.UserId
            ORDER BY u0.Id ASC, 
            False, 
            new HashSet<string>(
                new string[]{ }, 
                StringComparer.Ordinal
            )
        )].GetRelationalCommandTemplate(parameters), 
        readerColumns: null, 
        shaper: (queryContext, dataReader, resultContext, resultCoordinator) => 
        {
            resultContext.Values == null ? 
            {
                User entity;
                entity = 
                {
                    MaterializationContext materializationContext1;
                    IEntityType entityType1;
                    User instance1;
                    InternalEntityEntry entry1;
                    bool hasNullKey1;
                    materializationContext1 = new MaterializationContext(
                        [LIFTABLE Constant: ValueBuffer | Resolver: _ => (object)ValueBuffer.Empty], 
                        queryContext.Context
                    );
                    instance1 = default(User);
                    entry1 = queryContext.TryGetEntry(
                        key: [LIFTABLE Constant: Key: User.Id PK | Resolver: c => c.Dependencies.Model.FindEntityType("JournalApp.Domain.User.User").FindPrimaryKey()], 
                        keyValues: new object[]{ (object)dataReader.GetInt32(0) }, 
                        throwOnNullKey: True, 
                        hasNullKey: hasNullKey1);
                    !(hasNullKey1) ? entry1 != default(InternalEntityEntry) ? 
                    {
                        entityType1 = entry1.EntityType;
                        return instance1 = (User)entry1.Entity;
                    } : 
                    {
                        ISnapshot shadowSnapshot1;
                        shadowSnapshot1 = [LIFTABLE Constant: Snapshot | Resolver: _ => Snapshot.Empty];
                        entityType1 = [LIFTABLE Constant: EntityType: User | Resolver: namelessParameter{0} => namelessParameter{0}.Dependencies.Model.FindEntityType("JournalApp.Domain.User.User")];
                        instance1 = switch (entityType1)
                        {
                            case [LIFTABLE Constant: EntityType: User | Resolver: namelessParameter{1} => namelessParameter{1}.Dependencies.Model.FindEntityType("JournalApp.Domain.User.User")]: 
                                {
                                    return 
                                    {
                                        User instance;
                                        instance = new User();
                                        instance.<Id>k__BackingField = dataReader.GetInt32(0);
                                        instance.<Password>k__BackingField = dataReader.GetString(1);
                                        instance.<UserName>k__BackingField = dataReader.GetString(2);
                                        (instance is IInjectableService) ? ((IInjectableService)instance).Injected(
                                            context: materializationContext1.Context, 
                                            entity: instance, 
                                            queryTrackingBehavior: TrackAll, 
                                            structuralType: [LIFTABLE Constant: EntityType: User | Resolver: namelessParameter{2} => namelessParameter{2}.Dependencies.Model.FindEntityType("JournalApp.Domain.User.User")]) : default(void);
                                        return instance;
                                    }}
                            default: 
                                default(User)
                        }
                        ;
                        entry1 = entityType1 == default(IEntityType) ? default(InternalEntityEntry) : queryContext.StartTracking(
                            entityType: entityType1, 
                            entity: instance1, 
                            snapshot: shadowSnapshot1);
                        return instance1;
                    } : default(void);
                    return instance1;
                };
                resultContext.Values = new object[]{ entity };
                ShaperProcessingExpressionVisitor.InitializeIncludeCollection<User, User>(
                    collectionId: 0, 
                    queryContext: queryContext, 
                    dbDataReader: dataReader, 
                    resultCoordinator: resultCoordinator, 
                    entity: (User)(resultContext.Values[0]), 
                    parentIdentifier: [LIFTABLE Constant: Func<QueryContext, DbDataReader, object[]> | Resolver: _ => (queryContext, dataReader) => new object[]{ (object)(int?)dataReader.GetInt32(0) }], 
                    outerIdentifier: [LIFTABLE Constant: Func<QueryContext, DbDataReader, object[]> | Resolver: _ => (queryContext, dataReader) => new object[]{ (object)(int?)dataReader.GetInt32(0) }], 
                    navigation: [LIFTABLE Constant: Navigation: User.Journals (List<Journal>) Collection ToDependent Journal Inverse: User | Resolver: namelessParameter{3} => namelessParameter{3}.Dependencies.Model.FindEntityType("JournalApp.Domain.User.User").FindNavigation("Journals")], 
                    clrCollectionAccessor: [LIFTABLE Constant: ClrICollectionAccessor<User, List<Journal>, Journal> | Resolver: namelessParameter{4} => namelessParameter{4}.Dependencies.Model.FindEntityType("JournalApp.Domain.User.User").FindNavigation("Journals").GetCollectionAccessor()], 
                    trackingQuery: True, 
                    setLoaded: True);
            } : default(void);
            ShaperProcessingExpressionVisitor.PopulateIncludeCollection<User, Journal>(
                collectionId: 0, 
                queryContext: queryContext, 
                dbDataReader: dataReader, 
                resultCoordinator: resultCoordinator, 
                parentIdentifier: [LIFTABLE Constant: Func<QueryContext, DbDataReader, object[]> | Resolver: _ => (queryContext, dataReader) => new object[]{ (object)(int?)dataReader.GetInt32(0) }], 
                outerIdentifier: [LIFTABLE Constant: Func<QueryContext, DbDataReader, object[]> | Resolver: _ => (queryContext, dataReader) => new object[]{ (object)(int?)dataReader.GetInt32(0) }], 
                selfIdentifier: [LIFTABLE Constant: Func<QueryContext, DbDataReader, object[]> | Resolver: _ => (queryContext, dataReader) => new object[]{ (object)dataReader.IsDBNull(3) ? default(int?) : (int?)dataReader.GetInt32(3) }], 
                parentIdentifierValueComparers: [LIFTABLE Constant: Func<object, object, bool>[] { Func<object, object, bool> } | Resolver: _ => new Func<object, object, bool>[]{ (left, right) => left == null ? right == null : right != null && (int)left == (int)right }], 
                outerIdentifierValueComparers: [LIFTABLE Constant: Func<object, object, bool>[] { Func<object, object, bool> } | Resolver: _ => new Func<object, object, bool>[]{ (left, right) => left == null ? right == null : right != null && (int)left == (int)right }], 
                selfIdentifierValueComparers: [LIFTABLE Constant: Func<object, object, bool>[] { Func<object, object, bool> } | Resolver: _ => new Func<object, object, bool>[]{ (left, right) => left == null ? right == null : right != null && (int)left == (int)right }], 
                innerShaper: (queryContext, dataReader, resultContext, resultCoordinator) => 
                {
                    Journal entity;
                    entity = 
                    {
                        MaterializationContext materializationContext2;
                        IEntityType entityType2;
                        Journal instance2;
                        InternalEntityEntry entry2;
                        bool hasNullKey2;
                        materializationContext2 = new MaterializationContext(
                            [LIFTABLE Constant: ValueBuffer | Resolver: _ => (object)ValueBuffer.Empty], 
                            queryContext.Context
                        );
                        instance2 = default(Journal);
                        entry2 = queryContext.TryGetEntry(
                            key: [LIFTABLE Constant: Key: Journal.Id PK | Resolver: c => c.Dependencies.Model.FindEntityType("JournalApp.Domain.Journal.Journal").FindPrimaryKey()], 
                            keyValues: new object[]{ dataReader.IsDBNull(3) ? default(object) : (object)dataReader.GetInt32(3) }, 
                            throwOnNullKey: False, 
                            hasNullKey: hasNullKey2);
                        !(hasNullKey2) ? entry2 != default(InternalEntityEntry) ? 
                        {
                            entityType2 = entry2.EntityType;
                            return instance2 = (Journal)entry2.Entity;
                        } : 
                        {
                            ISnapshot shadowSnapshot2;
                            shadowSnapshot2 = [LIFTABLE Constant: Snapshot | Resolver: _ => Snapshot.Empty];
                            entityType2 = [LIFTABLE Constant: EntityType: Journal | Resolver: namelessParameter{5} => namelessParameter{5}.Dependencies.Model.FindEntityType("JournalApp.Domain.Journal.Journal")];
                            instance2 = switch (entityType2)
                            {
                                case [LIFTABLE Constant: EntityType: Journal | Resolver: namelessParameter{6} => namelessParameter{6}.Dependencies.Model.FindEntityType("JournalApp.Domain.Journal.Journal")]: 
                                    {
                                        return 
                                        {
                                            Journal instance;
                                            instance = new Journal();
                                            instance.<Id>k__BackingField = dataReader.IsDBNull(3) ? default(int) : dataReader.GetInt32(3);
                                            instance.<Content>k__BackingField = dataReader.IsDBNull(4) ? default(string) : dataReader.GetString(4);
                                            {
                                                List<string> namelessParameter{7};
                                                namelessParameter{7} = instance.<Images>k__BackingField;
                                                namelessParameter{7} == null || dataReader.IsDBNull(5) ? default(List<string>) : (List<string>)Invoke(((CollectionToJsonStringConverter<string>)((IReadOnlyProperty)[LIFTABLE Constant: Property: Journal.Images (List<string>) Required Element type: string Required | Resolver: namelessParameter{8} => namelessParameter{8}.Dependencies.Model.FindEntityType("JournalApp.Domain.Journal.Journal").FindProperty("Images")]).GetTypeMapping().Converter).ConvertFromProviderTyped, dataReader.GetString(5)) == null || namelessParameter{7}.IsReadOnly ? instance.<Images>k__BackingField = dataReader.IsDBNull(5) ? default(List<string>) : (List<string>)Invoke(((CollectionToJsonStringConverter<string>)((IReadOnlyProperty)[LIFTABLE Constant: Property: Journal.Images (List<string>) Required Element type: string Required | Resolver: namelessParameter{9} => namelessParameter{9}.Dependencies.Model.FindEntityType("JournalApp.Domain.Journal.Journal").FindProperty("Images")]).GetTypeMapping().Converter).ConvertFromProviderTyped, dataReader.GetString(5)) : EntityMaterializerSource.PopulateList<string>(
                                                    buffer: dataReader.IsDBNull(5) ? default(List<string>) : (List<string>)Invoke(((CollectionToJsonStringConverter<string>)((IReadOnlyProperty)[LIFTABLE Constant: Property: Journal.Images (List<string>) Required Element type: string Required | Resolver: namelessParameter{10} => namelessParameter{10}.Dependencies.Model.FindEntityType("JournalApp.Domain.Journal.Journal").FindProperty("Images")]).GetTypeMapping().Converter).ConvertFromProviderTyped, dataReader.GetString(5)), 
                                                    target: namelessParameter{7});
                                            }instance.<Title>k__BackingField = dataReader.IsDBNull(6) ? default(string) : dataReader.GetString(6);
                                            instance.<UserId>k__BackingField = dataReader.IsDBNull(7) ? default(int) : dataReader.GetInt32(7);
                                            (instance is IInjectableService) ? ((IInjectableService)instance).Injected(
                                                context: materializationContext2.Context, 
                                                entity: instance, 
                                                queryTrackingBehavior: TrackAll, 
                                                structuralType: [LIFTABLE Constant: EntityType: Journal | Resolver: namelessParameter{11} => namelessParameter{11}.Dependencies.Model.FindEntityType("JournalApp.Domain.Journal.Journal")]) : default(void);
                                            return instance;
                                        }}
                                default: 
                                    default(Journal)
                            }
                            ;
                            entry2 = entityType2 == default(IEntityType) ? default(InternalEntityEntry) : queryContext.StartTracking(
                                entityType: entityType2, 
                                entity: instance2, 
                                snapshot: shadowSnapshot2);
                            return instance2;
                        } : default(void);
                        return instance2;
                    };
                    return entity;
                }, 
                inverseNavigation: [LIFTABLE Constant: Navigation: Journal.User (User) ToPrincipal User Inverse: Journals | Resolver: namelessParameter{12} => namelessParameter{12}.Dependencies.Model.FindEntityType("JournalApp.Domain.Journal.Journal").FindNavigation("User")], 
                fixup: (namelessParameter{13}, namelessParameter{14}) => 
                {
                    [LIFTABLE Constant: ClrICollectionAccessor<User, List<Journal>, Journal> | Resolver: namelessParameter{15} => namelessParameter{15}.Dependencies.Model.FindEntityType("JournalApp.Domain.User.User").FindNavigation("Journals").GetCollectionAccessor()].Add(
                        entity: namelessParameter{13}, 
                        value: namelessParameter{14}, 
                        forMaterialization: True);
                    return namelessParameter{14}.<User>k__BackingField = namelessParameter{13};
                }, 
                trackingQuery: True);
            return IsTrue(resultCoordinator.ResultReady)
             ? (User)(resultContext.Values[0]) : default(User);
        }, 
        contextType: JournalApp.Infrastructure.JournalAppDbContext, 
        standAloneStateManager: False, 
        detailedErrorsEnabled: False, 
        threadSafetyChecksEnabled: True), 
    cancellationToken: queryContext.CancellationToken)'
2026-09-27 17:37:20.521 +03:00 [DBG] Creating DbConnection.
2026-09-27 17:37:20.527 +03:00 [DBG] Created DbConnection. (4ms).
2026-09-27 17:37:20.529 +03:00 [DBG] Opening connection to database 'main' on server '/Users/sgrancharov/dev/dotnet/JournalApp/JournalApp/JournalApp.Infrastructure/JournalApp.db'.
2026-09-27 17:37:20.535 +03:00 [DBG] Opened connection to database 'main' on server '/Users/sgrancharov/dev/dotnet/JournalApp/JournalApp/JournalApp.Infrastructure/JournalApp.db'.
2026-09-27 17:37:20.536 +03:00 [DBG] Creating DbCommand for 'ExecuteReader'.
2026-09-27 17:37:20.539 +03:00 [DBG] Created DbCommand for 'ExecuteReader' (1ms).
2026-09-27 17:37:20.540 +03:00 [DBG] Initialized DbCommand for 'ExecuteReader' (3ms).
2026-09-27 17:37:20.543 +03:00 [DBG] Executing DbCommand [Parameters=[@__userName_0='?' (Size = 7)], CommandType='"Text"', CommandTimeout='30']
SELECT "u0"."Id", "u0"."Password", "u0"."UserName", "j"."Id", "j"."Content", "j"."Images", "j"."Title", "j"."UserId"
FROM (
    SELECT "u"."Id", "u"."Password", "u"."UserName"
    FROM "Users" AS "u"
    WHERE "u"."UserName" = @__userName_0
    LIMIT 1
) AS "u0"
LEFT JOIN "Journals" AS "j" ON "u0"."Id" = "j"."UserId"
ORDER BY "u0"."Id"
2026-09-27 17:37:20.555 +03:00 [INF] Executed DbCommand (8ms) [Parameters=[@__userName_0='?' (Size = 7)], CommandType='"Text"', CommandTimeout='30']
SELECT "u0"."Id", "u0"."Password", "u0"."UserName", "j"."Id", "j"."Content", "j"."Images", "j"."Title", "j"."UserId"
FROM (
    SELECT "u"."Id", "u"."Password", "u"."UserName"
    FROM "Users" AS "u"
    WHERE "u"."UserName" = @__userName_0
    LIMIT 1
) AS "u0"
LEFT JOIN "Journals" AS "j" ON "u0"."Id" = "j"."UserId"
ORDER BY "u0"."Id"
2026-09-27 17:37:20.569 +03:00 [DBG] Context 'JournalAppDbContext' started tracking 'User' entity. Consider using 'DbContextOptionsBuilder.EnableSensitiveDataLogging' to see key values.
2026-09-27 17:37:20.587 +03:00 [DBG] Context 'JournalAppDbContext' started tracking 'Journal' entity. Consider using 'DbContextOptionsBuilder.EnableSensitiveDataLogging' to see key values.
2026-09-27 17:37:20.590 +03:00 [DBG] Context 'JournalAppDbContext' started tracking 'Journal' entity. Consider using 'DbContextOptionsBuilder.EnableSensitiveDataLogging' to see key values.
2026-09-27 17:37:20.590 +03:00 [DBG] Context 'JournalAppDbContext' started tracking 'Journal' entity. Consider using 'DbContextOptionsBuilder.EnableSensitiveDataLogging' to see key values.
2026-09-27 17:37:20.590 +03:00 [DBG] Context 'JournalAppDbContext' started tracking 'Journal' entity. Consider using 'DbContextOptionsBuilder.EnableSensitiveDataLogging' to see key values.
2026-09-27 17:37:20.591 +03:00 [DBG] Context 'JournalAppDbContext' started tracking 'Journal' entity. Consider using 'DbContextOptionsBuilder.EnableSensitiveDataLogging' to see key values.
2026-09-27 17:37:20.593 +03:00 [DBG] Closing data reader to 'main' on server '/Users/sgrancharov/dev/dotnet/JournalApp/JournalApp/JournalApp.Infrastructure/JournalApp.db'.
2026-09-27 17:37:20.595 +03:00 [DBG] A data reader for 'main' on server '/Users/sgrancharov/dev/dotnet/JournalApp/JournalApp/JournalApp.Infrastructure/JournalApp.db' is being disposed after spending 37ms reading results.
2026-09-27 17:37:20.596 +03:00 [DBG] Closing connection to database 'main' on server '/Users/sgrancharov/dev/dotnet/JournalApp/JournalApp/JournalApp.Infrastructure/JournalApp.db'.
2026-09-27 17:37:20.598 +03:00 [DBG] Closed connection to database 'main' on server '/Users/sgrancharov/dev/dotnet/JournalApp/JournalApp/JournalApp.Infrastructure/JournalApp.db' (1ms).
2026-09-27 17:38:11.838 +03:00 [WRN] You do not have a valid license key for the Lucky Penny software AutoMapper. This is allowed for development and testing scenarios. If you are running in production you are required to have a licensed version. Please visit https://luckypennysoftware.com to obtain a valid license.
2026-09-27 17:38:17.723 +03:00 [DBG] An 'IServiceProvider' was created for internal use by Entity Framework.
2026-09-27 17:38:18.016 +03:00 [DBG] Entity Framework Core 9.0.7 initialized 'JournalAppDbContext' using provider 'Microsoft.EntityFrameworkCore.Sqlite:9.0.7' with options: None
2026-09-27 17:38:18.040 +03:00 [DBG] Compiling query expression: 
'DbSet<User>()
    .Include(u => u.Journals)
    .FirstOrDefault(u => u.UserName == __userName_0)'
2026-09-27 17:38:18.062 +03:00 [DBG] Including navigation: 'User.Journals'.
2026-09-27 17:38:18.175 +03:00 [DBG] Generated query execution expression: 
'queryContext => ShapedQueryCompilingExpressionVisitor.SingleOrDefaultAsync<User>(
    asyncEnumerable: SingleQueryingEnumerable.Create<User>(
        relationalQueryContext: (RelationalQueryContext)queryContext, 
        relationalCommandResolver: parameters => [LIFTABLE Constant: RelationalCommandCache.QueryExpression(
            Client Projections:
                0 -> Dictionary<IProperty, int> { [Property: User.Id (int) Required PK AfterSave:Throw ValueGenerated.OnAdd, 0], [Property: User.Password (string) Required, 1], [Property: User.UserName (string) Required, 2] }
                1 -> 0
                2 -> Dictionary<IProperty, int> { [Property: Journal.Id (int) Required PK AfterSave:Throw ValueGenerated.OnAdd, 3], [Property: Journal.Content (string) Required, 4], [Property: Journal.Images (List<string>) Required Element type: string Required, 5], [Property: Journal.Title (string) Required, 6], [Property: Journal.UserId (int) Required FK Index, 7] }
                3 -> 3
            SELECT u0.Id, u0.Password, u0.UserName, j.Id, j.Content, j.Images, j.Title, j.UserId
            FROM 
            (
                SELECT TOP(1) u.Id, u.Password, u.UserName
                FROM Users AS u
                WHERE u.UserName == @__userName_0
            ) AS u0
            LEFT JOIN Journals AS j ON u0.Id == j.UserId
            ORDER BY u0.Id ASC) | Resolver: c => new RelationalCommandCache(
            c.Dependencies.MemoryCache, 
            c.RelationalDependencies.QuerySqlGeneratorFactory, 
            c.RelationalDependencies.RelationalParameterBasedSqlProcessorFactory, 
            Client Projections:
                0 -> Dictionary<IProperty, int> { [Property: User.Id (int) Required PK AfterSave:Throw ValueGenerated.OnAdd, 0], [Property: User.Password (string) Required, 1], [Property: User.UserName (string) Required, 2] }
                1 -> 0
                2 -> Dictionary<IProperty, int> { [Property: Journal.Id (int) Required PK AfterSave:Throw ValueGenerated.OnAdd, 3], [Property: Journal.Content (string) Required, 4], [Property: Journal.Images (List<string>) Required Element type: string Required, 5], [Property: Journal.Title (string) Required, 6], [Property: Journal.UserId (int) Required FK Index, 7] }
                3 -> 3
            SELECT u0.Id, u0.Password, u0.UserName, j.Id, j.Content, j.Images, j.Title, j.UserId
            FROM 
            (
                SELECT TOP(1) u.Id, u.Password, u.UserName
                FROM Users AS u
                WHERE u.UserName == @__userName_0
            ) AS u0
            LEFT JOIN Journals AS j ON u0.Id == j.UserId
            ORDER BY u0.Id ASC, 
            False, 
            new HashSet<string>(
                new string[]{ }, 
                StringComparer.Ordinal
            )
        )].GetRelationalCommandTemplate(parameters), 
        readerColumns: null, 
        shaper: (queryContext, dataReader, resultContext, resultCoordinator) => 
        {
            resultContext.Values == null ? 
            {
                User entity;
                entity = 
                {
                    MaterializationContext materializationContext1;
                    IEntityType entityType1;
                    User instance1;
                    InternalEntityEntry entry1;
                    bool hasNullKey1;
                    materializationContext1 = new MaterializationContext(
                        [LIFTABLE Constant: ValueBuffer | Resolver: _ => (object)ValueBuffer.Empty], 
                        queryContext.Context
                    );
                    instance1 = default(User);
                    entry1 = queryContext.TryGetEntry(
                        key: [LIFTABLE Constant: Key: User.Id PK | Resolver: c => c.Dependencies.Model.FindEntityType("JournalApp.Domain.User.User").FindPrimaryKey()], 
                        keyValues: new object[]{ (object)dataReader.GetInt32(0) }, 
                        throwOnNullKey: True, 
                        hasNullKey: hasNullKey1);
                    !(hasNullKey1) ? entry1 != default(InternalEntityEntry) ? 
                    {
                        entityType1 = entry1.EntityType;
                        return instance1 = (User)entry1.Entity;
                    } : 
                    {
                        ISnapshot shadowSnapshot1;
                        shadowSnapshot1 = [LIFTABLE Constant: Snapshot | Resolver: _ => Snapshot.Empty];
                        entityType1 = [LIFTABLE Constant: EntityType: User | Resolver: namelessParameter{0} => namelessParameter{0}.Dependencies.Model.FindEntityType("JournalApp.Domain.User.User")];
                        instance1 = switch (entityType1)
                        {
                            case [LIFTABLE Constant: EntityType: User | Resolver: namelessParameter{1} => namelessParameter{1}.Dependencies.Model.FindEntityType("JournalApp.Domain.User.User")]: 
                                {
                                    return 
                                    {
                                        User instance;
                                        instance = new User();
                                        instance.<Id>k__BackingField = dataReader.GetInt32(0);
                                        instance.<Password>k__BackingField = dataReader.GetString(1);
                                        instance.<UserName>k__BackingField = dataReader.GetString(2);
                                        (instance is IInjectableService) ? ((IInjectableService)instance).Injected(
                                            context: materializationContext1.Context, 
                                            entity: instance, 
                                            queryTrackingBehavior: TrackAll, 
                                            structuralType: [LIFTABLE Constant: EntityType: User | Resolver: namelessParameter{2} => namelessParameter{2}.Dependencies.Model.FindEntityType("JournalApp.Domain.User.User")]) : default(void);
                                        return instance;
                                    }}
                            default: 
                                default(User)
                        }
                        ;
                        entry1 = entityType1 == default(IEntityType) ? default(InternalEntityEntry) : queryContext.StartTracking(
                            entityType: entityType1, 
                            entity: instance1, 
                            snapshot: shadowSnapshot1);
                        return instance1;
                    } : default(void);
                    return instance1;
                };
                resultContext.Values = new object[]{ entity };
                ShaperProcessingExpressionVisitor.InitializeIncludeCollection<User, User>(
                    collectionId: 0, 
                    queryContext: queryContext, 
                    dbDataReader: dataReader, 
                    resultCoordinator: resultCoordinator, 
                    entity: (User)(resultContext.Values[0]), 
                    parentIdentifier: [LIFTABLE Constant: Func<QueryContext, DbDataReader, object[]> | Resolver: _ => (queryContext, dataReader) => new object[]{ (object)(int?)dataReader.GetInt32(0) }], 
                    outerIdentifier: [LIFTABLE Constant: Func<QueryContext, DbDataReader, object[]> | Resolver: _ => (queryContext, dataReader) => new object[]{ (object)(int?)dataReader.GetInt32(0) }], 
                    navigation: [LIFTABLE Constant: Navigation: User.Journals (List<Journal>) Collection ToDependent Journal Inverse: User | Resolver: namelessParameter{3} => namelessParameter{3}.Dependencies.Model.FindEntityType("JournalApp.Domain.User.User").FindNavigation("Journals")], 
                    clrCollectionAccessor: [LIFTABLE Constant: ClrICollectionAccessor<User, List<Journal>, Journal> | Resolver: namelessParameter{4} => namelessParameter{4}.Dependencies.Model.FindEntityType("JournalApp.Domain.User.User").FindNavigation("Journals").GetCollectionAccessor()], 
                    trackingQuery: True, 
                    setLoaded: True);
            } : default(void);
            ShaperProcessingExpressionVisitor.PopulateIncludeCollection<User, Journal>(
                collectionId: 0, 
                queryContext: queryContext, 
                dbDataReader: dataReader, 
                resultCoordinator: resultCoordinator, 
                parentIdentifier: [LIFTABLE Constant: Func<QueryContext, DbDataReader, object[]> | Resolver: _ => (queryContext, dataReader) => new object[]{ (object)(int?)dataReader.GetInt32(0) }], 
                outerIdentifier: [LIFTABLE Constant: Func<QueryContext, DbDataReader, object[]> | Resolver: _ => (queryContext, dataReader) => new object[]{ (object)(int?)dataReader.GetInt32(0) }], 
                selfIdentifier: [LIFTABLE Constant: Func<QueryContext, DbDataReader, object[]> | Resolver: _ => (queryContext, dataReader) => new object[]{ (object)dataReader.IsDBNull(3) ? default(int?) : (int?)dataReader.GetInt32(3) }], 
                parentIdentifierValueComparers: [LIFTABLE Constant: Func<object, object, bool>[] { Func<object, object, bool> } | Resolver: _ => new Func<object, object, bool>[]{ (left, right) => left == null ? right == null : right != null && (int)left == (int)right }], 
                outerIdentifierValueComparers: [LIFTABLE Constant: Func<object, object, bool>[] { Func<object, object, bool> } | Resolver: _ => new Func<object, object, bool>[]{ (left, right) => left == null ? right == null : right != null && (int)left == (int)right }], 
                selfIdentifierValueComparers: [LIFTABLE Constant: Func<object, object, bool>[] { Func<object, object, bool> } | Resolver: _ => new Func<object, object, bool>[]{ (left, right) => left == null ? right == null : right != null && (int)left == (int)right }], 
                innerShaper: (queryContext, dataReader, resultContext, resultCoordinator) => 
                {
                    Journal entity;
                    entity = 
                    {
                        MaterializationContext materializationContext2;
                        IEntityType entityType2;
                        Journal instance2;
                        InternalEntityEntry entry2;
                        bool hasNullKey2;
                        materializationContext2 = new MaterializationContext(
                            [LIFTABLE Constant: ValueBuffer | Resolver: _ => (object)ValueBuffer.Empty], 
                            queryContext.Context
                        );
                        instance2 = default(Journal);
                        entry2 = queryContext.TryGetEntry(
                            key: [LIFTABLE Constant: Key: Journal.Id PK | Resolver: c => c.Dependencies.Model.FindEntityType("JournalApp.Domain.Journal.Journal").FindPrimaryKey()], 
                            keyValues: new object[]{ dataReader.IsDBNull(3) ? default(object) : (object)dataReader.GetInt32(3) }, 
                            throwOnNullKey: False, 
                            hasNullKey: hasNullKey2);
                        !(hasNullKey2) ? entry2 != default(InternalEntityEntry) ? 
                        {
                            entityType2 = entry2.EntityType;
                            return instance2 = (Journal)entry2.Entity;
                        } : 
                        {
                            ISnapshot shadowSnapshot2;
                            shadowSnapshot2 = [LIFTABLE Constant: Snapshot | Resolver: _ => Snapshot.Empty];
                            entityType2 = [LIFTABLE Constant: EntityType: Journal | Resolver: namelessParameter{5} => namelessParameter{5}.Dependencies.Model.FindEntityType("JournalApp.Domain.Journal.Journal")];
                            instance2 = switch (entityType2)
                            {
                                case [LIFTABLE Constant: EntityType: Journal | Resolver: namelessParameter{6} => namelessParameter{6}.Dependencies.Model.FindEntityType("JournalApp.Domain.Journal.Journal")]: 
                                    {
                                        return 
                                        {
                                            Journal instance;
                                            instance = new Journal();
                                            instance.<Id>k__BackingField = dataReader.IsDBNull(3) ? default(int) : dataReader.GetInt32(3);
                                            instance.<Content>k__BackingField = dataReader.IsDBNull(4) ? default(string) : dataReader.GetString(4);
                                            {
                                                List<string> namelessParameter{7};
                                                namelessParameter{7} = instance.<Images>k__BackingField;
                                                namelessParameter{7} == null || dataReader.IsDBNull(5) ? default(List<string>) : (List<string>)Invoke(((CollectionToJsonStringConverter<string>)((IReadOnlyProperty)[LIFTABLE Constant: Property: Journal.Images (List<string>) Required Element type: string Required | Resolver: namelessParameter{8} => namelessParameter{8}.Dependencies.Model.FindEntityType("JournalApp.Domain.Journal.Journal").FindProperty("Images")]).GetTypeMapping().Converter).ConvertFromProviderTyped, dataReader.GetString(5)) == null || namelessParameter{7}.IsReadOnly ? instance.<Images>k__BackingField = dataReader.IsDBNull(5) ? default(List<string>) : (List<string>)Invoke(((CollectionToJsonStringConverter<string>)((IReadOnlyProperty)[LIFTABLE Constant: Property: Journal.Images (List<string>) Required Element type: string Required | Resolver: namelessParameter{9} => namelessParameter{9}.Dependencies.Model.FindEntityType("JournalApp.Domain.Journal.Journal").FindProperty("Images")]).GetTypeMapping().Converter).ConvertFromProviderTyped, dataReader.GetString(5)) : EntityMaterializerSource.PopulateList<string>(
                                                    buffer: dataReader.IsDBNull(5) ? default(List<string>) : (List<string>)Invoke(((CollectionToJsonStringConverter<string>)((IReadOnlyProperty)[LIFTABLE Constant: Property: Journal.Images (List<string>) Required Element type: string Required | Resolver: namelessParameter{10} => namelessParameter{10}.Dependencies.Model.FindEntityType("JournalApp.Domain.Journal.Journal").FindProperty("Images")]).GetTypeMapping().Converter).ConvertFromProviderTyped, dataReader.GetString(5)), 
                                                    target: namelessParameter{7});
                                            }instance.<Title>k__BackingField = dataReader.IsDBNull(6) ? default(string) : dataReader.GetString(6);
                                            instance.<UserId>k__BackingField = dataReader.IsDBNull(7) ? default(int) : dataReader.GetInt32(7);
                                            (instance is IInjectableService) ? ((IInjectableService)instance).Injected(
                                                context: materializationContext2.Context, 
                                                entity: instance, 
                                                queryTrackingBehavior: TrackAll, 
                                                structuralType: [LIFTABLE Constant: EntityType: Journal | Resolver: namelessParameter{11} => namelessParameter{11}.Dependencies.Model.FindEntityType("JournalApp.Domain.Journal.Journal")]) : default(void);
                                            return instance;
                                        }}
                                default: 
                                    default(Journal)
                            }
                            ;
                            entry2 = entityType2 == default(IEntityType) ? default(InternalEntityEntry) : queryContext.StartTracking(
                                entityType: entityType2, 
                                entity: instance2, 
                                snapshot: shadowSnapshot2);
                            return instance2;
                        } : default(void);
                        return instance2;
                    };
                    return entity;
                }, 
                inverseNavigation: [LIFTABLE Constant: Navigation: Journal.User (User) ToPrincipal User Inverse: Journals | Resolver: namelessParameter{12} => namelessParameter{12}.Dependencies.Model.FindEntityType("JournalApp.Domain.Journal.Journal").FindNavigation("User")], 
                fixup: (namelessParameter{13}, namelessParameter{14}) => 
                {
                    [LIFTABLE Constant: ClrICollectionAccessor<User, List<Journal>, Journal> | Resolver: namelessParameter{15} => namelessParameter{15}.Dependencies.Model.FindEntityType("JournalApp.Domain.User.User").FindNavigation("Journals").GetCollectionAccessor()].Add(
                        entity: namelessParameter{13}, 
                        value: namelessParameter{14}, 
                        forMaterialization: True);
                    return namelessParameter{14}.<User>k__BackingField = namelessParameter{13};
                }, 
                trackingQuery: True);
            return IsTrue(resultCoordinator.ResultReady)
             ? (User)(resultContext.Values[0]) : default(User);
        }, 
        contextType: JournalApp.Infrastructure.JournalAppDbContext, 
        standAloneStateManager: False, 
        detailedErrorsEnabled: False, 
        threadSafetyChecksEnabled: True), 
    cancellationToken: queryContext.CancellationToken)'
2026-09-27 17:38:18.189 +03:00 [DBG] Creating DbConnection.
2026-09-27 17:38:18.194 +03:00 [DBG] Created DbConnection. (3ms).
2026-09-27 17:38:18.196 +03:00 [DBG] Opening connection to database 'main' on server '/Users/sgrancharov/dev/dotnet/JournalApp/JournalApp/JournalApp.Infrastructure/JournalApp.db'.
2026-09-27 17:38:18.201 +03:00 [DBG] Opened connection to database 'main' on server '/Users/sgrancharov/dev/dotnet/JournalApp/JournalApp/JournalApp.Infrastructure/JournalApp.db'.
2026-09-27 17:38:18.202 +03:00 [DBG] Creating DbCommand for 'ExecuteReader'.
2026-09-27 17:38:18.204 +03:00 [DBG] Created DbCommand for 'ExecuteReader' (0ms).
2026-09-27 17:38:18.205 +03:00 [DBG] Initialized DbCommand for 'ExecuteReader' (3ms).
2026-09-27 17:38:18.208 +03:00 [DBG] Executing DbCommand [Parameters=[@__userName_0='?' (Size = 7)], CommandType='"Text"', CommandTimeout='30']
SELECT "u0"."Id", "u0"."Password", "u0"."UserName", "j"."Id", "j"."Content", "j"."Images", "j"."Title", "j"."UserId"
FROM (
    SELECT "u"."Id", "u"."Password", "u"."UserName"
    FROM "Users" AS "u"
    WHERE "u"."UserName" = @__userName_0
    LIMIT 1
) AS "u0"
LEFT JOIN "Journals" AS "j" ON "u0"."Id" = "j"."UserId"
ORDER BY "u0"."Id"
2026-09-27 17:38:18.220 +03:00 [INF] Executed DbCommand (8ms) [Parameters=[@__userName_0='?' (Size = 7)], CommandType='"Text"', CommandTimeout='30']
SELECT "u0"."Id", "u0"."Password", "u0"."UserName", "j"."Id", "j"."Content", "j"."Images", "j"."Title", "j"."UserId"
FROM (
    SELECT "u"."Id", "u"."Password", "u"."UserName"
    FROM "Users" AS "u"
    WHERE "u"."UserName" = @__userName_0
    LIMIT 1
) AS "u0"
LEFT JOIN "Journals" AS "j" ON "u0"."Id" = "j"."UserId"
ORDER BY "u0"."Id"
2026-09-27 17:38:18.232 +03:00 [DBG] Context 'JournalAppDbContext' started tracking 'User' entity. Consider using 'DbContextOptionsBuilder.EnableSensitiveDataLogging' to see key values.
2026-09-27 17:38:18.247 +03:00 [DBG] Context 'JournalAppDbContext' started tracking 'Journal' entity. Consider using 'DbContextOptionsBuilder.EnableSensitiveDataLogging' to see key values.
2026-09-27 17:38:18.250 +03:00 [DBG] Context 'JournalAppDbContext' started tracking 'Journal' entity. Consider using 'DbContextOptionsBuilder.EnableSensitiveDataLogging' to see key values.
2026-09-27 17:38:18.250 +03:00 [DBG] Context 'JournalAppDbContext' started tracking 'Journal' entity. Consider using 'DbContextOptionsBuilder.EnableSensitiveDataLogging' to see key values.
2026-09-27 17:38:18.251 +03:00 [DBG] Context 'JournalAppDbContext' started tracking 'Journal' entity. Consider using 'DbContextOptionsBuilder.EnableSensitiveDataLogging' to see key values.
2026-09-27 17:38:18.251 +03:00 [DBG] Context 'JournalAppDbContext' started tracking 'Journal' entity. Consider using 'DbContextOptionsBuilder.EnableSensitiveDataLogging' to see key values.
2026-09-27 17:38:18.252 +03:00 [DBG] Closing data reader to 'main' on server '/Users/sgrancharov/dev/dotnet/JournalApp/JournalApp/JournalApp.Infrastructure/JournalApp.db'.
2026-09-27 17:38:18.254 +03:00 [DBG] A data reader for 'main' on server '/Users/sgrancharov/dev/dotnet/JournalApp/JournalApp/JournalApp.Infrastructure/JournalApp.db' is being disposed after spending 32ms reading results.
2026-09-27 17:38:18.256 +03:00 [DBG] Closing connection to database 'main' on server '/Users/sgrancharov/dev/dotnet/JournalApp/JournalApp/JournalApp.Infrastructure/JournalApp.db'.
2026-09-27 17:38:18.257 +03:00 [DBG] Closed connection to database 'main' on server '/Users/sgrancharov/dev/dotnet/JournalApp/JournalApp/JournalApp.Infrastructure/JournalApp.db' (1ms).
2026-09-27 17:38:21.968 +03:00 [DBG] Compiling query expression: 
'DbSet<Journal>()
    .FirstOrDefault(item => item.Id == __journalId_0)'
2026-09-27 17:38:21.971 +03:00 [DBG] Generated query execution expression: 
'queryContext => ShapedQueryCompilingExpressionVisitor.SingleOrDefaultAsync<Journal>(
    asyncEnumerable: SingleQueryingEnumerable.Create<Journal>(
        relationalQueryContext: (RelationalQueryContext)queryContext, 
        relationalCommandResolver: parameters => [LIFTABLE Constant: RelationalCommandCache.QueryExpression(
            Projection Mapping:
                EmptyProjectionMember -> Dictionary<IProperty, int> { [Property: Journal.Id (int) Required PK AfterSave:Throw ValueGenerated.OnAdd, 0], [Property: Journal.Content (string) Required, 1], [Property: Journal.Images (List<string>) Required Element type: string Required, 2], [Property: Journal.Title (string) Required, 3], [Property: Journal.UserId (int) Required FK Index, 4] }
            SELECT TOP(1) j.Id, j.Content, j.Images, j.Title, j.UserId
            FROM Journals AS j
            WHERE j.Id == @__journalId_0) | Resolver: c => new RelationalCommandCache(
            c.Dependencies.MemoryCache, 
            c.RelationalDependencies.QuerySqlGeneratorFactory, 
            c.RelationalDependencies.RelationalParameterBasedSqlProcessorFactory, 
            Projection Mapping:
                EmptyProjectionMember -> Dictionary<IProperty, int> { [Property: Journal.Id (int) Required PK AfterSave:Throw ValueGenerated.OnAdd, 0], [Property: Journal.Content (string) Required, 1], [Property: Journal.Images (List<string>) Required Element type: string Required, 2], [Property: Journal.Title (string) Required, 3], [Property: Journal.UserId (int) Required FK Index, 4] }
            SELECT TOP(1) j.Id, j.Content, j.Images, j.Title, j.UserId
            FROM Journals AS j
            WHERE j.Id == @__journalId_0, 
            False, 
            new HashSet<string>(
                new string[]{ }, 
                StringComparer.Ordinal
            )
        )].GetRelationalCommandTemplate(parameters), 
        readerColumns: null, 
        shaper: (queryContext, dataReader, resultContext, resultCoordinator) => 
        {
            Journal entity;
            entity = 
            {
                MaterializationContext materializationContext1;
                IEntityType entityType1;
                Journal instance1;
                InternalEntityEntry entry1;
                bool hasNullKey1;
                materializationContext1 = new MaterializationContext(
                    [LIFTABLE Constant: ValueBuffer | Resolver: _ => (object)ValueBuffer.Empty], 
                    queryContext.Context
                );
                instance1 = default(Journal);
                entry1 = queryContext.TryGetEntry(
                    key: [LIFTABLE Constant: Key: Journal.Id PK | Resolver: c => c.Dependencies.Model.FindEntityType("JournalApp.Domain.Journal.Journal").FindPrimaryKey()], 
                    keyValues: new object[]{ (object)dataReader.GetInt32(0) }, 
                    throwOnNullKey: True, 
                    hasNullKey: hasNullKey1);
                !(hasNullKey1) ? entry1 != default(InternalEntityEntry) ? 
                {
                    entityType1 = entry1.EntityType;
                    return instance1 = (Journal)entry1.Entity;
                } : 
                {
                    ISnapshot shadowSnapshot1;
                    shadowSnapshot1 = [LIFTABLE Constant: Snapshot | Resolver: _ => Snapshot.Empty];
                    entityType1 = [LIFTABLE Constant: EntityType: Journal | Resolver: namelessParameter{0} => namelessParameter{0}.Dependencies.Model.FindEntityType("JournalApp.Domain.Journal.Journal")];
                    instance1 = switch (entityType1)
                    {
                        case [LIFTABLE Constant: EntityType: Journal | Resolver: namelessParameter{1} => namelessParameter{1}.Dependencies.Model.FindEntityType("JournalApp.Domain.Journal.Journal")]: 
                            {
                                return 
                                {
                                    Journal instance;
                                    instance = new Journal();
                                    instance.<Id>k__BackingField = dataReader.GetInt32(0);
                                    instance.<Content>k__BackingField = dataReader.GetString(1);
                                    {
                                        List<string> namelessParameter{2};
                                        namelessParameter{2} = instance.<Images>k__BackingField;
                                        namelessParameter{2} == null || (List<string>)Invoke(((CollectionToJsonStringConverter<string>)((IReadOnlyProperty)[LIFTABLE Constant: Property: Journal.Images (List<string>) Required Element type: string Required | Resolver: namelessParameter{3} => namelessParameter{3}.Dependencies.Model.FindEntityType("JournalApp.Domain.Journal.Journal").FindProperty("Images")]).GetTypeMapping().Converter).ConvertFromProviderTyped, dataReader.GetString(2)) == null || namelessParameter{2}.IsReadOnly ? instance.<Images>k__BackingField = (List<string>)Invoke(((CollectionToJsonStringConverter<string>)((IReadOnlyProperty)[LIFTABLE Constant: Property: Journal.Images (List<string>) Required Element type: string Required | Resolver: namelessParameter{4} => namelessParameter{4}.Dependencies.Model.FindEntityType("JournalApp.Domain.Journal.Journal").FindProperty("Images")]).GetTypeMapping().Converter).ConvertFromProviderTyped, dataReader.GetString(2)) : EntityMaterializerSource.PopulateList<string>(
                                            buffer: (List<string>)Invoke(((CollectionToJsonStringConverter<string>)((IReadOnlyProperty)[LIFTABLE Constant: Property: Journal.Images (List<string>) Required Element type: string Required | Resolver: namelessParameter{5} => namelessParameter{5}.Dependencies.Model.FindEntityType("JournalApp.Domain.Journal.Journal").FindProperty("Images")]).GetTypeMapping().Converter).ConvertFromProviderTyped, dataReader.GetString(2)), 
                                            target: namelessParameter{2});
                                    }instance.<Title>k__BackingField = dataReader.GetString(3);
                                    instance.<UserId>k__BackingField = dataReader.GetInt32(4);
                                    (instance is IInjectableService) ? ((IInjectableService)instance).Injected(
                                        context: materializationContext1.Context, 
                                        entity: instance, 
                                        queryTrackingBehavior: TrackAll, 
                                        structuralType: [LIFTABLE Constant: EntityType: Journal | Resolver: namelessParameter{6} => namelessParameter{6}.Dependencies.Model.FindEntityType("JournalApp.Domain.Journal.Journal")]) : default(void);
                                    return instance;
                                }}
                        default: 
                            default(Journal)
                    }
                    ;
                    entry1 = entityType1 == default(IEntityType) ? default(InternalEntityEntry) : queryContext.StartTracking(
                        entityType: entityType1, 
                        entity: instance1, 
                        snapshot: shadowSnapshot1);
                    return instance1;
                } : default(void);
                return instance1;
            };
            return entity;
        }, 
        contextType: JournalApp.Infrastructure.JournalAppDbContext, 
        standAloneStateManager: False, 
        detailedErrorsEnabled: False, 
        threadSafetyChecksEnabled: True), 
    cancellationToken: queryContext.CancellationToken)'
2026-09-27 17:38:21.973 +03:00 [DBG] Opening connection to database 'main' on server '/Users/sgrancharov/dev/dotnet/JournalApp/JournalApp/JournalApp.Infrastructure/JournalApp.db'.
2026-09-27 17:38:21.973 +03:00 [DBG] Opened connection to database 'main' on server '/Users/sgrancharov/dev/dotnet/JournalApp/JournalApp/JournalApp.Infrastructure/JournalApp.db'.
2026-09-27 17:38:21.973 +03:00 [DBG] Creating DbCommand for 'ExecuteReader'.
2026-09-27 17:38:21.973 +03:00 [DBG] Created DbCommand for 'ExecuteReader' (0ms).
2026-09-27 17:38:21.973 +03:00 [DBG] Initialized DbCommand for 'ExecuteReader' (0ms).
2026-09-27 17:38:21.973 +03:00 [DBG] Executing DbCommand [Parameters=[@__journalId_0='?' (DbType = Int32)], CommandType='"Text"', CommandTimeout='30']
SELECT "j"."Id", "j"."Content", "j"."Images", "j"."Title", "j"."UserId"
FROM "Journals" AS "j"
WHERE "j"."Id" = @__journalId_0
LIMIT 1
2026-09-27 17:38:21.974 +03:00 [INF] Executed DbCommand (1ms) [Parameters=[@__journalId_0='?' (DbType = Int32)], CommandType='"Text"', CommandTimeout='30']
SELECT "j"."Id", "j"."Content", "j"."Images", "j"."Title", "j"."UserId"
FROM "Journals" AS "j"
WHERE "j"."Id" = @__journalId_0
LIMIT 1
2026-09-27 17:38:21.974 +03:00 [DBG] Closing data reader to 'main' on server '/Users/sgrancharov/dev/dotnet/JournalApp/JournalApp/JournalApp.Infrastructure/JournalApp.db'.
2026-09-27 17:38:21.974 +03:00 [DBG] A data reader for 'main' on server '/Users/sgrancharov/dev/dotnet/JournalApp/JournalApp/JournalApp.Infrastructure/JournalApp.db' is being disposed after spending 0ms reading results.
2026-09-27 17:38:21.974 +03:00 [DBG] Closing connection to database 'main' on server '/Users/sgrancharov/dev/dotnet/JournalApp/JournalApp/JournalApp.Infrastructure/JournalApp.db'.
2026-09-27 17:38:21.974 +03:00 [DBG] Closed connection to database 'main' on server '/Users/sgrancharov/dev/dotnet/JournalApp/JournalApp/JournalApp.Infrastructure/JournalApp.db' (0ms).
2026-09-27 17:38:21.979 +03:00 [DBG] An entity of type 'Journal' tracked by 'JournalAppDbContext' changed state from '"Unchanged"' to '"Deleted"'. Consider using 'DbContextOptionsBuilder.EnableSensitiveDataLogging' to see key values.
2026-09-27 17:38:21.981 +03:00 [DBG] SaveChanges starting for 'JournalAppDbContext'.
2026-09-27 17:38:21.982 +03:00 [DBG] DetectChanges starting for 'JournalAppDbContext'.
2026-09-27 17:38:21.988 +03:00 [DBG] DetectChanges completed for 'JournalAppDbContext'.
2026-09-27 17:38:22.011 +03:00 [DBG] Opening connection to database 'main' on server '/Users/sgrancharov/dev/dotnet/JournalApp/JournalApp/JournalApp.Infrastructure/JournalApp.db'.
2026-09-27 17:38:22.011 +03:00 [DBG] Opened connection to database 'main' on server '/Users/sgrancharov/dev/dotnet/JournalApp/JournalApp/JournalApp.Infrastructure/JournalApp.db'.
2026-09-27 17:38:22.012 +03:00 [DBG] Creating DbCommand for 'ExecuteReader'.
2026-09-27 17:38:22.012 +03:00 [DBG] Created DbCommand for 'ExecuteReader' (0ms).
2026-09-27 17:38:22.012 +03:00 [DBG] Initialized DbCommand for 'ExecuteReader' (0ms).
2026-09-27 17:38:22.012 +03:00 [DBG] Executing DbCommand [Parameters=[@p0='?' (DbType = Int32)], CommandType='"Text"', CommandTimeout='30']
DELETE FROM "Journals"
WHERE "Id" = @p0
RETURNING 1;
2026-09-27 17:38:22.012 +03:00 [INF] Executed DbCommand (0ms) [Parameters=[@p0='?' (DbType = Int32)], CommandType='"Text"', CommandTimeout='30']
DELETE FROM "Journals"
WHERE "Id" = @p0
RETURNING 1;
2026-09-27 17:38:22.015 +03:00 [DBG] Closing data reader to 'main' on server '/Users/sgrancharov/dev/dotnet/JournalApp/JournalApp/JournalApp.Infrastructure/JournalApp.db'.
2026-09-27 17:38:22.015 +03:00 [DBG] A data reader for 'main' on server '/Users/sgrancharov/dev/dotnet/JournalApp/JournalApp/JournalApp.Infrastructure/JournalApp.db' is being disposed after spending 2ms reading results.
2026-09-27 17:38:22.015 +03:00 [DBG] Closing connection to database 'main' on server '/Users/sgrancharov/dev/dotnet/JournalApp/JournalApp/JournalApp.Infrastructure/JournalApp.db'.
2026-09-27 17:38:22.015 +03:00 [DBG] Closed connection to database 'main' on server '/Users/sgrancharov/dev/dotnet/JournalApp/JournalApp/JournalApp.Infrastructure/JournalApp.db' (0ms).
2026-09-27 17:38:22.017 +03:00 [DBG] An entity of type 'Journal' tracked by 'JournalAppDbContext' changed state from '"Deleted"' to '"Detached"'. Consider using 'DbContextOptionsBuilder.EnableSensitiveDataLogging' to see key values.
2026-09-27 17:38:22.017 +03:00 [DBG] SaveChanges completed for 'JournalAppDbContext' with 1 entities written to the database.
2026-09-27 17:38:31.359 +03:00 [DBG] Opening connection to database 'main' on server '/Users/sgrancharov/dev/dotnet/JournalApp/JournalApp/JournalApp.Infrastructure/JournalApp.db'.
2026-09-27 17:38:31.359 +03:00 [DBG] Opened connection to database 'main' on server '/Users/sgrancharov/dev/dotnet/JournalApp/JournalApp/JournalApp.Infrastructure/JournalApp.db'.
2026-09-27 17:38:31.360 +03:00 [DBG] Creating DbCommand for 'ExecuteReader'.
2026-09-27 17:38:31.360 +03:00 [DBG] Created DbCommand for 'ExecuteReader' (0ms).
2026-09-27 17:38:31.360 +03:00 [DBG] Initialized DbCommand for 'ExecuteReader' (0ms).
2026-09-27 17:38:31.360 +03:00 [DBG] Executing DbCommand [Parameters=[@__journalId_0='?' (DbType = Int32)], CommandType='"Text"', CommandTimeout='30']
SELECT "j"."Id", "j"."Content", "j"."Images", "j"."Title", "j"."UserId"
FROM "Journals" AS "j"
WHERE "j"."Id" = @__journalId_0
LIMIT 1
2026-09-27 17:38:31.360 +03:00 [INF] Executed DbCommand (0ms) [Parameters=[@__journalId_0='?' (DbType = Int32)], CommandType='"Text"', CommandTimeout='30']
SELECT "j"."Id", "j"."Content", "j"."Images", "j"."Title", "j"."UserId"
FROM "Journals" AS "j"
WHERE "j"."Id" = @__journalId_0
LIMIT 1
2026-09-27 17:38:31.360 +03:00 [DBG] Closing data reader to 'main' on server '/Users/sgrancharov/dev/dotnet/JournalApp/JournalApp/JournalApp.Infrastructure/JournalApp.db'.
2026-09-27 17:38:31.360 +03:00 [DBG] A data reader for 'main' on server '/Users/sgrancharov/dev/dotnet/JournalApp/JournalApp/JournalApp.Infrastructure/JournalApp.db' is being disposed after spending 0ms reading results.
2026-09-27 17:38:31.361 +03:00 [DBG] Closing connection to database 'main' on server '/Users/sgrancharov/dev/dotnet/JournalApp/JournalApp/JournalApp.Infrastructure/JournalApp.db'.
2026-09-27 17:38:31.361 +03:00 [DBG] Closed connection to database 'main' on server '/Users/sgrancharov/dev/dotnet/JournalApp/JournalApp/JournalApp.Infrastructure/JournalApp.db' (0ms).
2026-09-27 17:38:31.362 +03:00 [DBG] An entity of type 'Journal' tracked by 'JournalAppDbContext' changed state from '"Unchanged"' to '"Deleted"'. Consider using 'DbContextOptionsBuilder.EnableSensitiveDataLogging' to see key values.
2026-09-27 17:38:31.362 +03:00 [DBG] SaveChanges starting for 'JournalAppDbContext'.
2026-09-27 17:38:31.362 +03:00 [DBG] DetectChanges starting for 'JournalAppDbContext'.
2026-09-27 17:38:31.362 +03:00 [DBG] DetectChanges completed for 'JournalAppDbContext'.
2026-09-27 17:38:31.363 +03:00 [DBG] Opening connection to database 'main' on server '/Users/sgrancharov/dev/dotnet/JournalApp/JournalApp/JournalApp.Infrastructure/JournalApp.db'.
2026-09-27 17:38:31.363 +03:00 [DBG] Opened connection to database 'main' on server '/Users/sgrancharov/dev/dotnet/JournalApp/JournalApp/JournalApp.Infrastructure/JournalApp.db'.
2026-09-27 17:38:31.363 +03:00 [DBG] Creating DbCommand for 'ExecuteReader'.
2026-09-27 17:38:31.363 +03:00 [DBG] Created DbCommand for 'ExecuteReader' (0ms).
2026-09-27 17:38:31.363 +03:00 [DBG] Initialized DbCommand for 'ExecuteReader' (0ms).
2026-09-27 17:38:31.363 +03:00 [DBG] Executing DbCommand [Parameters=[@p0='?' (DbType = Int32)], CommandType='"Text"', CommandTimeout='30']
DELETE FROM "Journals"
WHERE "Id" = @p0
RETURNING 1;
2026-09-27 17:38:31.363 +03:00 [INF] Executed DbCommand (0ms) [Parameters=[@p0='?' (DbType = Int32)], CommandType='"Text"', CommandTimeout='30']
DELETE FROM "Journals"
WHERE "Id" = @p0
RETURNING 1;
2026-09-27 17:38:31.364 +03:00 [DBG] Closing data reader to 'main' on server '/Users/sgrancharov/dev/dotnet/JournalApp/JournalApp/JournalApp.Infrastructure/JournalApp.db'.
2026-09-27 17:38:31.364 +03:00 [DBG] A data reader for 'main' on server '/Users/sgrancharov/dev/dotnet/JournalApp/JournalApp/JournalApp.Infrastructure/JournalApp.db' is being disposed after spending 0ms reading results.
2026-09-27 17:38:31.364 +03:00 [DBG] Closing connection to database 'main' on server '/Users/sgrancharov/dev/dotnet/JournalApp/JournalApp/JournalApp.Infrastructure/JournalApp.db'.
2026-09-27 17:38:31.364 +03:00 [DBG] Closed connection to database 'main' on server '/Users/sgrancharov/dev/dotnet/JournalApp/JournalApp/JournalApp.Infrastructure/JournalApp.db' (0ms).
2026-09-27 17:38:31.364 +03:00 [DBG] An entity of type 'Journal' tracked by 'JournalAppDbContext' changed state from '"Deleted"' to '"Detached"'. Consider using 'DbContextOptionsBuilder.EnableSensitiveDataLogging' to see key values.
2026-09-27 17:38:31.365 +03:00 [DBG] SaveChanges completed for 'JournalAppDbContext' with 1 entities written to the database.
2026-09-27 17:38:33.040 +03:00 [DBG] Opening connection to database 'main' on server '/Users/sgrancharov/dev/dotnet/JournalApp/JournalApp/JournalApp.Infrastructure/JournalApp.db'.
2026-09-27 17:38:33.040 +03:00 [DBG] Opened connection to database 'main' on server '/Users/sgrancharov/dev/dotnet/JournalApp/JournalApp/JournalApp.Infrastructure/JournalApp.db'.
2026-09-27 17:38:33.040 +03:00 [DBG] Creating DbCommand for 'ExecuteReader'.
2026-09-27 17:38:33.041 +03:00 [DBG] Created DbCommand for 'ExecuteReader' (0ms).
2026-09-27 17:38:33.041 +03:00 [DBG] Initialized DbCommand for 'ExecuteReader' (0ms).
2026-09-27 17:38:33.041 +03:00 [DBG] Executing DbCommand [Parameters=[@__journalId_0='?' (DbType = Int32)], CommandType='"Text"', CommandTimeout='30']
SELECT "j"."Id", "j"."Content", "j"."Images", "j"."Title", "j"."UserId"
FROM "Journals" AS "j"
WHERE "j"."Id" = @__journalId_0
LIMIT 1
2026-09-27 17:38:33.041 +03:00 [INF] Executed DbCommand (0ms) [Parameters=[@__journalId_0='?' (DbType = Int32)], CommandType='"Text"', CommandTimeout='30']
SELECT "j"."Id", "j"."Content", "j"."Images", "j"."Title", "j"."UserId"
FROM "Journals" AS "j"
WHERE "j"."Id" = @__journalId_0
LIMIT 1
2026-09-27 17:38:33.041 +03:00 [DBG] Closing data reader to 'main' on server '/Users/sgrancharov/dev/dotnet/JournalApp/JournalApp/JournalApp.Infrastructure/JournalApp.db'.
2026-09-27 17:38:33.041 +03:00 [DBG] A data reader for 'main' on server '/Users/sgrancharov/dev/dotnet/JournalApp/JournalApp/JournalApp.Infrastructure/JournalApp.db' is being disposed after spending 0ms reading results.
2026-09-27 17:38:33.042 +03:00 [DBG] Closing connection to database 'main' on server '/Users/sgrancharov/dev/dotnet/JournalApp/JournalApp/JournalApp.Infrastructure/JournalApp.db'.
2026-09-27 17:38:33.042 +03:00 [DBG] Closed connection to database 'main' on server '/Users/sgrancharov/dev/dotnet/JournalApp/JournalApp/JournalApp.Infrastructure/JournalApp.db' (0ms).
2026-09-27 17:38:33.043 +03:00 [DBG] An entity of type 'Journal' tracked by 'JournalAppDbContext' changed state from '"Unchanged"' to '"Deleted"'. Consider using 'DbContextOptionsBuilder.EnableSensitiveDataLogging' to see key values.
2026-09-27 17:38:33.043 +03:00 [DBG] SaveChanges starting for 'JournalAppDbContext'.
2026-09-27 17:38:33.043 +03:00 [DBG] DetectChanges starting for 'JournalAppDbContext'.
2026-09-27 17:38:33.044 +03:00 [DBG] DetectChanges completed for 'JournalAppDbContext'.
2026-09-27 17:38:33.044 +03:00 [DBG] Opening connection to database 'main' on server '/Users/sgrancharov/dev/dotnet/JournalApp/JournalApp/JournalApp.Infrastructure/JournalApp.db'.
2026-09-27 17:38:33.044 +03:00 [DBG] Opened connection to database 'main' on server '/Users/sgrancharov/dev/dotnet/JournalApp/JournalApp/JournalApp.Infrastructure/JournalApp.db'.
2026-09-27 17:38:33.044 +03:00 [DBG] Creating DbCommand for 'ExecuteReader'.
2026-09-27 17:38:33.044 +03:00 [DBG] Created DbCommand for 'ExecuteReader' (0ms).
2026-09-27 17:38:33.045 +03:00 [DBG] Initialized DbCommand for 'ExecuteReader' (0ms).
2026-09-27 17:38:33.045 +03:00 [DBG] Executing DbCommand [Parameters=[@p0='?' (DbType = Int32)], CommandType='"Text"', CommandTimeout='30']
DELETE FROM "Journals"
WHERE "Id" = @p0
RETURNING 1;
2026-09-27 17:38:33.045 +03:00 [INF] Executed DbCommand (0ms) [Parameters=[@p0='?' (DbType = Int32)], CommandType='"Text"', CommandTimeout='30']
DELETE FROM "Journals"
WHERE "Id" = @p0
RETURNING 1;
2026-09-27 17:38:33.046 +03:00 [DBG] Closing data reader to 'main' on server '/Users/sgrancharov/dev/dotnet/JournalApp/JournalApp/JournalApp.Infrastructure/JournalApp.db'.
2026-09-27 17:38:33.046 +03:00 [DBG] A data reader for 'main' on server '/Users/sgrancharov/dev/dotnet/JournalApp/JournalApp/JournalApp.Infrastructure/JournalApp.db' is being disposed after spending 0ms reading results.
2026-09-27 17:38:33.046 +03:00 [DBG] Closing connection to database 'main' on server '/Users/sgrancharov/dev/dotnet/JournalApp/JournalApp/JournalApp.Infrastructure/JournalApp.db'.
2026-09-27 17:38:33.046 +03:00 [DBG] Closed connection to database 'main' on server '/Users/sgrancharov/dev/dotnet/JournalApp/JournalApp/JournalApp.Infrastructure/JournalApp.db' (0ms).
2026-09-27 17:38:33.046 +03:00 [DBG] An entity of type 'Journal' tracked by 'JournalAppDbContext' changed state from '"Deleted"' to '"Detached"'. Consider using 'DbContextOptionsBuilder.EnableSensitiveDataLogging' to see key values.
2026-09-27 17:38:33.047 +03:00 [DBG] SaveChanges completed for 'JournalAppDbContext' with 1 entities written to the database.
2026-09-27 17:38:41.323 +03:00 [DBG] Compiling query expression: 
'DbSet<User>()
    .Include(u => u.Journals)
    .FirstOrDefault(u => u.Id == __id_0)'
2026-09-27 17:38:41.324 +03:00 [DBG] Including navigation: 'User.Journals'.
2026-09-27 17:38:41.333 +03:00 [DBG] Generated query execution expression: 
'queryContext => SingleQueryingEnumerable.Create<User>(
    relationalQueryContext: (RelationalQueryContext)queryContext, 
    relationalCommandResolver: parameters => [LIFTABLE Constant: RelationalCommandCache.QueryExpression(
        Client Projections:
            0 -> Dictionary<IProperty, int> { [Property: User.Id (int) Required PK AfterSave:Throw ValueGenerated.OnAdd, 0], [Property: User.Password (string) Required, 1], [Property: User.UserName (string) Required, 2] }
            1 -> 0
            2 -> Dictionary<IProperty, int> { [Property: Journal.Id (int) Required PK AfterSave:Throw ValueGenerated.OnAdd, 3], [Property: Journal.Content (string) Required, 4], [Property: Journal.Images (List<string>) Required Element type: string Required, 5], [Property: Journal.Title (string) Required, 6], [Property: Journal.UserId (int) Required FK Index, 7] }
            3 -> 3
        SELECT u0.Id, u0.Password, u0.UserName, j.Id, j.Content, j.Images, j.Title, j.UserId
        FROM 
        (
            SELECT TOP(1) u.Id, u.Password, u.UserName
            FROM Users AS u
            WHERE u.Id == @__id_0
        ) AS u0
        LEFT JOIN Journals AS j ON u0.Id == j.UserId
        ORDER BY u0.Id ASC) | Resolver: c => new RelationalCommandCache(
        c.Dependencies.MemoryCache, 
        c.RelationalDependencies.QuerySqlGeneratorFactory, 
        c.RelationalDependencies.RelationalParameterBasedSqlProcessorFactory, 
        Client Projections:
            0 -> Dictionary<IProperty, int> { [Property: User.Id (int) Required PK AfterSave:Throw ValueGenerated.OnAdd, 0], [Property: User.Password (string) Required, 1], [Property: User.UserName (string) Required, 2] }
            1 -> 0
            2 -> Dictionary<IProperty, int> { [Property: Journal.Id (int) Required PK AfterSave:Throw ValueGenerated.OnAdd, 3], [Property: Journal.Content (string) Required, 4], [Property: Journal.Images (List<string>) Required Element type: string Required, 5], [Property: Journal.Title (string) Required, 6], [Property: Journal.UserId (int) Required FK Index, 7] }
            3 -> 3
        SELECT u0.Id, u0.Password, u0.UserName, j.Id, j.Content, j.Images, j.Title, j.UserId
        FROM 
        (
            SELECT TOP(1) u.Id, u.Password, u.UserName
            FROM Users AS u
            WHERE u.Id == @__id_0
        ) AS u0
        LEFT JOIN Journals AS j ON u0.Id == j.UserId
        ORDER BY u0.Id ASC, 
        False, 
        new HashSet<string>(
            new string[]{ }, 
            StringComparer.Ordinal
        )
    )].GetRelationalCommandTemplate(parameters), 
    readerColumns: null, 
    shaper: (queryContext, dataReader, resultContext, resultCoordinator) => 
    {
        resultContext.Values == null ? 
        {
            User entity;
            entity = 
            {
                MaterializationContext materializationContext1;
                IEntityType entityType1;
                User instance1;
                InternalEntityEntry entry1;
                bool hasNullKey1;
                materializationContext1 = new MaterializationContext(
                    [LIFTABLE Constant: ValueBuffer | Resolver: _ => (object)ValueBuffer.Empty], 
                    queryContext.Context
                );
                instance1 = default(User);
                entry1 = queryContext.TryGetEntry(
                    key: [LIFTABLE Constant: Key: User.Id PK | Resolver: c => c.Dependencies.Model.FindEntityType("JournalApp.Domain.User.User").FindPrimaryKey()], 
                    keyValues: new object[]{ (object)dataReader.GetInt32(0) }, 
                    throwOnNullKey: True, 
                    hasNullKey: hasNullKey1);
                !(hasNullKey1) ? entry1 != default(InternalEntityEntry) ? 
                {
                    entityType1 = entry1.EntityType;
                    return instance1 = (User)entry1.Entity;
                } : 
                {
                    ISnapshot shadowSnapshot1;
                    shadowSnapshot1 = [LIFTABLE Constant: Snapshot | Resolver: _ => Snapshot.Empty];
                    entityType1 = [LIFTABLE Constant: EntityType: User | Resolver: namelessParameter{0} => namelessParameter{0}.Dependencies.Model.FindEntityType("JournalApp.Domain.User.User")];
                    instance1 = switch (entityType1)
                    {
                        case [LIFTABLE Constant: EntityType: User | Resolver: namelessParameter{1} => namelessParameter{1}.Dependencies.Model.FindEntityType("JournalApp.Domain.User.User")]: 
                            {
                                return 
                                {
                                    User instance;
                                    instance = new User();
                                    instance.<Id>k__BackingField = dataReader.GetInt32(0);
                                    instance.<Password>k__BackingField = dataReader.GetString(1);
                                    instance.<UserName>k__BackingField = dataReader.GetString(2);
                                    (instance is IInjectableService) ? ((IInjectableService)instance).Injected(
                                        context: materializationContext1.Context, 
                                        entity: instance, 
                                        queryTrackingBehavior: TrackAll, 
                                        structuralType: [LIFTABLE Constant: EntityType: User | Resolver: namelessParameter{2} => namelessParameter{2}.Dependencies.Model.FindEntityType("JournalApp.Domain.User.User")]) : default(void);
                                    return instance;
                                }}
                        default: 
                            default(User)
                    }
                    ;
                    entry1 = entityType1 == default(IEntityType) ? default(InternalEntityEntry) : queryContext.StartTracking(
                        entityType: entityType1, 
                        entity: instance1, 
                        snapshot: shadowSnapshot1);
                    return instance1;
                } : default(void);
                return instance1;
            };
            resultContext.Values = new object[]{ entity };
            ShaperProcessingExpressionVisitor.InitializeIncludeCollection<User, User>(
                collectionId: 0, 
                queryContext: queryContext, 
                dbDataReader: dataReader, 
                resultCoordinator: resultCoordinator, 
                entity: (User)(resultContext.Values[0]), 
                parentIdentifier: [LIFTABLE Constant: Func<QueryContext, DbDataReader, object[]> | Resolver: _ => (queryContext, dataReader) => new object[]{ (object)(int?)dataReader.GetInt32(0) }], 
                outerIdentifier: [LIFTABLE Constant: Func<QueryContext, DbDataReader, object[]> | Resolver: _ => (queryContext, dataReader) => new object[]{ (object)(int?)dataReader.GetInt32(0) }], 
                navigation: [LIFTABLE Constant: Navigation: User.Journals (List<Journal>) Collection ToDependent Journal Inverse: User | Resolver: namelessParameter{3} => namelessParameter{3}.Dependencies.Model.FindEntityType("JournalApp.Domain.User.User").FindNavigation("Journals")], 
                clrCollectionAccessor: [LIFTABLE Constant: ClrICollectionAccessor<User, List<Journal>, Journal> | Resolver: namelessParameter{4} => namelessParameter{4}.Dependencies.Model.FindEntityType("JournalApp.Domain.User.User").FindNavigation("Journals").GetCollectionAccessor()], 
                trackingQuery: True, 
                setLoaded: True);
        } : default(void);
        ShaperProcessingExpressionVisitor.PopulateIncludeCollection<User, Journal>(
            collectionId: 0, 
            queryContext: queryContext, 
            dbDataReader: dataReader, 
            resultCoordinator: resultCoordinator, 
            parentIdentifier: [LIFTABLE Constant: Func<QueryContext, DbDataReader, object[]> | Resolver: _ => (queryContext, dataReader) => new object[]{ (object)(int?)dataReader.GetInt32(0) }], 
            outerIdentifier: [LIFTABLE Constant: Func<QueryContext, DbDataReader, object[]> | Resolver: _ => (queryContext, dataReader) => new object[]{ (object)(int?)dataReader.GetInt32(0) }], 
            selfIdentifier: [LIFTABLE Constant: Func<QueryContext, DbDataReader, object[]> | Resolver: _ => (queryContext, dataReader) => new object[]{ (object)dataReader.IsDBNull(3) ? default(int?) : (int?)dataReader.GetInt32(3) }], 
            parentIdentifierValueComparers: [LIFTABLE Constant: Func<object, object, bool>[] { Func<object, object, bool> } | Resolver: _ => new Func<object, object, bool>[]{ (left, right) => left == null ? right == null : right != null && (int)left == (int)right }], 
            outerIdentifierValueComparers: [LIFTABLE Constant: Func<object, object, bool>[] { Func<object, object, bool> } | Resolver: _ => new Func<object, object, bool>[]{ (left, right) => left == null ? right == null : right != null && (int)left == (int)right }], 
            selfIdentifierValueComparers: [LIFTABLE Constant: Func<object, object, bool>[] { Func<object, object, bool> } | Resolver: _ => new Func<object, object, bool>[]{ (left, right) => left == null ? right == null : right != null && (int)left == (int)right }], 
            innerShaper: (queryContext, dataReader, resultContext, resultCoordinator) => 
            {
                Journal entity;
                entity = 
                {
                    MaterializationContext materializationContext2;
                    IEntityType entityType2;
                    Journal instance2;
                    InternalEntityEntry entry2;
                    bool hasNullKey2;
                    materializationContext2 = new MaterializationContext(
                        [LIFTABLE Constant: ValueBuffer | Resolver: _ => (object)ValueBuffer.Empty], 
                        queryContext.Context
                    );
                    instance2 = default(Journal);
                    entry2 = queryContext.TryGetEntry(
                        key: [LIFTABLE Constant: Key: Journal.Id PK | Resolver: c => c.Dependencies.Model.FindEntityType("JournalApp.Domain.Journal.Journal").FindPrimaryKey()], 
                        keyValues: new object[]{ dataReader.IsDBNull(3) ? default(object) : (object)dataReader.GetInt32(3) }, 
                        throwOnNullKey: False, 
                        hasNullKey: hasNullKey2);
                    !(hasNullKey2) ? entry2 != default(InternalEntityEntry) ? 
                    {
                        entityType2 = entry2.EntityType;
                        return instance2 = (Journal)entry2.Entity;
                    } : 
                    {
                        ISnapshot shadowSnapshot2;
                        shadowSnapshot2 = [LIFTABLE Constant: Snapshot | Resolver: _ => Snapshot.Empty];
                        entityType2 = [LIFTABLE Constant: EntityType: Journal | Resolver: namelessParameter{5} => namelessParameter{5}.Dependencies.Model.FindEntityType("JournalApp.Domain.Journal.Journal")];
                        instance2 = switch (entityType2)
                        {
                            case [LIFTABLE Constant: EntityType: Journal | Resolver: namelessParameter{6} => namelessParameter{6}.Dependencies.Model.FindEntityType("JournalApp.Domain.Journal.Journal")]: 
                                {
                                    return 
                                    {
                                        Journal instance;
                                        instance = new Journal();
                                        instance.<Id>k__BackingField = dataReader.IsDBNull(3) ? default(int) : dataReader.GetInt32(3);
                                        instance.<Content>k__BackingField = dataReader.IsDBNull(4) ? default(string) : dataReader.GetString(4);
                                        {
                                            List<string> namelessParameter{7};
                                            namelessParameter{7} = instance.<Images>k__BackingField;
                                            namelessParameter{7} == null || dataReader.IsDBNull(5) ? default(List<string>) : (List<string>)Invoke(((CollectionToJsonStringConverter<string>)((IReadOnlyProperty)[LIFTABLE Constant: Property: Journal.Images (List<string>) Required Element type: string Required | Resolver: namelessParameter{8} => namelessParameter{8}.Dependencies.Model.FindEntityType("JournalApp.Domain.Journal.Journal").FindProperty("Images")]).GetTypeMapping().Converter).ConvertFromProviderTyped, dataReader.GetString(5)) == null || namelessParameter{7}.IsReadOnly ? instance.<Images>k__BackingField = dataReader.IsDBNull(5) ? default(List<string>) : (List<string>)Invoke(((CollectionToJsonStringConverter<string>)((IReadOnlyProperty)[LIFTABLE Constant: Property: Journal.Images (List<string>) Required Element type: string Required | Resolver: namelessParameter{9} => namelessParameter{9}.Dependencies.Model.FindEntityType("JournalApp.Domain.Journal.Journal").FindProperty("Images")]).GetTypeMapping().Converter).ConvertFromProviderTyped, dataReader.GetString(5)) : EntityMaterializerSource.PopulateList<string>(
                                                buffer: dataReader.IsDBNull(5) ? default(List<string>) : (List<string>)Invoke(((CollectionToJsonStringConverter<string>)((IReadOnlyProperty)[LIFTABLE Constant: Property: Journal.Images (List<string>) Required Element type: string Required | Resolver: namelessParameter{10} => namelessParameter{10}.Dependencies.Model.FindEntityType("JournalApp.Domain.Journal.Journal").FindProperty("Images")]).GetTypeMapping().Converter).ConvertFromProviderTyped, dataReader.GetString(5)), 
                                                target: namelessParameter{7});
                                        }instance.<Title>k__BackingField = dataReader.IsDBNull(6) ? default(string) : dataReader.GetString(6);
                                        instance.<UserId>k__BackingField = dataReader.IsDBNull(7) ? default(int) : dataReader.GetInt32(7);
                                        (instance is IInjectableService) ? ((IInjectableService)instance).Injected(
                                            context: materializationContext2.Context, 
                                            entity: instance, 
                                            queryTrackingBehavior: TrackAll, 
                                            structuralType: [LIFTABLE Constant: EntityType: Journal | Resolver: namelessParameter{11} => namelessParameter{11}.Dependencies.Model.FindEntityType("JournalApp.Domain.Journal.Journal")]) : default(void);
                                        return instance;
                                    }}
                            default: 
                                default(Journal)
                        }
                        ;
                        entry2 = entityType2 == default(IEntityType) ? default(InternalEntityEntry) : queryContext.StartTracking(
                            entityType: entityType2, 
                            entity: instance2, 
                            snapshot: shadowSnapshot2);
                        return instance2;
                    } : default(void);
                    return instance2;
                };
                return entity;
            }, 
            inverseNavigation: [LIFTABLE Constant: Navigation: Journal.User (User) ToPrincipal User Inverse: Journals | Resolver: namelessParameter{12} => namelessParameter{12}.Dependencies.Model.FindEntityType("JournalApp.Domain.Journal.Journal").FindNavigation("User")], 
            fixup: (namelessParameter{13}, namelessParameter{14}) => 
            {
                [LIFTABLE Constant: ClrICollectionAccessor<User, List<Journal>, Journal> | Resolver: namelessParameter{15} => namelessParameter{15}.Dependencies.Model.FindEntityType("JournalApp.Domain.User.User").FindNavigation("Journals").GetCollectionAccessor()].Add(
                    entity: namelessParameter{13}, 
                    value: namelessParameter{14}, 
                    forMaterialization: True);
                return namelessParameter{14}.<User>k__BackingField = namelessParameter{13};
            }, 
            trackingQuery: True);
        return IsTrue(resultCoordinator.ResultReady)
         ? (User)(resultContext.Values[0]) : default(User);
    }, 
    contextType: JournalApp.Infrastructure.JournalAppDbContext, 
    standAloneStateManager: False, 
    detailedErrorsEnabled: False, 
    threadSafetyChecksEnabled: True)
    .SingleOrDefault()'
2026-09-27 17:38:41.338 +03:00 [DBG] Opening connection to database 'main' on server '/Users/sgrancharov/dev/dotnet/JournalApp/JournalApp/JournalApp.Infrastructure/JournalApp.db'.
2026-09-27 17:38:41.338 +03:00 [DBG] Opened connection to database 'main' on server '/Users/sgrancharov/dev/dotnet/JournalApp/JournalApp/JournalApp.Infrastructure/JournalApp.db'.
2026-09-27 17:38:41.338 +03:00 [DBG] Creating DbCommand for 'ExecuteReader'.
2026-09-27 17:38:41.338 +03:00 [DBG] Created DbCommand for 'ExecuteReader' (0ms).
2026-09-27 17:38:41.338 +03:00 [DBG] Initialized DbCommand for 'ExecuteReader' (0ms).
2026-09-27 17:38:41.339 +03:00 [DBG] Executing DbCommand [Parameters=[@__id_0='?' (DbType = Int32)], CommandType='"Text"', CommandTimeout='30']
SELECT "u0"."Id", "u0"."Password", "u0"."UserName", "j"."Id", "j"."Content", "j"."Images", "j"."Title", "j"."UserId"
FROM (
    SELECT "u"."Id", "u"."Password", "u"."UserName"
    FROM "Users" AS "u"
    WHERE "u"."Id" = @__id_0
    LIMIT 1
) AS "u0"
LEFT JOIN "Journals" AS "j" ON "u0"."Id" = "j"."UserId"
ORDER BY "u0"."Id"
2026-09-27 17:38:41.339 +03:00 [INF] Executed DbCommand (0ms) [Parameters=[@__id_0='?' (DbType = Int32)], CommandType='"Text"', CommandTimeout='30']
SELECT "u0"."Id", "u0"."Password", "u0"."UserName", "j"."Id", "j"."Content", "j"."Images", "j"."Title", "j"."UserId"
FROM (
    SELECT "u"."Id", "u"."Password", "u"."UserName"
    FROM "Users" AS "u"
    WHERE "u"."Id" = @__id_0
    LIMIT 1
) AS "u0"
LEFT JOIN "Journals" AS "j" ON "u0"."Id" = "j"."UserId"
ORDER BY "u0"."Id"
2026-09-27 17:38:41.342 +03:00 [DBG] Closing data reader to 'main' on server '/Users/sgrancharov/dev/dotnet/JournalApp/JournalApp/JournalApp.Infrastructure/JournalApp.db'.
2026-09-27 17:38:41.342 +03:00 [DBG] A data reader for 'main' on server '/Users/sgrancharov/dev/dotnet/JournalApp/JournalApp/JournalApp.Infrastructure/JournalApp.db' is being disposed after spending 2ms reading results.
2026-09-27 17:38:41.342 +03:00 [DBG] Closing connection to database 'main' on server '/Users/sgrancharov/dev/dotnet/JournalApp/JournalApp/JournalApp.Infrastructure/JournalApp.db'.
2026-09-27 17:38:41.342 +03:00 [DBG] Closed connection to database 'main' on server '/Users/sgrancharov/dev/dotnet/JournalApp/JournalApp/JournalApp.Infrastructure/JournalApp.db' (0ms).
2026-09-27 17:38:41.343 +03:00 [DBG] An entity of type 'Journal' tracked by 'JournalAppDbContext' changed state from '"Unchanged"' to '"Modified"'. Consider using 'DbContextOptionsBuilder.EnableSensitiveDataLogging' to see key values.
2026-09-27 17:38:41.343 +03:00 [DBG] SaveChanges starting for 'JournalAppDbContext'.
2026-09-27 17:38:41.343 +03:00 [DBG] DetectChanges starting for 'JournalAppDbContext'.
2026-09-27 17:38:41.343 +03:00 [DBG] DetectChanges completed for 'JournalAppDbContext'.
2026-09-27 17:38:41.348 +03:00 [DBG] Opening connection to database 'main' on server '/Users/sgrancharov/dev/dotnet/JournalApp/JournalApp/JournalApp.Infrastructure/JournalApp.db'.
2026-09-27 17:38:41.348 +03:00 [DBG] Opened connection to database 'main' on server '/Users/sgrancharov/dev/dotnet/JournalApp/JournalApp/JournalApp.Infrastructure/JournalApp.db'.
2026-09-27 17:38:41.348 +03:00 [DBG] Creating DbCommand for 'ExecuteReader'.
2026-09-27 17:38:41.348 +03:00 [DBG] Created DbCommand for 'ExecuteReader' (0ms).
2026-09-27 17:38:41.352 +03:00 [DBG] Initialized DbCommand for 'ExecuteReader' (3ms).
2026-09-27 17:38:41.352 +03:00 [DBG] Executing DbCommand [Parameters=[@p4='?' (DbType = Int32), @p0='?' (Size = 7), @p1='?' (Size = 2), @p2='?' (Size = 4), @p3='?' (DbType = Int32)], CommandType='"Text"', CommandTimeout='30']
UPDATE "Journals" SET "Content" = @p0, "Images" = @p1, "Title" = @p2, "UserId" = @p3
WHERE "Id" = @p4
RETURNING 1;
2026-09-27 17:38:41.352 +03:00 [INF] Executed DbCommand (0ms) [Parameters=[@p4='?' (DbType = Int32), @p0='?' (Size = 7), @p1='?' (Size = 2), @p2='?' (Size = 4), @p3='?' (DbType = Int32)], CommandType='"Text"', CommandTimeout='30']
UPDATE "Journals" SET "Content" = @p0, "Images" = @p1, "Title" = @p2, "UserId" = @p3
WHERE "Id" = @p4
RETURNING 1;
2026-09-27 17:38:41.352 +03:00 [DBG] Closing data reader to 'main' on server '/Users/sgrancharov/dev/dotnet/JournalApp/JournalApp/JournalApp.Infrastructure/JournalApp.db'.
2026-09-27 17:38:41.353 +03:00 [DBG] A data reader for 'main' on server '/Users/sgrancharov/dev/dotnet/JournalApp/JournalApp/JournalApp.Infrastructure/JournalApp.db' is being disposed after spending 0ms reading results.
2026-09-27 17:38:41.353 +03:00 [DBG] Closing connection to database 'main' on server '/Users/sgrancharov/dev/dotnet/JournalApp/JournalApp/JournalApp.Infrastructure/JournalApp.db'.
2026-09-27 17:38:41.353 +03:00 [DBG] Closed connection to database 'main' on server '/Users/sgrancharov/dev/dotnet/JournalApp/JournalApp/JournalApp.Infrastructure/JournalApp.db' (0ms).
2026-09-27 17:38:41.353 +03:00 [DBG] An entity of type 'Journal' tracked by 'JournalAppDbContext' changed state from '"Modified"' to '"Unchanged"'. Consider using 'DbContextOptionsBuilder.EnableSensitiveDataLogging' to see key values.
2026-09-27 17:38:41.353 +03:00 [DBG] SaveChanges completed for 'JournalAppDbContext' with 1 entities written to the database.
2026-09-27 17:38:51.659 +03:00 [DBG] 'JournalAppDbContext' generated a temporary value for the property 'Journal.Id'. Consider using 'DbContextOptionsBuilder.EnableSensitiveDataLogging' to see key values.
2026-09-27 17:38:51.662 +03:00 [DBG] The navigation 'Journal.User' was detected as changed. Consider using 'DbContextOptionsBuilder.EnableSensitiveDataLogging' to see key values.
2026-09-27 17:38:51.664 +03:00 [DBG] Context 'JournalAppDbContext' started tracking 'Journal' entity. Consider using 'DbContextOptionsBuilder.EnableSensitiveDataLogging' to see key values.
2026-09-27 17:38:51.664 +03:00 [DBG] SaveChanges starting for 'JournalAppDbContext'.
2026-09-27 17:38:51.664 +03:00 [DBG] DetectChanges starting for 'JournalAppDbContext'.
2026-09-27 17:38:51.664 +03:00 [DBG] DetectChanges completed for 'JournalAppDbContext'.
2026-09-27 17:38:51.666 +03:00 [DBG] Opening connection to database 'main' on server '/Users/sgrancharov/dev/dotnet/JournalApp/JournalApp/JournalApp.Infrastructure/JournalApp.db'.
2026-09-27 17:38:51.666 +03:00 [DBG] Opened connection to database 'main' on server '/Users/sgrancharov/dev/dotnet/JournalApp/JournalApp/JournalApp.Infrastructure/JournalApp.db'.
2026-09-27 17:38:51.666 +03:00 [DBG] Creating DbCommand for 'ExecuteReader'.
2026-09-27 17:38:51.666 +03:00 [DBG] Created DbCommand for 'ExecuteReader' (0ms).
2026-09-27 17:38:51.666 +03:00 [DBG] Initialized DbCommand for 'ExecuteReader' (0ms).
2026-09-27 17:38:51.666 +03:00 [DBG] Executing DbCommand [Parameters=[@p0='?' (Size = 7), @p1='?' (Size = 2), @p2='?' (Size = 11), @p3='?' (DbType = Int32)], CommandType='"Text"', CommandTimeout='30']
INSERT INTO "Journals" ("Content", "Images", "Title", "UserId")
VALUES (@p0, @p1, @p2, @p3)
RETURNING "Id";
2026-09-27 17:38:51.667 +03:00 [INF] Executed DbCommand (0ms) [Parameters=[@p0='?' (Size = 7), @p1='?' (Size = 2), @p2='?' (Size = 11), @p3='?' (DbType = Int32)], CommandType='"Text"', CommandTimeout='30']
INSERT INTO "Journals" ("Content", "Images", "Title", "UserId")
VALUES (@p0, @p1, @p2, @p3)
RETURNING "Id";
2026-09-27 17:38:51.671 +03:00 [DBG] The foreign key property 'Journal.Id' was detected as changed. Consider using 'DbContextOptionsBuilder.EnableSensitiveDataLogging' to see property values.
2026-09-27 17:38:51.674 +03:00 [DBG] Closing data reader to 'main' on server '/Users/sgrancharov/dev/dotnet/JournalApp/JournalApp/JournalApp.Infrastructure/JournalApp.db'.
2026-09-27 17:38:51.674 +03:00 [DBG] A data reader for 'main' on server '/Users/sgrancharov/dev/dotnet/JournalApp/JournalApp/JournalApp.Infrastructure/JournalApp.db' is being disposed after spending 6ms reading results.
2026-09-27 17:38:51.674 +03:00 [DBG] Closing connection to database 'main' on server '/Users/sgrancharov/dev/dotnet/JournalApp/JournalApp/JournalApp.Infrastructure/JournalApp.db'.
2026-09-27 17:38:51.674 +03:00 [DBG] Closed connection to database 'main' on server '/Users/sgrancharov/dev/dotnet/JournalApp/JournalApp/JournalApp.Infrastructure/JournalApp.db' (0ms).
2026-09-27 17:38:51.675 +03:00 [DBG] An entity of type 'Journal' tracked by 'JournalAppDbContext' changed state from '"Added"' to '"Unchanged"'. Consider using 'DbContextOptionsBuilder.EnableSensitiveDataLogging' to see key values.
2026-09-27 17:38:51.675 +03:00 [DBG] SaveChanges completed for 'JournalAppDbContext' with 1 entities written to the database.
2026-09-27 17:39:04.822 +03:00 [DBG] Opening connection to database 'main' on server '/Users/sgrancharov/dev/dotnet/JournalApp/JournalApp/JournalApp.Infrastructure/JournalApp.db'.
2026-09-27 17:39:04.823 +03:00 [DBG] Opened connection to database 'main' on server '/Users/sgrancharov/dev/dotnet/JournalApp/JournalApp/JournalApp.Infrastructure/JournalApp.db'.
2026-09-27 17:39:04.823 +03:00 [DBG] Creating DbCommand for 'ExecuteReader'.
2026-09-27 17:39:04.823 +03:00 [DBG] Created DbCommand for 'ExecuteReader' (0ms).
2026-09-27 17:39:04.823 +03:00 [DBG] Initialized DbCommand for 'ExecuteReader' (0ms).
2026-09-27 17:39:04.823 +03:00 [DBG] Executing DbCommand [Parameters=[@__journalId_0='?' (DbType = Int32)], CommandType='"Text"', CommandTimeout='30']
SELECT "j"."Id", "j"."Content", "j"."Images", "j"."Title", "j"."UserId"
FROM "Journals" AS "j"
WHERE "j"."Id" = @__journalId_0
LIMIT 1
2026-09-27 17:39:04.824 +03:00 [INF] Executed DbCommand (0ms) [Parameters=[@__journalId_0='?' (DbType = Int32)], CommandType='"Text"', CommandTimeout='30']
SELECT "j"."Id", "j"."Content", "j"."Images", "j"."Title", "j"."UserId"
FROM "Journals" AS "j"
WHERE "j"."Id" = @__journalId_0
LIMIT 1
2026-09-27 17:39:04.824 +03:00 [DBG] Closing data reader to 'main' on server '/Users/sgrancharov/dev/dotnet/JournalApp/JournalApp/JournalApp.Infrastructure/JournalApp.db'.
2026-09-27 17:39:04.824 +03:00 [DBG] A data reader for 'main' on server '/Users/sgrancharov/dev/dotnet/JournalApp/JournalApp/JournalApp.Infrastructure/JournalApp.db' is being disposed after spending 0ms reading results.
2026-09-27 17:39:04.824 +03:00 [DBG] Closing connection to database 'main' on server '/Users/sgrancharov/dev/dotnet/JournalApp/JournalApp/JournalApp.Infrastructure/JournalApp.db'.
2026-09-27 17:39:04.824 +03:00 [DBG] Closed connection to database 'main' on server '/Users/sgrancharov/dev/dotnet/JournalApp/JournalApp/JournalApp.Infrastructure/JournalApp.db' (0ms).
2026-09-27 17:39:04.825 +03:00 [DBG] An entity of type 'Journal' tracked by 'JournalAppDbContext' changed state from '"Unchanged"' to '"Deleted"'. Consider using 'DbContextOptionsBuilder.EnableSensitiveDataLogging' to see key values.
2026-09-27 17:39:04.826 +03:00 [DBG] SaveChanges starting for 'JournalAppDbContext'.
2026-09-27 17:39:04.826 +03:00 [DBG] DetectChanges starting for 'JournalAppDbContext'.
2026-09-27 17:39:04.826 +03:00 [DBG] DetectChanges completed for 'JournalAppDbContext'.
2026-09-27 17:39:04.826 +03:00 [DBG] Opening connection to database 'main' on server '/Users/sgrancharov/dev/dotnet/JournalApp/JournalApp/JournalApp.Infrastructure/JournalApp.db'.
2026-09-27 17:39:04.826 +03:00 [DBG] Opened connection to database 'main' on server '/Users/sgrancharov/dev/dotnet/JournalApp/JournalApp/JournalApp.Infrastructure/JournalApp.db'.
2026-09-27 17:39:04.827 +03:00 [DBG] Creating DbCommand for 'ExecuteReader'.
2026-09-27 17:39:04.827 +03:00 [DBG] Created DbCommand for 'ExecuteReader' (0ms).
2026-09-27 17:39:04.827 +03:00 [DBG] Initialized DbCommand for 'ExecuteReader' (0ms).
2026-09-27 17:39:04.827 +03:00 [DBG] Executing DbCommand [Parameters=[@p0='?' (DbType = Int32)], CommandType='"Text"', CommandTimeout='30']
DELETE FROM "Journals"
WHERE "Id" = @p0
RETURNING 1;
2026-09-27 17:39:04.827 +03:00 [INF] Executed DbCommand (0ms) [Parameters=[@p0='?' (DbType = Int32)], CommandType='"Text"', CommandTimeout='30']
DELETE FROM "Journals"
WHERE "Id" = @p0
RETURNING 1;
2026-09-27 17:39:04.828 +03:00 [DBG] Closing data reader to 'main' on server '/Users/sgrancharov/dev/dotnet/JournalApp/JournalApp/JournalApp.Infrastructure/JournalApp.db'.
2026-09-27 17:39:04.828 +03:00 [DBG] A data reader for 'main' on server '/Users/sgrancharov/dev/dotnet/JournalApp/JournalApp/JournalApp.Infrastructure/JournalApp.db' is being disposed after spending 0ms reading results.
2026-09-27 17:39:04.828 +03:00 [DBG] Closing connection to database 'main' on server '/Users/sgrancharov/dev/dotnet/JournalApp/JournalApp/JournalApp.Infrastructure/JournalApp.db'.
2026-09-27 17:39:04.828 +03:00 [DBG] Closed connection to database 'main' on server '/Users/sgrancharov/dev/dotnet/JournalApp/JournalApp/JournalApp.Infrastructure/JournalApp.db' (0ms).
2026-09-27 17:39:04.829 +03:00 [DBG] An entity of type 'Journal' tracked by 'JournalAppDbContext' changed state from '"Deleted"' to '"Detached"'. Consider using 'DbContextOptionsBuilder.EnableSensitiveDataLogging' to see key values.
2026-09-27 17:39:04.829 +03:00 [DBG] SaveChanges completed for 'JournalAppDbContext' with 1 entities written to the database.
2026-09-27 17:39:06.411 +03:00 [DBG] Opening connection to database 'main' on server '/Users/sgrancharov/dev/dotnet/JournalApp/JournalApp/JournalApp.Infrastructure/JournalApp.db'.
2026-09-27 17:39:06.411 +03:00 [DBG] Opened connection to database 'main' on server '/Users/sgrancharov/dev/dotnet/JournalApp/JournalApp/JournalApp.Infrastructure/JournalApp.db'.
2026-09-27 17:39:06.411 +03:00 [DBG] Creating DbCommand for 'ExecuteReader'.
2026-09-27 17:39:06.411 +03:00 [DBG] Created DbCommand for 'ExecuteReader' (0ms).
2026-09-27 17:39:06.411 +03:00 [DBG] Initialized DbCommand for 'ExecuteReader' (0ms).
2026-09-27 17:39:06.411 +03:00 [DBG] Executing DbCommand [Parameters=[@__journalId_0='?' (DbType = Int32)], CommandType='"Text"', CommandTimeout='30']
SELECT "j"."Id", "j"."Content", "j"."Images", "j"."Title", "j"."UserId"
FROM "Journals" AS "j"
WHERE "j"."Id" = @__journalId_0
LIMIT 1
2026-09-27 17:39:06.412 +03:00 [INF] Executed DbCommand (0ms) [Parameters=[@__journalId_0='?' (DbType = Int32)], CommandType='"Text"', CommandTimeout='30']
SELECT "j"."Id", "j"."Content", "j"."Images", "j"."Title", "j"."UserId"
FROM "Journals" AS "j"
WHERE "j"."Id" = @__journalId_0
LIMIT 1
2026-09-27 17:39:06.412 +03:00 [DBG] Closing data reader to 'main' on server '/Users/sgrancharov/dev/dotnet/JournalApp/JournalApp/JournalApp.Infrastructure/JournalApp.db'.
2026-09-27 17:39:06.412 +03:00 [DBG] A data reader for 'main' on server '/Users/sgrancharov/dev/dotnet/JournalApp/JournalApp/JournalApp.Infrastructure/JournalApp.db' is being disposed after spending 0ms reading results.
2026-09-27 17:39:06.412 +03:00 [DBG] Closing connection to database 'main' on server '/Users/sgrancharov/dev/dotnet/JournalApp/JournalApp/JournalApp.Infrastructure/JournalApp.db'.
2026-09-27 17:39:06.412 +03:00 [DBG] Closed connection to database 'main' on server '/Users/sgrancharov/dev/dotnet/JournalApp/JournalApp/JournalApp.Infrastructure/JournalApp.db' (0ms).
2026-09-27 17:39:06.413 +03:00 [DBG] An entity of type 'Journal' tracked by 'JournalAppDbContext' changed state from '"Unchanged"' to '"Deleted"'. Consider using 'DbContextOptionsBuilder.EnableSensitiveDataLogging' to see key values.
2026-09-27 17:39:06.413 +03:00 [DBG] SaveChanges starting for 'JournalAppDbContext'.
2026-09-27 17:39:06.413 +03:00 [DBG] DetectChanges starting for 'JournalAppDbContext'.
2026-09-27 17:39:06.414 +03:00 [DBG] DetectChanges completed for 'JournalAppDbContext'.
2026-09-27 17:39:06.414 +03:00 [DBG] Opening connection to database 'main' on server '/Users/sgrancharov/dev/dotnet/JournalApp/JournalApp/JournalApp.Infrastructure/JournalApp.db'.
2026-09-27 17:39:06.414 +03:00 [DBG] Opened connection to database 'main' on server '/Users/sgrancharov/dev/dotnet/JournalApp/JournalApp/JournalApp.Infrastructure/JournalApp.db'.
2026-09-27 17:39:06.414 +03:00 [DBG] Creating DbCommand for 'ExecuteReader'.
2026-09-27 17:39:06.414 +03:00 [DBG] Created DbCommand for 'ExecuteReader' (0ms).
2026-09-27 17:39:06.414 +03:00 [DBG] Initialized DbCommand for 'ExecuteReader' (0ms).
2026-09-27 17:39:06.414 +03:00 [DBG] Executing DbCommand [Parameters=[@p0='?' (DbType = Int32)], CommandType='"Text"', CommandTimeout='30']
DELETE FROM "Journals"
WHERE "Id" = @p0
RETURNING 1;
2026-09-27 17:39:06.415 +03:00 [INF] Executed DbCommand (0ms) [Parameters=[@p0='?' (DbType = Int32)], CommandType='"Text"', CommandTimeout='30']
DELETE FROM "Journals"
WHERE "Id" = @p0
RETURNING 1;
2026-09-27 17:39:06.415 +03:00 [DBG] Closing data reader to 'main' on server '/Users/sgrancharov/dev/dotnet/JournalApp/JournalApp/JournalApp.Infrastructure/JournalApp.db'.
2026-09-27 17:39:06.416 +03:00 [DBG] A data reader for 'main' on server '/Users/sgrancharov/dev/dotnet/JournalApp/JournalApp/JournalApp.Infrastructure/JournalApp.db' is being disposed after spending 0ms reading results.
2026-09-27 17:39:06.416 +03:00 [DBG] Closing connection to database 'main' on server '/Users/sgrancharov/dev/dotnet/JournalApp/JournalApp/JournalApp.Infrastructure/JournalApp.db'.
2026-09-27 17:39:06.416 +03:00 [DBG] Closed connection to database 'main' on server '/Users/sgrancharov/dev/dotnet/JournalApp/JournalApp/JournalApp.Infrastructure/JournalApp.db' (0ms).
2026-09-27 17:39:06.416 +03:00 [DBG] An entity of type 'Journal' tracked by 'JournalAppDbContext' changed state from '"Deleted"' to '"Detached"'. Consider using 'DbContextOptionsBuilder.EnableSensitiveDataLogging' to see key values.
2026-09-27 17:39:06.416 +03:00 [DBG] SaveChanges completed for 'JournalAppDbContext' with 1 entities written to the database.
2026-09-27 17:42:45.398 +03:00 [WRN] You do not have a valid license key for the Lucky Penny software AutoMapper. This is allowed for development and testing scenarios. If you are running in production you are required to have a licensed version. Please visit https://luckypennysoftware.com to obtain a valid license.
2026-09-27 17:42:51.444 +03:00 [DBG] An 'IServiceProvider' was created for internal use by Entity Framework.
2026-09-27 17:42:51.726 +03:00 [DBG] Entity Framework Core 9.0.7 initialized 'JournalAppDbContext' using provider 'Microsoft.EntityFrameworkCore.Sqlite:9.0.7' with options: None
2026-09-27 17:42:51.749 +03:00 [DBG] Compiling query expression: 
'DbSet<User>()
    .Include(u => u.Journals)
    .FirstOrDefault(u => u.UserName == __userName_0)'
2026-09-27 17:42:51.773 +03:00 [DBG] Including navigation: 'User.Journals'.
2026-09-27 17:42:51.886 +03:00 [DBG] Generated query execution expression: 
'queryContext => ShapedQueryCompilingExpressionVisitor.SingleOrDefaultAsync<User>(
    asyncEnumerable: SingleQueryingEnumerable.Create<User>(
        relationalQueryContext: (RelationalQueryContext)queryContext, 
        relationalCommandResolver: parameters => [LIFTABLE Constant: RelationalCommandCache.QueryExpression(
            Client Projections:
                0 -> Dictionary<IProperty, int> { [Property: User.Id (int) Required PK AfterSave:Throw ValueGenerated.OnAdd, 0], [Property: User.Password (string) Required, 1], [Property: User.UserName (string) Required, 2] }
                1 -> 0
                2 -> Dictionary<IProperty, int> { [Property: Journal.Id (int) Required PK AfterSave:Throw ValueGenerated.OnAdd, 3], [Property: Journal.Content (string) Required, 4], [Property: Journal.Images (List<string>) Required Element type: string Required, 5], [Property: Journal.Title (string) Required, 6], [Property: Journal.UserId (int) Required FK Index, 7] }
                3 -> 3
            SELECT u0.Id, u0.Password, u0.UserName, j.Id, j.Content, j.Images, j.Title, j.UserId
            FROM 
            (
                SELECT TOP(1) u.Id, u.Password, u.UserName
                FROM Users AS u
                WHERE u.UserName == @__userName_0
            ) AS u0
            LEFT JOIN Journals AS j ON u0.Id == j.UserId
            ORDER BY u0.Id ASC) | Resolver: c => new RelationalCommandCache(
            c.Dependencies.MemoryCache, 
            c.RelationalDependencies.QuerySqlGeneratorFactory, 
            c.RelationalDependencies.RelationalParameterBasedSqlProcessorFactory, 
            Client Projections:
                0 -> Dictionary<IProperty, int> { [Property: User.Id (int) Required PK AfterSave:Throw ValueGenerated.OnAdd, 0], [Property: User.Password (string) Required, 1], [Property: User.UserName (string) Required, 2] }
                1 -> 0
                2 -> Dictionary<IProperty, int> { [Property: Journal.Id (int) Required PK AfterSave:Throw ValueGenerated.OnAdd, 3], [Property: Journal.Content (string) Required, 4], [Property: Journal.Images (List<string>) Required Element type: string Required, 5], [Property: Journal.Title (string) Required, 6], [Property: Journal.UserId (int) Required FK Index, 7] }
                3 -> 3
            SELECT u0.Id, u0.Password, u0.UserName, j.Id, j.Content, j.Images, j.Title, j.UserId
            FROM 
            (
                SELECT TOP(1) u.Id, u.Password, u.UserName
                FROM Users AS u
                WHERE u.UserName == @__userName_0
            ) AS u0
            LEFT JOIN Journals AS j ON u0.Id == j.UserId
            ORDER BY u0.Id ASC, 
            False, 
            new HashSet<string>(
                new string[]{ }, 
                StringComparer.Ordinal
            )
        )].GetRelationalCommandTemplate(parameters), 
        readerColumns: null, 
        shaper: (queryContext, dataReader, resultContext, resultCoordinator) => 
        {
            resultContext.Values == null ? 
            {
                User entity;
                entity = 
                {
                    MaterializationContext materializationContext1;
                    IEntityType entityType1;
                    User instance1;
                    InternalEntityEntry entry1;
                    bool hasNullKey1;
                    materializationContext1 = new MaterializationContext(
                        [LIFTABLE Constant: ValueBuffer | Resolver: _ => (object)ValueBuffer.Empty], 
                        queryContext.Context
                    );
                    instance1 = default(User);
                    entry1 = queryContext.TryGetEntry(
                        key: [LIFTABLE Constant: Key: User.Id PK | Resolver: c => c.Dependencies.Model.FindEntityType("JournalApp.Domain.User.User").FindPrimaryKey()], 
                        keyValues: new object[]{ (object)dataReader.GetInt32(0) }, 
                        throwOnNullKey: True, 
                        hasNullKey: hasNullKey1);
                    !(hasNullKey1) ? entry1 != default(InternalEntityEntry) ? 
                    {
                        entityType1 = entry1.EntityType;
                        return instance1 = (User)entry1.Entity;
                    } : 
                    {
                        ISnapshot shadowSnapshot1;
                        shadowSnapshot1 = [LIFTABLE Constant: Snapshot | Resolver: _ => Snapshot.Empty];
                        entityType1 = [LIFTABLE Constant: EntityType: User | Resolver: namelessParameter{0} => namelessParameter{0}.Dependencies.Model.FindEntityType("JournalApp.Domain.User.User")];
                        instance1 = switch (entityType1)
                        {
                            case [LIFTABLE Constant: EntityType: User | Resolver: namelessParameter{1} => namelessParameter{1}.Dependencies.Model.FindEntityType("JournalApp.Domain.User.User")]: 
                                {
                                    return 
                                    {
                                        User instance;
                                        instance = new User();
                                        instance.<Id>k__BackingField = dataReader.GetInt32(0);
                                        instance.<Password>k__BackingField = dataReader.GetString(1);
                                        instance.<UserName>k__BackingField = dataReader.GetString(2);
                                        (instance is IInjectableService) ? ((IInjectableService)instance).Injected(
                                            context: materializationContext1.Context, 
                                            entity: instance, 
                                            queryTrackingBehavior: TrackAll, 
                                            structuralType: [LIFTABLE Constant: EntityType: User | Resolver: namelessParameter{2} => namelessParameter{2}.Dependencies.Model.FindEntityType("JournalApp.Domain.User.User")]) : default(void);
                                        return instance;
                                    }}
                            default: 
                                default(User)
                        }
                        ;
                        entry1 = entityType1 == default(IEntityType) ? default(InternalEntityEntry) : queryContext.StartTracking(
                            entityType: entityType1, 
                            entity: instance1, 
                            snapshot: shadowSnapshot1);
                        return instance1;
                    } : default(void);
                    return instance1;
                };
                resultContext.Values = new object[]{ entity };
                ShaperProcessingExpressionVisitor.InitializeIncludeCollection<User, User>(
                    collectionId: 0, 
                    queryContext: queryContext, 
                    dbDataReader: dataReader, 
                    resultCoordinator: resultCoordinator, 
                    entity: (User)(resultContext.Values[0]), 
                    parentIdentifier: [LIFTABLE Constant: Func<QueryContext, DbDataReader, object[]> | Resolver: _ => (queryContext, dataReader) => new object[]{ (object)(int?)dataReader.GetInt32(0) }], 
                    outerIdentifier: [LIFTABLE Constant: Func<QueryContext, DbDataReader, object[]> | Resolver: _ => (queryContext, dataReader) => new object[]{ (object)(int?)dataReader.GetInt32(0) }], 
                    navigation: [LIFTABLE Constant: Navigation: User.Journals (List<Journal>) Collection ToDependent Journal Inverse: User | Resolver: namelessParameter{3} => namelessParameter{3}.Dependencies.Model.FindEntityType("JournalApp.Domain.User.User").FindNavigation("Journals")], 
                    clrCollectionAccessor: [LIFTABLE Constant: ClrICollectionAccessor<User, List<Journal>, Journal> | Resolver: namelessParameter{4} => namelessParameter{4}.Dependencies.Model.FindEntityType("JournalApp.Domain.User.User").FindNavigation("Journals").GetCollectionAccessor()], 
                    trackingQuery: True, 
                    setLoaded: True);
            } : default(void);
            ShaperProcessingExpressionVisitor.PopulateIncludeCollection<User, Journal>(
                collectionId: 0, 
                queryContext: queryContext, 
                dbDataReader: dataReader, 
                resultCoordinator: resultCoordinator, 
                parentIdentifier: [LIFTABLE Constant: Func<QueryContext, DbDataReader, object[]> | Resolver: _ => (queryContext, dataReader) => new object[]{ (object)(int?)dataReader.GetInt32(0) }], 
                outerIdentifier: [LIFTABLE Constant: Func<QueryContext, DbDataReader, object[]> | Resolver: _ => (queryContext, dataReader) => new object[]{ (object)(int?)dataReader.GetInt32(0) }], 
                selfIdentifier: [LIFTABLE Constant: Func<QueryContext, DbDataReader, object[]> | Resolver: _ => (queryContext, dataReader) => new object[]{ (object)dataReader.IsDBNull(3) ? default(int?) : (int?)dataReader.GetInt32(3) }], 
                parentIdentifierValueComparers: [LIFTABLE Constant: Func<object, object, bool>[] { Func<object, object, bool> } | Resolver: _ => new Func<object, object, bool>[]{ (left, right) => left == null ? right == null : right != null && (int)left == (int)right }], 
                outerIdentifierValueComparers: [LIFTABLE Constant: Func<object, object, bool>[] { Func<object, object, bool> } | Resolver: _ => new Func<object, object, bool>[]{ (left, right) => left == null ? right == null : right != null && (int)left == (int)right }], 
                selfIdentifierValueComparers: [LIFTABLE Constant: Func<object, object, bool>[] { Func<object, object, bool> } | Resolver: _ => new Func<object, object, bool>[]{ (left, right) => left == null ? right == null : right != null && (int)left == (int)right }], 
                innerShaper: (queryContext, dataReader, resultContext, resultCoordinator) => 
                {
                    Journal entity;
                    entity = 
                    {
                        MaterializationContext materializationContext2;
                        IEntityType entityType2;
                        Journal instance2;
                        InternalEntityEntry entry2;
                        bool hasNullKey2;
                        materializationContext2 = new MaterializationContext(
                            [LIFTABLE Constant: ValueBuffer | Resolver: _ => (object)ValueBuffer.Empty], 
                            queryContext.Context
                        );
                        instance2 = default(Journal);
                        entry2 = queryContext.TryGetEntry(
                            key: [LIFTABLE Constant: Key: Journal.Id PK | Resolver: c => c.Dependencies.Model.FindEntityType("JournalApp.Domain.Journal.Journal").FindPrimaryKey()], 
                            keyValues: new object[]{ dataReader.IsDBNull(3) ? default(object) : (object)dataReader.GetInt32(3) }, 
                            throwOnNullKey: False, 
                            hasNullKey: hasNullKey2);
                        !(hasNullKey2) ? entry2 != default(InternalEntityEntry) ? 
                        {
                            entityType2 = entry2.EntityType;
                            return instance2 = (Journal)entry2.Entity;
                        } : 
                        {
                            ISnapshot shadowSnapshot2;
                            shadowSnapshot2 = [LIFTABLE Constant: Snapshot | Resolver: _ => Snapshot.Empty];
                            entityType2 = [LIFTABLE Constant: EntityType: Journal | Resolver: namelessParameter{5} => namelessParameter{5}.Dependencies.Model.FindEntityType("JournalApp.Domain.Journal.Journal")];
                            instance2 = switch (entityType2)
                            {
                                case [LIFTABLE Constant: EntityType: Journal | Resolver: namelessParameter{6} => namelessParameter{6}.Dependencies.Model.FindEntityType("JournalApp.Domain.Journal.Journal")]: 
                                    {
                                        return 
                                        {
                                            Journal instance;
                                            instance = new Journal();
                                            instance.<Id>k__BackingField = dataReader.IsDBNull(3) ? default(int) : dataReader.GetInt32(3);
                                            instance.<Content>k__BackingField = dataReader.IsDBNull(4) ? default(string) : dataReader.GetString(4);
                                            {
                                                List<string> namelessParameter{7};
                                                namelessParameter{7} = instance.<Images>k__BackingField;
                                                namelessParameter{7} == null || dataReader.IsDBNull(5) ? default(List<string>) : (List<string>)Invoke(((CollectionToJsonStringConverter<string>)((IReadOnlyProperty)[LIFTABLE Constant: Property: Journal.Images (List<string>) Required Element type: string Required | Resolver: namelessParameter{8} => namelessParameter{8}.Dependencies.Model.FindEntityType("JournalApp.Domain.Journal.Journal").FindProperty("Images")]).GetTypeMapping().Converter).ConvertFromProviderTyped, dataReader.GetString(5)) == null || namelessParameter{7}.IsReadOnly ? instance.<Images>k__BackingField = dataReader.IsDBNull(5) ? default(List<string>) : (List<string>)Invoke(((CollectionToJsonStringConverter<string>)((IReadOnlyProperty)[LIFTABLE Constant: Property: Journal.Images (List<string>) Required Element type: string Required | Resolver: namelessParameter{9} => namelessParameter{9}.Dependencies.Model.FindEntityType("JournalApp.Domain.Journal.Journal").FindProperty("Images")]).GetTypeMapping().Converter).ConvertFromProviderTyped, dataReader.GetString(5)) : EntityMaterializerSource.PopulateList<string>(
                                                    buffer: dataReader.IsDBNull(5) ? default(List<string>) : (List<string>)Invoke(((CollectionToJsonStringConverter<string>)((IReadOnlyProperty)[LIFTABLE Constant: Property: Journal.Images (List<string>) Required Element type: string Required | Resolver: namelessParameter{10} => namelessParameter{10}.Dependencies.Model.FindEntityType("JournalApp.Domain.Journal.Journal").FindProperty("Images")]).GetTypeMapping().Converter).ConvertFromProviderTyped, dataReader.GetString(5)), 
                                                    target: namelessParameter{7});
                                            }instance.<Title>k__BackingField = dataReader.IsDBNull(6) ? default(string) : dataReader.GetString(6);
                                            instance.<UserId>k__BackingField = dataReader.IsDBNull(7) ? default(int) : dataReader.GetInt32(7);
                                            (instance is IInjectableService) ? ((IInjectableService)instance).Injected(
                                                context: materializationContext2.Context, 
                                                entity: instance, 
                                                queryTrackingBehavior: TrackAll, 
                                                structuralType: [LIFTABLE Constant: EntityType: Journal | Resolver: namelessParameter{11} => namelessParameter{11}.Dependencies.Model.FindEntityType("JournalApp.Domain.Journal.Journal")]) : default(void);
                                            return instance;
                                        }}
                                default: 
                                    default(Journal)
                            }
                            ;
                            entry2 = entityType2 == default(IEntityType) ? default(InternalEntityEntry) : queryContext.StartTracking(
                                entityType: entityType2, 
                                entity: instance2, 
                                snapshot: shadowSnapshot2);
                            return instance2;
                        } : default(void);
                        return instance2;
                    };
                    return entity;
                }, 
                inverseNavigation: [LIFTABLE Constant: Navigation: Journal.User (User) ToPrincipal User Inverse: Journals | Resolver: namelessParameter{12} => namelessParameter{12}.Dependencies.Model.FindEntityType("JournalApp.Domain.Journal.Journal").FindNavigation("User")], 
                fixup: (namelessParameter{13}, namelessParameter{14}) => 
                {
                    [LIFTABLE Constant: ClrICollectionAccessor<User, List<Journal>, Journal> | Resolver: namelessParameter{15} => namelessParameter{15}.Dependencies.Model.FindEntityType("JournalApp.Domain.User.User").FindNavigation("Journals").GetCollectionAccessor()].Add(
                        entity: namelessParameter{13}, 
                        value: namelessParameter{14}, 
                        forMaterialization: True);
                    return namelessParameter{14}.<User>k__BackingField = namelessParameter{13};
                }, 
                trackingQuery: True);
            return IsTrue(resultCoordinator.ResultReady)
             ? (User)(resultContext.Values[0]) : default(User);
        }, 
        contextType: JournalApp.Infrastructure.JournalAppDbContext, 
        standAloneStateManager: False, 
        detailedErrorsEnabled: False, 
        threadSafetyChecksEnabled: True), 
    cancellationToken: queryContext.CancellationToken)'
2026-09-27 17:42:51.901 +03:00 [DBG] Creating DbConnection.
2026-09-27 17:42:51.906 +03:00 [DBG] Created DbConnection. (4ms).
2026-09-27 17:42:51.908 +03:00 [DBG] Opening connection to database 'main' on server '/Users/sgrancharov/dev/dotnet/JournalApp/JournalApp/JournalApp.Infrastructure/JournalApp.db'.
2026-09-27 17:42:51.912 +03:00 [DBG] Opened connection to database 'main' on server '/Users/sgrancharov/dev/dotnet/JournalApp/JournalApp/JournalApp.Infrastructure/JournalApp.db'.
2026-09-27 17:42:51.913 +03:00 [DBG] Creating DbCommand for 'ExecuteReader'.
2026-09-27 17:42:51.915 +03:00 [DBG] Created DbCommand for 'ExecuteReader' (0ms).
2026-09-27 17:42:51.916 +03:00 [DBG] Initialized DbCommand for 'ExecuteReader' (3ms).
2026-09-27 17:42:51.919 +03:00 [DBG] Executing DbCommand [Parameters=[@__userName_0='?' (Size = 7)], CommandType='"Text"', CommandTimeout='30']
SELECT "u0"."Id", "u0"."Password", "u0"."UserName", "j"."Id", "j"."Content", "j"."Images", "j"."Title", "j"."UserId"
FROM (
    SELECT "u"."Id", "u"."Password", "u"."UserName"
    FROM "Users" AS "u"
    WHERE "u"."UserName" = @__userName_0
    LIMIT 1
) AS "u0"
LEFT JOIN "Journals" AS "j" ON "u0"."Id" = "j"."UserId"
ORDER BY "u0"."Id"
2026-09-27 17:42:51.932 +03:00 [INF] Executed DbCommand (8ms) [Parameters=[@__userName_0='?' (Size = 7)], CommandType='"Text"', CommandTimeout='30']
SELECT "u0"."Id", "u0"."Password", "u0"."UserName", "j"."Id", "j"."Content", "j"."Images", "j"."Title", "j"."UserId"
FROM (
    SELECT "u"."Id", "u"."Password", "u"."UserName"
    FROM "Users" AS "u"
    WHERE "u"."UserName" = @__userName_0
    LIMIT 1
) AS "u0"
LEFT JOIN "Journals" AS "j" ON "u0"."Id" = "j"."UserId"
ORDER BY "u0"."Id"
2026-09-27 17:42:51.947 +03:00 [DBG] Context 'JournalAppDbContext' started tracking 'User' entity. Consider using 'DbContextOptionsBuilder.EnableSensitiveDataLogging' to see key values.
2026-09-27 17:42:51.962 +03:00 [DBG] Context 'JournalAppDbContext' started tracking 'Journal' entity. Consider using 'DbContextOptionsBuilder.EnableSensitiveDataLogging' to see key values.
2026-09-27 17:42:51.968 +03:00 [DBG] Closing data reader to 'main' on server '/Users/sgrancharov/dev/dotnet/JournalApp/JournalApp/JournalApp.Infrastructure/JournalApp.db'.
2026-09-27 17:42:51.971 +03:00 [DBG] A data reader for 'main' on server '/Users/sgrancharov/dev/dotnet/JournalApp/JournalApp/JournalApp.Infrastructure/JournalApp.db' is being disposed after spending 36ms reading results.
2026-09-27 17:42:51.972 +03:00 [DBG] Closing connection to database 'main' on server '/Users/sgrancharov/dev/dotnet/JournalApp/JournalApp/JournalApp.Infrastructure/JournalApp.db'.
2026-09-27 17:42:51.974 +03:00 [DBG] Closed connection to database 'main' on server '/Users/sgrancharov/dev/dotnet/JournalApp/JournalApp/JournalApp.Infrastructure/JournalApp.db' (1ms).
2026-09-27 17:42:55.116 +03:00 [DBG] Compiling query expression: 
'DbSet<Journal>()
    .FirstOrDefault(item => item.Id == __journalId_0)'
2026-09-27 17:42:55.121 +03:00 [DBG] Generated query execution expression: 
'queryContext => ShapedQueryCompilingExpressionVisitor.SingleOrDefaultAsync<Journal>(
    asyncEnumerable: SingleQueryingEnumerable.Create<Journal>(
        relationalQueryContext: (RelationalQueryContext)queryContext, 
        relationalCommandResolver: parameters => [LIFTABLE Constant: RelationalCommandCache.QueryExpression(
            Projection Mapping:
                EmptyProjectionMember -> Dictionary<IProperty, int> { [Property: Journal.Id (int) Required PK AfterSave:Throw ValueGenerated.OnAdd, 0], [Property: Journal.Content (string) Required, 1], [Property: Journal.Images (List<string>) Required Element type: string Required, 2], [Property: Journal.Title (string) Required, 3], [Property: Journal.UserId (int) Required FK Index, 4] }
            SELECT TOP(1) j.Id, j.Content, j.Images, j.Title, j.UserId
            FROM Journals AS j
            WHERE j.Id == @__journalId_0) | Resolver: c => new RelationalCommandCache(
            c.Dependencies.MemoryCache, 
            c.RelationalDependencies.QuerySqlGeneratorFactory, 
            c.RelationalDependencies.RelationalParameterBasedSqlProcessorFactory, 
            Projection Mapping:
                EmptyProjectionMember -> Dictionary<IProperty, int> { [Property: Journal.Id (int) Required PK AfterSave:Throw ValueGenerated.OnAdd, 0], [Property: Journal.Content (string) Required, 1], [Property: Journal.Images (List<string>) Required Element type: string Required, 2], [Property: Journal.Title (string) Required, 3], [Property: Journal.UserId (int) Required FK Index, 4] }
            SELECT TOP(1) j.Id, j.Content, j.Images, j.Title, j.UserId
            FROM Journals AS j
            WHERE j.Id == @__journalId_0, 
            False, 
            new HashSet<string>(
                new string[]{ }, 
                StringComparer.Ordinal
            )
        )].GetRelationalCommandTemplate(parameters), 
        readerColumns: null, 
        shaper: (queryContext, dataReader, resultContext, resultCoordinator) => 
        {
            Journal entity;
            entity = 
            {
                MaterializationContext materializationContext1;
                IEntityType entityType1;
                Journal instance1;
                InternalEntityEntry entry1;
                bool hasNullKey1;
                materializationContext1 = new MaterializationContext(
                    [LIFTABLE Constant: ValueBuffer | Resolver: _ => (object)ValueBuffer.Empty], 
                    queryContext.Context
                );
                instance1 = default(Journal);
                entry1 = queryContext.TryGetEntry(
                    key: [LIFTABLE Constant: Key: Journal.Id PK | Resolver: c => c.Dependencies.Model.FindEntityType("JournalApp.Domain.Journal.Journal").FindPrimaryKey()], 
                    keyValues: new object[]{ (object)dataReader.GetInt32(0) }, 
                    throwOnNullKey: True, 
                    hasNullKey: hasNullKey1);
                !(hasNullKey1) ? entry1 != default(InternalEntityEntry) ? 
                {
                    entityType1 = entry1.EntityType;
                    return instance1 = (Journal)entry1.Entity;
                } : 
                {
                    ISnapshot shadowSnapshot1;
                    shadowSnapshot1 = [LIFTABLE Constant: Snapshot | Resolver: _ => Snapshot.Empty];
                    entityType1 = [LIFTABLE Constant: EntityType: Journal | Resolver: namelessParameter{0} => namelessParameter{0}.Dependencies.Model.FindEntityType("JournalApp.Domain.Journal.Journal")];
                    instance1 = switch (entityType1)
                    {
                        case [LIFTABLE Constant: EntityType: Journal | Resolver: namelessParameter{1} => namelessParameter{1}.Dependencies.Model.FindEntityType("JournalApp.Domain.Journal.Journal")]: 
                            {
                                return 
                                {
                                    Journal instance;
                                    instance = new Journal();
                                    instance.<Id>k__BackingField = dataReader.GetInt32(0);
                                    instance.<Content>k__BackingField = dataReader.GetString(1);
                                    {
                                        List<string> namelessParameter{2};
                                        namelessParameter{2} = instance.<Images>k__BackingField;
                                        namelessParameter{2} == null || (List<string>)Invoke(((CollectionToJsonStringConverter<string>)((IReadOnlyProperty)[LIFTABLE Constant: Property: Journal.Images (List<string>) Required Element type: string Required | Resolver: namelessParameter{3} => namelessParameter{3}.Dependencies.Model.FindEntityType("JournalApp.Domain.Journal.Journal").FindProperty("Images")]).GetTypeMapping().Converter).ConvertFromProviderTyped, dataReader.GetString(2)) == null || namelessParameter{2}.IsReadOnly ? instance.<Images>k__BackingField = (List<string>)Invoke(((CollectionToJsonStringConverter<string>)((IReadOnlyProperty)[LIFTABLE Constant: Property: Journal.Images (List<string>) Required Element type: string Required | Resolver: namelessParameter{4} => namelessParameter{4}.Dependencies.Model.FindEntityType("JournalApp.Domain.Journal.Journal").FindProperty("Images")]).GetTypeMapping().Converter).ConvertFromProviderTyped, dataReader.GetString(2)) : EntityMaterializerSource.PopulateList<string>(
                                            buffer: (List<string>)Invoke(((CollectionToJsonStringConverter<string>)((IReadOnlyProperty)[LIFTABLE Constant: Property: Journal.Images (List<string>) Required Element type: string Required | Resolver: namelessParameter{5} => namelessParameter{5}.Dependencies.Model.FindEntityType("JournalApp.Domain.Journal.Journal").FindProperty("Images")]).GetTypeMapping().Converter).ConvertFromProviderTyped, dataReader.GetString(2)), 
                                            target: namelessParameter{2});
                                    }instance.<Title>k__BackingField = dataReader.GetString(3);
                                    instance.<UserId>k__BackingField = dataReader.GetInt32(4);
                                    (instance is IInjectableService) ? ((IInjectableService)instance).Injected(
                                        context: materializationContext1.Context, 
                                        entity: instance, 
                                        queryTrackingBehavior: TrackAll, 
                                        structuralType: [LIFTABLE Constant: EntityType: Journal | Resolver: namelessParameter{6} => namelessParameter{6}.Dependencies.Model.FindEntityType("JournalApp.Domain.Journal.Journal")]) : default(void);
                                    return instance;
                                }}
                        default: 
                            default(Journal)
                    }
                    ;
                    entry1 = entityType1 == default(IEntityType) ? default(InternalEntityEntry) : queryContext.StartTracking(
                        entityType: entityType1, 
                        entity: instance1, 
                        snapshot: shadowSnapshot1);
                    return instance1;
                } : default(void);
                return instance1;
            };
            return entity;
        }, 
        contextType: JournalApp.Infrastructure.JournalAppDbContext, 
        standAloneStateManager: False, 
        detailedErrorsEnabled: False, 
        threadSafetyChecksEnabled: True), 
    cancellationToken: queryContext.CancellationToken)'
2026-09-27 17:42:55.123 +03:00 [DBG] Opening connection to database 'main' on server '/Users/sgrancharov/dev/dotnet/JournalApp/JournalApp/JournalApp.Infrastructure/JournalApp.db'.
2026-09-27 17:42:55.123 +03:00 [DBG] Opened connection to database 'main' on server '/Users/sgrancharov/dev/dotnet/JournalApp/JournalApp/JournalApp.Infrastructure/JournalApp.db'.
2026-09-27 17:42:55.123 +03:00 [DBG] Creating DbCommand for 'ExecuteReader'.
2026-09-27 17:42:55.124 +03:00 [DBG] Created DbCommand for 'ExecuteReader' (0ms).
2026-09-27 17:42:55.124 +03:00 [DBG] Initialized DbCommand for 'ExecuteReader' (0ms).
2026-09-27 17:42:55.124 +03:00 [DBG] Executing DbCommand [Parameters=[@__journalId_0='?' (DbType = Int32)], CommandType='"Text"', CommandTimeout='30']
SELECT "j"."Id", "j"."Content", "j"."Images", "j"."Title", "j"."UserId"
FROM "Journals" AS "j"
WHERE "j"."Id" = @__journalId_0
LIMIT 1
2026-09-27 17:42:55.125 +03:00 [INF] Executed DbCommand (1ms) [Parameters=[@__journalId_0='?' (DbType = Int32)], CommandType='"Text"', CommandTimeout='30']
SELECT "j"."Id", "j"."Content", "j"."Images", "j"."Title", "j"."UserId"
FROM "Journals" AS "j"
WHERE "j"."Id" = @__journalId_0
LIMIT 1
2026-09-27 17:42:55.125 +03:00 [DBG] Closing data reader to 'main' on server '/Users/sgrancharov/dev/dotnet/JournalApp/JournalApp/JournalApp.Infrastructure/JournalApp.db'.
2026-09-27 17:42:55.125 +03:00 [DBG] A data reader for 'main' on server '/Users/sgrancharov/dev/dotnet/JournalApp/JournalApp/JournalApp.Infrastructure/JournalApp.db' is being disposed after spending 0ms reading results.
2026-09-27 17:42:55.125 +03:00 [DBG] Closing connection to database 'main' on server '/Users/sgrancharov/dev/dotnet/JournalApp/JournalApp/JournalApp.Infrastructure/JournalApp.db'.
2026-09-27 17:42:55.125 +03:00 [DBG] Closed connection to database 'main' on server '/Users/sgrancharov/dev/dotnet/JournalApp/JournalApp/JournalApp.Infrastructure/JournalApp.db' (0ms).
2026-09-27 17:42:55.131 +03:00 [DBG] An entity of type 'Journal' tracked by 'JournalAppDbContext' changed state from '"Unchanged"' to '"Deleted"'. Consider using 'DbContextOptionsBuilder.EnableSensitiveDataLogging' to see key values.
2026-09-27 17:42:55.134 +03:00 [DBG] SaveChanges starting for 'JournalAppDbContext'.
2026-09-27 17:42:55.135 +03:00 [DBG] DetectChanges starting for 'JournalAppDbContext'.
2026-09-27 17:42:55.143 +03:00 [DBG] DetectChanges completed for 'JournalAppDbContext'.
2026-09-27 17:42:55.171 +03:00 [DBG] Opening connection to database 'main' on server '/Users/sgrancharov/dev/dotnet/JournalApp/JournalApp/JournalApp.Infrastructure/JournalApp.db'.
2026-09-27 17:42:55.171 +03:00 [DBG] Opened connection to database 'main' on server '/Users/sgrancharov/dev/dotnet/JournalApp/JournalApp/JournalApp.Infrastructure/JournalApp.db'.
2026-09-27 17:42:55.172 +03:00 [DBG] Creating DbCommand for 'ExecuteReader'.
2026-09-27 17:42:55.172 +03:00 [DBG] Created DbCommand for 'ExecuteReader' (0ms).
2026-09-27 17:42:55.172 +03:00 [DBG] Initialized DbCommand for 'ExecuteReader' (0ms).
2026-09-27 17:42:55.172 +03:00 [DBG] Executing DbCommand [Parameters=[@p0='?' (DbType = Int32)], CommandType='"Text"', CommandTimeout='30']
DELETE FROM "Journals"
WHERE "Id" = @p0
RETURNING 1;
2026-09-27 17:42:55.172 +03:00 [INF] Executed DbCommand (0ms) [Parameters=[@p0='?' (DbType = Int32)], CommandType='"Text"', CommandTimeout='30']
DELETE FROM "Journals"
WHERE "Id" = @p0
RETURNING 1;
2026-09-27 17:42:55.175 +03:00 [DBG] Closing data reader to 'main' on server '/Users/sgrancharov/dev/dotnet/JournalApp/JournalApp/JournalApp.Infrastructure/JournalApp.db'.
2026-09-27 17:42:55.176 +03:00 [DBG] A data reader for 'main' on server '/Users/sgrancharov/dev/dotnet/JournalApp/JournalApp/JournalApp.Infrastructure/JournalApp.db' is being disposed after spending 3ms reading results.
2026-09-27 17:42:55.176 +03:00 [DBG] Closing connection to database 'main' on server '/Users/sgrancharov/dev/dotnet/JournalApp/JournalApp/JournalApp.Infrastructure/JournalApp.db'.
2026-09-27 17:42:55.176 +03:00 [DBG] Closed connection to database 'main' on server '/Users/sgrancharov/dev/dotnet/JournalApp/JournalApp/JournalApp.Infrastructure/JournalApp.db' (0ms).
2026-09-27 17:42:55.178 +03:00 [DBG] An entity of type 'Journal' tracked by 'JournalAppDbContext' changed state from '"Deleted"' to '"Detached"'. Consider using 'DbContextOptionsBuilder.EnableSensitiveDataLogging' to see key values.
2026-09-27 17:42:55.178 +03:00 [DBG] SaveChanges completed for 'JournalAppDbContext' with 1 entities written to the database.
2026-09-27 17:45:39.562 +03:00 [WRN] You do not have a valid license key for the Lucky Penny software AutoMapper. This is allowed for development and testing scenarios. If you are running in production you are required to have a licensed version. Please visit https://luckypennysoftware.com to obtain a valid license.
2026-09-27 17:45:46.105 +03:00 [DBG] An 'IServiceProvider' was created for internal use by Entity Framework.
2026-09-27 17:45:46.372 +03:00 [DBG] Entity Framework Core 9.0.7 initialized 'JournalAppDbContext' using provider 'Microsoft.EntityFrameworkCore.Sqlite:9.0.7' with options: None
2026-09-27 17:45:46.397 +03:00 [DBG] Compiling query expression: 
'DbSet<User>()
    .Include(u => u.Journals)
    .FirstOrDefault(u => u.UserName == __userName_0)'
2026-09-27 17:45:46.423 +03:00 [DBG] Including navigation: 'User.Journals'.
2026-09-27 17:45:46.538 +03:00 [DBG] Generated query execution expression: 
'queryContext => ShapedQueryCompilingExpressionVisitor.SingleOrDefaultAsync<User>(
    asyncEnumerable: SingleQueryingEnumerable.Create<User>(
        relationalQueryContext: (RelationalQueryContext)queryContext, 
        relationalCommandResolver: parameters => [LIFTABLE Constant: RelationalCommandCache.QueryExpression(
            Client Projections:
                0 -> Dictionary<IProperty, int> { [Property: User.Id (int) Required PK AfterSave:Throw ValueGenerated.OnAdd, 0], [Property: User.Password (string) Required, 1], [Property: User.UserName (string) Required, 2] }
                1 -> 0
                2 -> Dictionary<IProperty, int> { [Property: Journal.Id (int) Required PK AfterSave:Throw ValueGenerated.OnAdd, 3], [Property: Journal.Content (string) Required, 4], [Property: Journal.Images (List<string>) Required Element type: string Required, 5], [Property: Journal.Title (string) Required, 6], [Property: Journal.UserId (int) Required FK Index, 7] }
                3 -> 3
            SELECT u0.Id, u0.Password, u0.UserName, j.Id, j.Content, j.Images, j.Title, j.UserId
            FROM 
            (
                SELECT TOP(1) u.Id, u.Password, u.UserName
                FROM Users AS u
                WHERE u.UserName == @__userName_0
            ) AS u0
            LEFT JOIN Journals AS j ON u0.Id == j.UserId
            ORDER BY u0.Id ASC) | Resolver: c => new RelationalCommandCache(
            c.Dependencies.MemoryCache, 
            c.RelationalDependencies.QuerySqlGeneratorFactory, 
            c.RelationalDependencies.RelationalParameterBasedSqlProcessorFactory, 
            Client Projections:
                0 -> Dictionary<IProperty, int> { [Property: User.Id (int) Required PK AfterSave:Throw ValueGenerated.OnAdd, 0], [Property: User.Password (string) Required, 1], [Property: User.UserName (string) Required, 2] }
                1 -> 0
                2 -> Dictionary<IProperty, int> { [Property: Journal.Id (int) Required PK AfterSave:Throw ValueGenerated.OnAdd, 3], [Property: Journal.Content (string) Required, 4], [Property: Journal.Images (List<string>) Required Element type: string Required, 5], [Property: Journal.Title (string) Required, 6], [Property: Journal.UserId (int) Required FK Index, 7] }
                3 -> 3
            SELECT u0.Id, u0.Password, u0.UserName, j.Id, j.Content, j.Images, j.Title, j.UserId
            FROM 
            (
                SELECT TOP(1) u.Id, u.Password, u.UserName
                FROM Users AS u
                WHERE u.UserName == @__userName_0
            ) AS u0
            LEFT JOIN Journals AS j ON u0.Id == j.UserId
            ORDER BY u0.Id ASC, 
            False, 
            new HashSet<string>(
                new string[]{ }, 
                StringComparer.Ordinal
            )
        )].GetRelationalCommandTemplate(parameters), 
        readerColumns: null, 
        shaper: (queryContext, dataReader, resultContext, resultCoordinator) => 
        {
            resultContext.Values == null ? 
            {
                User entity;
                entity = 
                {
                    MaterializationContext materializationContext1;
                    IEntityType entityType1;
                    User instance1;
                    InternalEntityEntry entry1;
                    bool hasNullKey1;
                    materializationContext1 = new MaterializationContext(
                        [LIFTABLE Constant: ValueBuffer | Resolver: _ => (object)ValueBuffer.Empty], 
                        queryContext.Context
                    );
                    instance1 = default(User);
                    entry1 = queryContext.TryGetEntry(
                        key: [LIFTABLE Constant: Key: User.Id PK | Resolver: c => c.Dependencies.Model.FindEntityType("JournalApp.Domain.User.User").FindPrimaryKey()], 
                        keyValues: new object[]{ (object)dataReader.GetInt32(0) }, 
                        throwOnNullKey: True, 
                        hasNullKey: hasNullKey1);
                    !(hasNullKey1) ? entry1 != default(InternalEntityEntry) ? 
                    {
                        entityType1 = entry1.EntityType;
                        return instance1 = (User)entry1.Entity;
                    } : 
                    {
                        ISnapshot shadowSnapshot1;
                        shadowSnapshot1 = [LIFTABLE Constant: Snapshot | Resolver: _ => Snapshot.Empty];
                        entityType1 = [LIFTABLE Constant: EntityType: User | Resolver: namelessParameter{0} => namelessParameter{0}.Dependencies.Model.FindEntityType("JournalApp.Domain.User.User")];
                        instance1 = switch (entityType1)
                        {
                            case [LIFTABLE Constant: EntityType: User | Resolver: namelessParameter{1} => namelessParameter{1}.Dependencies.Model.FindEntityType("JournalApp.Domain.User.User")]: 
                                {
                                    return 
                                    {
                                        User instance;
                                        instance = new User();
                                        instance.<Id>k__BackingField = dataReader.GetInt32(0);
                                        instance.<Password>k__BackingField = dataReader.GetString(1);
                                        instance.<UserName>k__BackingField = dataReader.GetString(2);
                                        (instance is IInjectableService) ? ((IInjectableService)instance).Injected(
                                            context: materializationContext1.Context, 
                                            entity: instance, 
                                            queryTrackingBehavior: TrackAll, 
                                            structuralType: [LIFTABLE Constant: EntityType: User | Resolver: namelessParameter{2} => namelessParameter{2}.Dependencies.Model.FindEntityType("JournalApp.Domain.User.User")]) : default(void);
                                        return instance;
                                    }}
                            default: 
                                default(User)
                        }
                        ;
                        entry1 = entityType1 == default(IEntityType) ? default(InternalEntityEntry) : queryContext.StartTracking(
                            entityType: entityType1, 
                            entity: instance1, 
                            snapshot: shadowSnapshot1);
                        return instance1;
                    } : default(void);
                    return instance1;
                };
                resultContext.Values = new object[]{ entity };
                ShaperProcessingExpressionVisitor.InitializeIncludeCollection<User, User>(
                    collectionId: 0, 
                    queryContext: queryContext, 
                    dbDataReader: dataReader, 
                    resultCoordinator: resultCoordinator, 
                    entity: (User)(resultContext.Values[0]), 
                    parentIdentifier: [LIFTABLE Constant: Func<QueryContext, DbDataReader, object[]> | Resolver: _ => (queryContext, dataReader) => new object[]{ (object)(int?)dataReader.GetInt32(0) }], 
                    outerIdentifier: [LIFTABLE Constant: Func<QueryContext, DbDataReader, object[]> | Resolver: _ => (queryContext, dataReader) => new object[]{ (object)(int?)dataReader.GetInt32(0) }], 
                    navigation: [LIFTABLE Constant: Navigation: User.Journals (List<Journal>) Collection ToDependent Journal Inverse: User | Resolver: namelessParameter{3} => namelessParameter{3}.Dependencies.Model.FindEntityType("JournalApp.Domain.User.User").FindNavigation("Journals")], 
                    clrCollectionAccessor: [LIFTABLE Constant: ClrICollectionAccessor<User, List<Journal>, Journal> | Resolver: namelessParameter{4} => namelessParameter{4}.Dependencies.Model.FindEntityType("JournalApp.Domain.User.User").FindNavigation("Journals").GetCollectionAccessor()], 
                    trackingQuery: True, 
                    setLoaded: True);
            } : default(void);
            ShaperProcessingExpressionVisitor.PopulateIncludeCollection<User, Journal>(
                collectionId: 0, 
                queryContext: queryContext, 
                dbDataReader: dataReader, 
                resultCoordinator: resultCoordinator, 
                parentIdentifier: [LIFTABLE Constant: Func<QueryContext, DbDataReader, object[]> | Resolver: _ => (queryContext, dataReader) => new object[]{ (object)(int?)dataReader.GetInt32(0) }], 
                outerIdentifier: [LIFTABLE Constant: Func<QueryContext, DbDataReader, object[]> | Resolver: _ => (queryContext, dataReader) => new object[]{ (object)(int?)dataReader.GetInt32(0) }], 
                selfIdentifier: [LIFTABLE Constant: Func<QueryContext, DbDataReader, object[]> | Resolver: _ => (queryContext, dataReader) => new object[]{ (object)dataReader.IsDBNull(3) ? default(int?) : (int?)dataReader.GetInt32(3) }], 
                parentIdentifierValueComparers: [LIFTABLE Constant: Func<object, object, bool>[] { Func<object, object, bool> } | Resolver: _ => new Func<object, object, bool>[]{ (left, right) => left == null ? right == null : right != null && (int)left == (int)right }], 
                outerIdentifierValueComparers: [LIFTABLE Constant: Func<object, object, bool>[] { Func<object, object, bool> } | Resolver: _ => new Func<object, object, bool>[]{ (left, right) => left == null ? right == null : right != null && (int)left == (int)right }], 
                selfIdentifierValueComparers: [LIFTABLE Constant: Func<object, object, bool>[] { Func<object, object, bool> } | Resolver: _ => new Func<object, object, bool>[]{ (left, right) => left == null ? right == null : right != null && (int)left == (int)right }], 
                innerShaper: (queryContext, dataReader, resultContext, resultCoordinator) => 
                {
                    Journal entity;
                    entity = 
                    {
                        MaterializationContext materializationContext2;
                        IEntityType entityType2;
                        Journal instance2;
                        InternalEntityEntry entry2;
                        bool hasNullKey2;
                        materializationContext2 = new MaterializationContext(
                            [LIFTABLE Constant: ValueBuffer | Resolver: _ => (object)ValueBuffer.Empty], 
                            queryContext.Context
                        );
                        instance2 = default(Journal);
                        entry2 = queryContext.TryGetEntry(
                            key: [LIFTABLE Constant: Key: Journal.Id PK | Resolver: c => c.Dependencies.Model.FindEntityType("JournalApp.Domain.Journal.Journal").FindPrimaryKey()], 
                            keyValues: new object[]{ dataReader.IsDBNull(3) ? default(object) : (object)dataReader.GetInt32(3) }, 
                            throwOnNullKey: False, 
                            hasNullKey: hasNullKey2);
                        !(hasNullKey2) ? entry2 != default(InternalEntityEntry) ? 
                        {
                            entityType2 = entry2.EntityType;
                            return instance2 = (Journal)entry2.Entity;
                        } : 
                        {
                            ISnapshot shadowSnapshot2;
                            shadowSnapshot2 = [LIFTABLE Constant: Snapshot | Resolver: _ => Snapshot.Empty];
                            entityType2 = [LIFTABLE Constant: EntityType: Journal | Resolver: namelessParameter{5} => namelessParameter{5}.Dependencies.Model.FindEntityType("JournalApp.Domain.Journal.Journal")];
                            instance2 = switch (entityType2)
                            {
                                case [LIFTABLE Constant: EntityType: Journal | Resolver: namelessParameter{6} => namelessParameter{6}.Dependencies.Model.FindEntityType("JournalApp.Domain.Journal.Journal")]: 
                                    {
                                        return 
                                        {
                                            Journal instance;
                                            instance = new Journal();
                                            instance.<Id>k__BackingField = dataReader.IsDBNull(3) ? default(int) : dataReader.GetInt32(3);
                                            instance.<Content>k__BackingField = dataReader.IsDBNull(4) ? default(string) : dataReader.GetString(4);
                                            {
                                                List<string> namelessParameter{7};
                                                namelessParameter{7} = instance.<Images>k__BackingField;
                                                namelessParameter{7} == null || dataReader.IsDBNull(5) ? default(List<string>) : (List<string>)Invoke(((CollectionToJsonStringConverter<string>)((IReadOnlyProperty)[LIFTABLE Constant: Property: Journal.Images (List<string>) Required Element type: string Required | Resolver: namelessParameter{8} => namelessParameter{8}.Dependencies.Model.FindEntityType("JournalApp.Domain.Journal.Journal").FindProperty("Images")]).GetTypeMapping().Converter).ConvertFromProviderTyped, dataReader.GetString(5)) == null || namelessParameter{7}.IsReadOnly ? instance.<Images>k__BackingField = dataReader.IsDBNull(5) ? default(List<string>) : (List<string>)Invoke(((CollectionToJsonStringConverter<string>)((IReadOnlyProperty)[LIFTABLE Constant: Property: Journal.Images (List<string>) Required Element type: string Required | Resolver: namelessParameter{9} => namelessParameter{9}.Dependencies.Model.FindEntityType("JournalApp.Domain.Journal.Journal").FindProperty("Images")]).GetTypeMapping().Converter).ConvertFromProviderTyped, dataReader.GetString(5)) : EntityMaterializerSource.PopulateList<string>(
                                                    buffer: dataReader.IsDBNull(5) ? default(List<string>) : (List<string>)Invoke(((CollectionToJsonStringConverter<string>)((IReadOnlyProperty)[LIFTABLE Constant: Property: Journal.Images (List<string>) Required Element type: string Required | Resolver: namelessParameter{10} => namelessParameter{10}.Dependencies.Model.FindEntityType("JournalApp.Domain.Journal.Journal").FindProperty("Images")]).GetTypeMapping().Converter).ConvertFromProviderTyped, dataReader.GetString(5)), 
                                                    target: namelessParameter{7});
                                            }instance.<Title>k__BackingField = dataReader.IsDBNull(6) ? default(string) : dataReader.GetString(6);
                                            instance.<UserId>k__BackingField = dataReader.IsDBNull(7) ? default(int) : dataReader.GetInt32(7);
                                            (instance is IInjectableService) ? ((IInjectableService)instance).Injected(
                                                context: materializationContext2.Context, 
                                                entity: instance, 
                                                queryTrackingBehavior: TrackAll, 
                                                structuralType: [LIFTABLE Constant: EntityType: Journal | Resolver: namelessParameter{11} => namelessParameter{11}.Dependencies.Model.FindEntityType("JournalApp.Domain.Journal.Journal")]) : default(void);
                                            return instance;
                                        }}
                                default: 
                                    default(Journal)
                            }
                            ;
                            entry2 = entityType2 == default(IEntityType) ? default(InternalEntityEntry) : queryContext.StartTracking(
                                entityType: entityType2, 
                                entity: instance2, 
                                snapshot: shadowSnapshot2);
                            return instance2;
                        } : default(void);
                        return instance2;
                    };
                    return entity;
                }, 
                inverseNavigation: [LIFTABLE Constant: Navigation: Journal.User (User) ToPrincipal User Inverse: Journals | Resolver: namelessParameter{12} => namelessParameter{12}.Dependencies.Model.FindEntityType("JournalApp.Domain.Journal.Journal").FindNavigation("User")], 
                fixup: (namelessParameter{13}, namelessParameter{14}) => 
                {
                    [LIFTABLE Constant: ClrICollectionAccessor<User, List<Journal>, Journal> | Resolver: namelessParameter{15} => namelessParameter{15}.Dependencies.Model.FindEntityType("JournalApp.Domain.User.User").FindNavigation("Journals").GetCollectionAccessor()].Add(
                        entity: namelessParameter{13}, 
                        value: namelessParameter{14}, 
                        forMaterialization: True);
                    return namelessParameter{14}.<User>k__BackingField = namelessParameter{13};
                }, 
                trackingQuery: True);
            return IsTrue(resultCoordinator.ResultReady)
             ? (User)(resultContext.Values[0]) : default(User);
        }, 
        contextType: JournalApp.Infrastructure.JournalAppDbContext, 
        standAloneStateManager: False, 
        detailedErrorsEnabled: False, 
        threadSafetyChecksEnabled: True), 
    cancellationToken: queryContext.CancellationToken)'
2026-09-27 17:45:46.553 +03:00 [DBG] Creating DbConnection.
2026-09-27 17:45:46.557 +03:00 [DBG] Created DbConnection. (3ms).
2026-09-27 17:45:46.560 +03:00 [DBG] Opening connection to database 'main' on server '/Users/sgrancharov/dev/dotnet/JournalApp/JournalApp/JournalApp.Infrastructure/JournalApp.db'.
2026-09-27 17:45:46.565 +03:00 [DBG] Opened connection to database 'main' on server '/Users/sgrancharov/dev/dotnet/JournalApp/JournalApp/JournalApp.Infrastructure/JournalApp.db'.
2026-09-27 17:45:46.566 +03:00 [DBG] Creating DbCommand for 'ExecuteReader'.
2026-09-27 17:45:46.568 +03:00 [DBG] Created DbCommand for 'ExecuteReader' (0ms).
2026-09-27 17:45:46.569 +03:00 [DBG] Initialized DbCommand for 'ExecuteReader' (3ms).
2026-09-27 17:45:46.573 +03:00 [DBG] Executing DbCommand [Parameters=[@__userName_0='?' (Size = 7)], CommandType='"Text"', CommandTimeout='30']
SELECT "u0"."Id", "u0"."Password", "u0"."UserName", "j"."Id", "j"."Content", "j"."Images", "j"."Title", "j"."UserId"
FROM (
    SELECT "u"."Id", "u"."Password", "u"."UserName"
    FROM "Users" AS "u"
    WHERE "u"."UserName" = @__userName_0
    LIMIT 1
) AS "u0"
LEFT JOIN "Journals" AS "j" ON "u0"."Id" = "j"."UserId"
ORDER BY "u0"."Id"
2026-09-27 17:45:46.584 +03:00 [INF] Executed DbCommand (9ms) [Parameters=[@__userName_0='?' (Size = 7)], CommandType='"Text"', CommandTimeout='30']
SELECT "u0"."Id", "u0"."Password", "u0"."UserName", "j"."Id", "j"."Content", "j"."Images", "j"."Title", "j"."UserId"
FROM (
    SELECT "u"."Id", "u"."Password", "u"."UserName"
    FROM "Users" AS "u"
    WHERE "u"."UserName" = @__userName_0
    LIMIT 1
) AS "u0"
LEFT JOIN "Journals" AS "j" ON "u0"."Id" = "j"."UserId"
ORDER BY "u0"."Id"
2026-09-27 17:45:46.597 +03:00 [DBG] Context 'JournalAppDbContext' started tracking 'User' entity. Consider using 'DbContextOptionsBuilder.EnableSensitiveDataLogging' to see key values.
2026-09-27 17:45:46.607 +03:00 [DBG] Closing data reader to 'main' on server '/Users/sgrancharov/dev/dotnet/JournalApp/JournalApp/JournalApp.Infrastructure/JournalApp.db'.
2026-09-27 17:45:46.609 +03:00 [DBG] A data reader for 'main' on server '/Users/sgrancharov/dev/dotnet/JournalApp/JournalApp/JournalApp.Infrastructure/JournalApp.db' is being disposed after spending 22ms reading results.
2026-09-27 17:45:46.610 +03:00 [DBG] Closing connection to database 'main' on server '/Users/sgrancharov/dev/dotnet/JournalApp/JournalApp/JournalApp.Infrastructure/JournalApp.db'.
2026-09-27 17:45:46.612 +03:00 [DBG] Closed connection to database 'main' on server '/Users/sgrancharov/dev/dotnet/JournalApp/JournalApp/JournalApp.Infrastructure/JournalApp.db' (1ms).
2026-09-27 17:45:53.088 +03:00 [DBG] 'JournalAppDbContext' generated a temporary value for the property 'Journal.Id'. Consider using 'DbContextOptionsBuilder.EnableSensitiveDataLogging' to see key values.
2026-09-27 17:45:53.100 +03:00 [DBG] The navigation 'Journal.User' was detected as changed. Consider using 'DbContextOptionsBuilder.EnableSensitiveDataLogging' to see key values.
2026-09-27 17:45:53.103 +03:00 [DBG] Context 'JournalAppDbContext' started tracking 'Journal' entity. Consider using 'DbContextOptionsBuilder.EnableSensitiveDataLogging' to see key values.
2026-09-27 17:45:53.105 +03:00 [DBG] SaveChanges starting for 'JournalAppDbContext'.
2026-09-27 17:45:53.106 +03:00 [DBG] DetectChanges starting for 'JournalAppDbContext'.
2026-09-27 17:45:53.111 +03:00 [DBG] DetectChanges completed for 'JournalAppDbContext'.
2026-09-27 17:45:53.139 +03:00 [DBG] Opening connection to database 'main' on server '/Users/sgrancharov/dev/dotnet/JournalApp/JournalApp/JournalApp.Infrastructure/JournalApp.db'.
2026-09-27 17:45:53.139 +03:00 [DBG] Opened connection to database 'main' on server '/Users/sgrancharov/dev/dotnet/JournalApp/JournalApp/JournalApp.Infrastructure/JournalApp.db'.
2026-09-27 17:45:53.140 +03:00 [DBG] Creating DbCommand for 'ExecuteReader'.
2026-09-27 17:45:53.140 +03:00 [DBG] Created DbCommand for 'ExecuteReader' (0ms).
2026-09-27 17:45:53.143 +03:00 [DBG] Initialized DbCommand for 'ExecuteReader' (2ms).
2026-09-27 17:45:53.143 +03:00 [DBG] Executing DbCommand [Parameters=[@p0='?' (Size = 1), @p1='?' (Size = 2), @p2='?' (Size = 4), @p3='?' (DbType = Int32)], CommandType='"Text"', CommandTimeout='30']
INSERT INTO "Journals" ("Content", "Images", "Title", "UserId")
VALUES (@p0, @p1, @p2, @p3)
RETURNING "Id";
2026-09-27 17:45:53.144 +03:00 [INF] Executed DbCommand (1ms) [Parameters=[@p0='?' (Size = 1), @p1='?' (Size = 2), @p2='?' (Size = 4), @p3='?' (DbType = Int32)], CommandType='"Text"', CommandTimeout='30']
INSERT INTO "Journals" ("Content", "Images", "Title", "UserId")
VALUES (@p0, @p1, @p2, @p3)
RETURNING "Id";
2026-09-27 17:45:53.148 +03:00 [DBG] The foreign key property 'Journal.Id' was detected as changed. Consider using 'DbContextOptionsBuilder.EnableSensitiveDataLogging' to see property values.
2026-09-27 17:45:53.151 +03:00 [DBG] Closing data reader to 'main' on server '/Users/sgrancharov/dev/dotnet/JournalApp/JournalApp/JournalApp.Infrastructure/JournalApp.db'.
2026-09-27 17:45:53.151 +03:00 [DBG] A data reader for 'main' on server '/Users/sgrancharov/dev/dotnet/JournalApp/JournalApp/JournalApp.Infrastructure/JournalApp.db' is being disposed after spending 6ms reading results.
2026-09-27 17:45:53.151 +03:00 [DBG] Closing connection to database 'main' on server '/Users/sgrancharov/dev/dotnet/JournalApp/JournalApp/JournalApp.Infrastructure/JournalApp.db'.
2026-09-27 17:45:53.151 +03:00 [DBG] Closed connection to database 'main' on server '/Users/sgrancharov/dev/dotnet/JournalApp/JournalApp/JournalApp.Infrastructure/JournalApp.db' (0ms).
2026-09-27 17:45:53.155 +03:00 [DBG] An entity of type 'Journal' tracked by 'JournalAppDbContext' changed state from '"Added"' to '"Unchanged"'. Consider using 'DbContextOptionsBuilder.EnableSensitiveDataLogging' to see key values.
2026-09-27 17:45:53.155 +03:00 [DBG] SaveChanges completed for 'JournalAppDbContext' with 1 entities written to the database.
2026-09-27 17:45:59.146 +03:00 [DBG] Compiling query expression: 
'DbSet<Journal>()
    .FirstOrDefault(item => item.Id == __id_0)'
2026-09-27 17:45:59.153 +03:00 [DBG] Generated query execution expression: 
'queryContext => SingleQueryingEnumerable.Create<Journal>(
    relationalQueryContext: (RelationalQueryContext)queryContext, 
    relationalCommandResolver: parameters => [LIFTABLE Constant: RelationalCommandCache.QueryExpression(
        Projection Mapping:
            EmptyProjectionMember -> Dictionary<IProperty, int> { [Property: Journal.Id (int) Required PK AfterSave:Throw ValueGenerated.OnAdd, 0], [Property: Journal.Content (string) Required, 1], [Property: Journal.Images (List<string>) Required Element type: string Required, 2], [Property: Journal.Title (string) Required, 3], [Property: Journal.UserId (int) Required FK Index, 4] }
        SELECT TOP(1) j.Id, j.Content, j.Images, j.Title, j.UserId
        FROM Journals AS j
        WHERE j.Id == @__id_0) | Resolver: c => new RelationalCommandCache(
        c.Dependencies.MemoryCache, 
        c.RelationalDependencies.QuerySqlGeneratorFactory, 
        c.RelationalDependencies.RelationalParameterBasedSqlProcessorFactory, 
        Projection Mapping:
            EmptyProjectionMember -> Dictionary<IProperty, int> { [Property: Journal.Id (int) Required PK AfterSave:Throw ValueGenerated.OnAdd, 0], [Property: Journal.Content (string) Required, 1], [Property: Journal.Images (List<string>) Required Element type: string Required, 2], [Property: Journal.Title (string) Required, 3], [Property: Journal.UserId (int) Required FK Index, 4] }
        SELECT TOP(1) j.Id, j.Content, j.Images, j.Title, j.UserId
        FROM Journals AS j
        WHERE j.Id == @__id_0, 
        False, 
        new HashSet<string>(
            new string[]{ }, 
            StringComparer.Ordinal
        )
    )].GetRelationalCommandTemplate(parameters), 
    readerColumns: null, 
    shaper: (queryContext, dataReader, resultContext, resultCoordinator) => 
    {
        Journal entity;
        entity = 
        {
            MaterializationContext materializationContext1;
            IEntityType entityType1;
            Journal instance1;
            InternalEntityEntry entry1;
            bool hasNullKey1;
            materializationContext1 = new MaterializationContext(
                [LIFTABLE Constant: ValueBuffer | Resolver: _ => (object)ValueBuffer.Empty], 
                queryContext.Context
            );
            instance1 = default(Journal);
            entry1 = queryContext.TryGetEntry(
                key: [LIFTABLE Constant: Key: Journal.Id PK | Resolver: c => c.Dependencies.Model.FindEntityType("JournalApp.Domain.Journal.Journal").FindPrimaryKey()], 
                keyValues: new object[]{ (object)dataReader.GetInt32(0) }, 
                throwOnNullKey: True, 
                hasNullKey: hasNullKey1);
            !(hasNullKey1) ? entry1 != default(InternalEntityEntry) ? 
            {
                entityType1 = entry1.EntityType;
                return instance1 = (Journal)entry1.Entity;
            } : 
            {
                ISnapshot shadowSnapshot1;
                shadowSnapshot1 = [LIFTABLE Constant: Snapshot | Resolver: _ => Snapshot.Empty];
                entityType1 = [LIFTABLE Constant: EntityType: Journal | Resolver: namelessParameter{0} => namelessParameter{0}.Dependencies.Model.FindEntityType("JournalApp.Domain.Journal.Journal")];
                instance1 = switch (entityType1)
                {
                    case [LIFTABLE Constant: EntityType: Journal | Resolver: namelessParameter{1} => namelessParameter{1}.Dependencies.Model.FindEntityType("JournalApp.Domain.Journal.Journal")]: 
                        {
                            return 
                            {
                                Journal instance;
                                instance = new Journal();
                                instance.<Id>k__BackingField = dataReader.GetInt32(0);
                                instance.<Content>k__BackingField = dataReader.GetString(1);
                                {
                                    List<string> namelessParameter{2};
                                    namelessParameter{2} = instance.<Images>k__BackingField;
                                    namelessParameter{2} == null || (List<string>)Invoke(((CollectionToJsonStringConverter<string>)((IReadOnlyProperty)[LIFTABLE Constant: Property: Journal.Images (List<string>) Required Element type: string Required | Resolver: namelessParameter{3} => namelessParameter{3}.Dependencies.Model.FindEntityType("JournalApp.Domain.Journal.Journal").FindProperty("Images")]).GetTypeMapping().Converter).ConvertFromProviderTyped, dataReader.GetString(2)) == null || namelessParameter{2}.IsReadOnly ? instance.<Images>k__BackingField = (List<string>)Invoke(((CollectionToJsonStringConverter<string>)((IReadOnlyProperty)[LIFTABLE Constant: Property: Journal.Images (List<string>) Required Element type: string Required | Resolver: namelessParameter{4} => namelessParameter{4}.Dependencies.Model.FindEntityType("JournalApp.Domain.Journal.Journal").FindProperty("Images")]).GetTypeMapping().Converter).ConvertFromProviderTyped, dataReader.GetString(2)) : EntityMaterializerSource.PopulateList<string>(
                                        buffer: (List<string>)Invoke(((CollectionToJsonStringConverter<string>)((IReadOnlyProperty)[LIFTABLE Constant: Property: Journal.Images (List<string>) Required Element type: string Required | Resolver: namelessParameter{5} => namelessParameter{5}.Dependencies.Model.FindEntityType("JournalApp.Domain.Journal.Journal").FindProperty("Images")]).GetTypeMapping().Converter).ConvertFromProviderTyped, dataReader.GetString(2)), 
                                        target: namelessParameter{2});
                                }instance.<Title>k__BackingField = dataReader.GetString(3);
                                instance.<UserId>k__BackingField = dataReader.GetInt32(4);
                                (instance is IInjectableService) ? ((IInjectableService)instance).Injected(
                                    context: materializationContext1.Context, 
                                    entity: instance, 
                                    queryTrackingBehavior: TrackAll, 
                                    structuralType: [LIFTABLE Constant: EntityType: Journal | Resolver: namelessParameter{6} => namelessParameter{6}.Dependencies.Model.FindEntityType("JournalApp.Domain.Journal.Journal")]) : default(void);
                                return instance;
                            }}
                    default: 
                        default(Journal)
                }
                ;
                entry1 = entityType1 == default(IEntityType) ? default(InternalEntityEntry) : queryContext.StartTracking(
                    entityType: entityType1, 
                    entity: instance1, 
                    snapshot: shadowSnapshot1);
                return instance1;
            } : default(void);
            return instance1;
        };
        return entity;
    }, 
    contextType: JournalApp.Infrastructure.JournalAppDbContext, 
    standAloneStateManager: False, 
    detailedErrorsEnabled: False, 
    threadSafetyChecksEnabled: True)
    .SingleOrDefault()'
2026-09-27 17:45:59.159 +03:00 [DBG] Opening connection to database 'main' on server '/Users/sgrancharov/dev/dotnet/JournalApp/JournalApp/JournalApp.Infrastructure/JournalApp.db'.
2026-09-27 17:45:59.159 +03:00 [DBG] Opened connection to database 'main' on server '/Users/sgrancharov/dev/dotnet/JournalApp/JournalApp/JournalApp.Infrastructure/JournalApp.db'.
2026-09-27 17:45:59.159 +03:00 [DBG] Creating DbCommand for 'ExecuteReader'.
2026-09-27 17:45:59.159 +03:00 [DBG] Created DbCommand for 'ExecuteReader' (0ms).
2026-09-27 17:45:59.159 +03:00 [DBG] Initialized DbCommand for 'ExecuteReader' (0ms).
2026-09-27 17:45:59.160 +03:00 [DBG] Executing DbCommand [Parameters=[@__id_0='?' (DbType = Int32)], CommandType='"Text"', CommandTimeout='30']
SELECT "j"."Id", "j"."Content", "j"."Images", "j"."Title", "j"."UserId"
FROM "Journals" AS "j"
WHERE "j"."Id" = @__id_0
LIMIT 1
2026-09-27 17:45:59.160 +03:00 [INF] Executed DbCommand (1ms) [Parameters=[@__id_0='?' (DbType = Int32)], CommandType='"Text"', CommandTimeout='30']
SELECT "j"."Id", "j"."Content", "j"."Images", "j"."Title", "j"."UserId"
FROM "Journals" AS "j"
WHERE "j"."Id" = @__id_0
LIMIT 1
2026-09-27 17:45:59.161 +03:00 [DBG] Closing data reader to 'main' on server '/Users/sgrancharov/dev/dotnet/JournalApp/JournalApp/JournalApp.Infrastructure/JournalApp.db'.
2026-09-27 17:45:59.161 +03:00 [DBG] A data reader for 'main' on server '/Users/sgrancharov/dev/dotnet/JournalApp/JournalApp/JournalApp.Infrastructure/JournalApp.db' is being disposed after spending 0ms reading results.
2026-09-27 17:45:59.162 +03:00 [DBG] Closing connection to database 'main' on server '/Users/sgrancharov/dev/dotnet/JournalApp/JournalApp/JournalApp.Infrastructure/JournalApp.db'.
2026-09-27 17:45:59.162 +03:00 [DBG] Closed connection to database 'main' on server '/Users/sgrancharov/dev/dotnet/JournalApp/JournalApp/JournalApp.Infrastructure/JournalApp.db' (0ms).
2026-09-27 17:45:59.163 +03:00 [DBG] An entity of type 'Journal' tracked by 'JournalAppDbContext' changed state from '"Unchanged"' to '"Modified"'. Consider using 'DbContextOptionsBuilder.EnableSensitiveDataLogging' to see key values.
2026-09-27 17:45:59.163 +03:00 [DBG] SaveChanges starting for 'JournalAppDbContext'.
2026-09-27 17:45:59.163 +03:00 [DBG] DetectChanges starting for 'JournalAppDbContext'.
2026-09-27 17:45:59.163 +03:00 [DBG] DetectChanges completed for 'JournalAppDbContext'.
2026-09-27 17:45:59.166 +03:00 [DBG] Opening connection to database 'main' on server '/Users/sgrancharov/dev/dotnet/JournalApp/JournalApp/JournalApp.Infrastructure/JournalApp.db'.
2026-09-27 17:45:59.166 +03:00 [DBG] Opened connection to database 'main' on server '/Users/sgrancharov/dev/dotnet/JournalApp/JournalApp/JournalApp.Infrastructure/JournalApp.db'.
2026-09-27 17:45:59.166 +03:00 [DBG] Creating DbCommand for 'ExecuteReader'.
2026-09-27 17:45:59.166 +03:00 [DBG] Created DbCommand for 'ExecuteReader' (0ms).
2026-09-27 17:45:59.166 +03:00 [DBG] Initialized DbCommand for 'ExecuteReader' (0ms).
2026-09-27 17:45:59.166 +03:00 [DBG] Executing DbCommand [Parameters=[@p4='?' (DbType = Int32), @p0='?' (Size = 1), @p1='?' (Size = 2), @p2='?' (Size = 6), @p3='?' (DbType = Int32)], CommandType='"Text"', CommandTimeout='30']
UPDATE "Journals" SET "Content" = @p0, "Images" = @p1, "Title" = @p2, "UserId" = @p3
WHERE "Id" = @p4
RETURNING 1;
2026-09-27 17:45:59.166 +03:00 [INF] Executed DbCommand (0ms) [Parameters=[@p4='?' (DbType = Int32), @p0='?' (Size = 1), @p1='?' (Size = 2), @p2='?' (Size = 6), @p3='?' (DbType = Int32)], CommandType='"Text"', CommandTimeout='30']
UPDATE "Journals" SET "Content" = @p0, "Images" = @p1, "Title" = @p2, "UserId" = @p3
WHERE "Id" = @p4
RETURNING 1;
2026-09-27 17:45:59.168 +03:00 [DBG] Closing data reader to 'main' on server '/Users/sgrancharov/dev/dotnet/JournalApp/JournalApp/JournalApp.Infrastructure/JournalApp.db'.
2026-09-27 17:45:59.168 +03:00 [DBG] A data reader for 'main' on server '/Users/sgrancharov/dev/dotnet/JournalApp/JournalApp/JournalApp.Infrastructure/JournalApp.db' is being disposed after spending 1ms reading results.
2026-09-27 17:45:59.168 +03:00 [DBG] Closing connection to database 'main' on server '/Users/sgrancharov/dev/dotnet/JournalApp/JournalApp/JournalApp.Infrastructure/JournalApp.db'.
2026-09-27 17:45:59.168 +03:00 [DBG] Closed connection to database 'main' on server '/Users/sgrancharov/dev/dotnet/JournalApp/JournalApp/JournalApp.Infrastructure/JournalApp.db' (0ms).
2026-09-27 17:45:59.168 +03:00 [DBG] An entity of type 'Journal' tracked by 'JournalAppDbContext' changed state from '"Modified"' to '"Unchanged"'. Consider using 'DbContextOptionsBuilder.EnableSensitiveDataLogging' to see key values.
2026-09-27 17:45:59.169 +03:00 [DBG] SaveChanges completed for 'JournalAppDbContext' with 1 entities written to the database.
